Project;Method;ReleaseID;LOC;CyclomaticComplexity;CognitiveComplexity;'Number of Smells';ParameterCount;NestingDepth;StatementCount;LocalVariableCount;ReturnTypeComplexity;MethodHistories;StmtAdded;StmtDeleted;Churn;DistinctAuthors;Bugginess
Bookkeeper;/home/denni/isw2/bookkeeper/bookkeeper-server/src/main/java/org/apache/bookkeeper/tools/BookKeeperTools.java/main;4.0.0;35;5;5;0;1;2;10;6;1;3;7;3;10;2;Yes
Bookkeeper;/home/denni/isw2/bookkeeper/bookkeeper-server/src/main/java/org/apache/bookkeeper/bookie/FileInfo.java/readAbsolute;4.0.0;9;3;3;0;2;2;3;2;1;3;13;0;13;1;Yes
Bookkeeper;/home/denni/isw2/bookkeeper/bookkeeper-server/src/main/java/org/apache/bookkeeper/bookie/Bookie.java/run;4.0.0;40;11;13;0;0;4;1;5;1;15;158;57;215;5;Yes
Bookkeeper;/home/denni/isw2/bookkeeper/bookkeeper-server/src/main/java/org/apache/bookkeeper/bookie/Bookie.java/accept;4.0.0;6;2;1;0;1;1;1;0;1;7;19;2;21;4;Yes
Bookkeeper;/home/denni/isw2/bookkeeper/bookkeeper-server/src/main/java/org/apache/bookkeeper/bookie/Bookie.java/accept;4.0.0;5;2;1;0;1;1;2;0;1;8;42;6;48;4;Yes
Bookkeeper;/home/denni/isw2/bookkeeper/bookkeeper-server/src/main/java/org/apache/bookkeeper/bookie/Bookie.java/registerBookie;4.0.0;11;3;3;0;1;2;2;0;1;8;46;1;47;2;Yes
Bookkeeper;/home/denni/isw2/bookkeeper/bookkeeper-server/src/main/java/org/apache/bookkeeper/bookie/Bookie.java/newZookeeper;4.0.0;39;6;7;0;2;3;3;1;1;5;40;0;40;2;Yes
Bookkeeper;/home/denni/isw2/bookkeeper/bookkeeper-server/src/main/java/org/apache/bookkeeper/bookie/Bookie.java/process;4.0.0;14;6;7;0;1;3;2;0;1;3;26;0;26;2;Yes
Bookkeeper;/home/denni/isw2/bookkeeper/bookkeeper-server/src/main/java/org/apache/bookkeeper/bookie/Bookie.java/getHandle;4.0.0;22;5;7;0;3;4;3;4;1;10;25;12;37;3;Yes
Bookkeeper;/home/denni/isw2/bookkeeper/bookkeeper-server/src/main/java/org/apache/bookkeeper/bookie/Bookie.java/getHandle;4.0.0;19;4;5;0;2;3;3;3;1;7;36;2;38;3;Yes
Bookkeeper;/home/denni/isw2/bookkeeper/bookkeeper-server/src/main/java/org/apache/bookkeeper/bookie/Bookie.java/createHandle;4.0.0;2;1;0;0;2;0;1;0;1;1;2;0;2;1;Yes
Bookkeeper;/home/denni/isw2/bookkeeper/bookkeeper-server/src/main/java/org/apache/bookkeeper/bookie/Bookie.java/rollLog;4.0.0;16;4;5;0;0;3;6;5;1;5;32;8;40;3;Yes
Bookkeeper;/home/denni/isw2/bookkeeper/bookkeeper-server/src/main/java/org/apache/bookkeeper/bookie/Bookie.java/readLog;4.0.0;23;5;7;0;0;4;3;7;1;3;14;16;30;2;Yes
Bookkeeper;/home/denni/isw2/bookkeeper/bookkeeper-server/src/main/java/org/apache/bookkeeper/bookie/Bookie.java/run;4.0.0;68;12;16;0;0;6;3;9;1;9;127;18;145;3;Yes
Bookkeeper;/home/denni/isw2/bookkeeper/bookkeeper-server/src/main/java/org/apache/bookkeeper/bookie/Bookie.java/main;4.0.0;20;2;1;0;1;1;7;6;1;3;5;0;5;1;Yes
Bookkeeper;/home/denni/isw2/bookkeeper/bookkeeper-server/src/main/java/org/apache/bookkeeper/bookie/BufferedChannel.java/write;4.0.0;22;5;5;0;1;2;5;2;1;1;3;3;6;1;Yes
Bookkeeper;/home/denni/isw2/bookkeeper/bookkeeper-server/src/main/java/org/apache/bookkeeper/bookie/BufferedChannel.java/read;4.0.0;46;13;17;0;2;6;4;7;1;2;5;2;7;2;Yes
Bookkeeper;/home/denni/isw2/bookkeeper/bookkeeper-server/src/main/java/org/apache/bookkeeper/bookie/LedgerCache.java/putIntoTable;4.0.0;6;2;1;0;2;1;3;1;1;1;3;0;3;1;Yes
Bookkeeper;/home/denni/isw2/bookkeeper/bookkeeper-server/src/main/java/org/apache/bookkeeper/bookie/LedgerCache.java/getFromTable;4.0.0;5;2;1;0;3;1;3;1;1;2;5;1;6;2;Yes
Bookkeeper;/home/denni/isw2/bookkeeper/bookkeeper-server/src/main/java/org/apache/bookkeeper/bookie/LedgerCache.java/checkParents;4.0.0;6;3;2;0;1;1;3;1;1;1;1;1;2;1;Yes
Bookkeeper;/home/denni/isw2/bookkeeper/bookkeeper-server/src/main/java/org/apache/bookkeeper/bookie/LedgerCache.java/pickDirs;4.0.0;2;1;0;0;1;0;1;0;1;0;0;0;0;0;No
Bookkeeper;/home/denni/isw2/bookkeeper/bookkeeper-server/src/main/java/org/apache/bookkeeper/bookie/LedgerCache.java/getFileInfo;4.0.0;28;9;10;0;2;3;1;5;1;4;4;5;9;1;Yes
Bookkeeper;/home/denni/isw2/bookkeeper/bookkeeper-server/src/main/java/org/apache/bookkeeper/bookie/LedgerCache.java/flushLedger;4.0.0;68;21;24;0;1;5;1;18;1;4;60;75;135;2;Yes
Bookkeeper;/home/denni/isw2/bookkeeper/bookkeeper-server/src/main/java/org/apache/bookkeeper/bookie/LedgerCache.java/writeBuffers;4.0.0;18;8;8;0;5;2;7;4;1;3;32;3;35;2;Yes
Bookkeeper;/home/denni/isw2/bookkeeper/bookkeeper-server/src/main/java/org/apache/bookkeeper/bookie/LedgerCache.java/grabCleanPage;4.0.0;38;10;11;0;2;3;3;6;1;4;9;1;10;2;Yes
Bookkeeper;/home/denni/isw2/bookkeeper/bookkeeper-server/src/main/java/org/apache/bookkeeper/bookie/LedgerCache.java/getActiveLedgers;4.0.0;17;8;13;0;0;7;1;5;1;2;2;3;5;2;Yes
Bookkeeper;/home/denni/isw2/bookkeeper/bookkeeper-server/src/main/java/org/apache/bookkeeper/bookie/EntryLogger.java/doGcLedgers;4.0.0;12;2;2;0;0;2;1;0;1;5;30;9;39;3;Yes
Bookkeeper;/home/denni/isw2/bookkeeper/bookkeeper-server/src/main/java/org/apache/bookkeeper/bookie/EntryLogger.java/gc;4.0.0;6;2;2;0;1;2;1;0;1;4;16;5;21;2;Yes
Bookkeeper;/home/denni/isw2/bookkeeper/bookkeeper-server/src/main/java/org/apache/bookkeeper/bookie/EntryLogger.java/doGcEntryLogs;4.0.0;25;8;11;0;0;5;1;5;1;8;78;91;169;2;Yes
Bookkeeper;/home/denni/isw2/bookkeeper/bookkeeper-server/src/main/java/org/apache/bookkeeper/bookie/EntryLogger.java/readEntry;4.0.0;32;7;7;0;3;2;21;11;2;6;19;6;25;3;Yes
Bookkeeper;/home/denni/isw2/bookkeeper/bookkeeper-server/src/main/java/org/apache/bookkeeper/bookie/EntryLogger.java/findFile;4.0.0;6;3;3;0;1;2;2;2;1;3;11;2;13;3;Yes
Bookkeeper;/home/denni/isw2/bookkeeper/bookkeeper-server/src/main/java/org/apache/bookkeeper/bookie/EntryLogger.java/extractLedgersFromEntryLogs;4.0.0;43;10;12;0;0;4;3;10;1;9;104;87;191;3;Yes
Bookkeeper;/home/denni/isw2/bookkeeper/bookkeeper-server/src/main/java/org/apache/bookkeeper/bookie/LedgerDescriptor.java/readEntry;4.0.0;32;9;13;0;1;6;5;8;1;5;9;13;22;2;Yes
Bookkeeper;/home/denni/isw2/bookkeeper/bookkeeper-server/src/main/java/org/apache/bookkeeper/conf/ServerConfiguration.java/setLedgerDirNames;4.0.0;12;2;1;0;1;1;3;0;1;2;2;2;4;2;Yes
Bookkeeper;/home/denni/isw2/bookkeeper/bookkeeper-server/src/main/java/org/apache/bookkeeper/meta/AbstractZkLedgerManager.java/asyncGetLedgersInSingleNode;4.0.0;20;3;2;0;2;1;1;0;1;2;26;0;26;2;Yes
Bookkeeper;/home/denni/isw2/bookkeeper/bookkeeper-server/src/main/java/org/apache/bookkeeper/meta/AbstractZkLedgerManager.java/processResult;4.0.0;9;3;2;0;3;1;3;0;1;2;19;0;19;2;Yes
Bookkeeper;/home/denni/isw2/bookkeeper/bookkeeper-server/src/main/java/org/apache/bookkeeper/meta/AbstractZkLedgerManager.java/doAsyncGetLedgersInSingleNode;4.0.0;21;6;7;0;2;3;1;2;1;2;53;0;53;2;Yes
Bookkeeper;/home/denni/isw2/bookkeeper/bookkeeper-server/src/main/java/org/apache/bookkeeper/meta/AbstractZkLedgerManager.java/processResult;4.0.0;18;6;7;0;4;3;5;2;1;2;45;0;45;2;Yes
Bookkeeper;/home/denni/isw2/bookkeeper/bookkeeper-server/src/main/java/org/apache/bookkeeper/meta/AbstractZkLedgerManager.java/getLedgersInSingleNode;4.0.0;26;4;3;0;1;1;5;1;2;4;32;5;37;2;Yes
Bookkeeper;/home/denni/isw2/bookkeeper/bookkeeper-server/src/main/java/org/apache/bookkeeper/meta/AbstractZkLedgerManager.java/operationComplete;4.0.0;7;2;1;0;2;1;1;0;1;2;10;2;12;1;Yes
Bookkeeper;/home/denni/isw2/bookkeeper/bookkeeper-server/src/main/java/org/apache/bookkeeper/meta/AbstractZkLedgerManager.java/asyncProcessLedgersInSingleNode;4.0.0;42;5;4;0;6;1;1;2;1;2;4;3;7;1;Yes
Bookkeeper;/home/denni/isw2/bookkeeper/bookkeeper-server/src/main/java/org/apache/bookkeeper/meta/AbstractZkLedgerManager.java/operationComplete;4.0.0;13;5;4;0;2;1;5;2;1;2;3;3;6;1;Yes
Bookkeeper;/home/denni/isw2/bookkeeper/bookkeeper-server/src/main/java/org/apache/bookkeeper/meta/AbstractZkLedgerManager.java/isSpecialZnode;4.0.0;11;2;1;0;1;1;2;0;1;1;2;1;3;1;Yes
Bookkeeper;/home/denni/isw2/bookkeeper/bookkeeper-server/src/main/java/org/apache/bookkeeper/meta/FlatLedgerManager.java/garbageCollectLedgers;4.0.0;13;4;4;0;1;2;1;2;1;1;3;2;5;1;Yes
Bookkeeper;/home/denni/isw2/bookkeeper/bookkeeper-server/src/main/java/org/apache/bookkeeper/meta/FlatLedgerManager.java/doGc;4.0.0;15;3;3;0;3;2;1;1;1;0;0;0;0;0;Yes
Bookkeeper;/home/denni/isw2/bookkeeper/bookkeeper-server/src/main/java/org/apache/bookkeeper/meta/LedgerLayout.java/parseLayout;4.0.0;30;6;6;0;1;2;4;6;1;4;17;9;26;3;Yes
Bookkeeper;/home/denni/isw2/bookkeeper/bookkeeper-server/src/main/java/org/apache/bookkeeper/meta/LedgerManagerFactory.java/newLedgerManager;4.0.0;39;11;13;0;2;4;7;4;1;4;59;10;69;2;Yes
Bookkeeper;/home/denni/isw2/bookkeeper/bookkeeper-server/src/main/java/org/apache/bookkeeper/meta/HierarchicalLedgerManager.java/close;4.0.0;7;2;2;0;0;2;2;0;1;0;0;0;0;0;Yes
Bookkeeper;/home/denni/isw2/bookkeeper/bookkeeper-server/src/main/java/org/apache/bookkeeper/meta/HierarchicalLedgerManager.java/newLedgerPath;4.0.0;43;6;6;0;1;2;1;3;1;4;15;9;24;2;Yes
Bookkeeper;/home/denni/isw2/bookkeeper/bookkeeper-server/src/main/java/org/apache/bookkeeper/meta/HierarchicalLedgerManager.java/processResult;4.0.0;39;6;6;0;4;2;7;3;1;4;13;8;21;2;Yes
Bookkeeper;/home/denni/isw2/bookkeeper/bookkeeper-server/src/main/java/org/apache/bookkeeper/meta/HierarchicalLedgerManager.java/processResult;4.0.0;6;2;1;0;4;1;1;0;1;2;2;0;2;1;Yes
Bookkeeper;/home/denni/isw2/bookkeeper/bookkeeper-server/src/main/java/org/apache/bookkeeper/meta/HierarchicalLedgerManager.java/run;4.0.0;11;3;3;0;0;2;1;0;1;1;2;0;2;1;Yes
Bookkeeper;/home/denni/isw2/bookkeeper/bookkeeper-server/src/main/java/org/apache/bookkeeper/meta/HierarchicalLedgerManager.java/processResult;4.0.0;7;3;3;0;3;2;1;0;1;1;2;0;2;1;Yes
Bookkeeper;/home/denni/isw2/bookkeeper/bookkeeper-server/src/main/java/org/apache/bookkeeper/meta/HierarchicalLedgerManager.java/getLedgerIdFromGenPath;4.0.0;8;2;2;0;1;2;3;2;1;1;5;4;9;1;Yes
Bookkeeper;/home/denni/isw2/bookkeeper/bookkeeper-server/src/main/java/org/apache/bookkeeper/meta/HierarchicalLedgerManager.java/asyncProcessLevelNodes;4.0.0;22;3;2;0;6;1;1;1;1;2;4;0;4;1;Yes
Bookkeeper;/home/denni/isw2/bookkeeper/bookkeeper-server/src/main/java/org/apache/bookkeeper/meta/HierarchicalLedgerManager.java/processResult;4.0.0;16;3;2;0;3;1;2;1;1;2;4;0;4;1;Yes
Bookkeeper;/home/denni/isw2/bookkeeper/bookkeeper-server/src/main/java/org/apache/bookkeeper/meta/HierarchicalLedgerManager.java/processResult;4.0.0;8;2;1;0;4;1;3;1;1;2;2;0;2;1;Yes
Bookkeeper;/home/denni/isw2/bookkeeper/bookkeeper-server/src/main/java/org/apache/bookkeeper/meta/HierarchicalLedgerManager.java/garbageCollectLedgers;4.0.0;15;6;8;0;1;4;1;4;1;3;17;2;19;1;Yes
Bookkeeper;/home/denni/isw2/bookkeeper/bookkeeper-server/src/main/java/org/apache/bookkeeper/meta/HierarchicalLedgerManager.java/doGcByLevel;4.0.0;24;2;1;0;3;1;9;6;1;3;28;3;31;1;Yes
Bookkeeper;/home/denni/isw2/bookkeeper/bookkeeper-server/src/main/java/org/apache/bookkeeper/meta/HierarchicalLedgerManager.java/doGc;4.0.0;15;3;3;0;3;2;1;1;1;1;10;0;10;1;Yes
Bookkeeper;/home/denni/isw2/bookkeeper/bookkeeper-server/src/main/java/org/apache/bookkeeper/meta/HierarchicalLedgerManager.java/process;4.0.0;42;4;3;0;6;1;6;7;1;0;0;0;0;0;Yes
Bookkeeper;/home/denni/isw2/bookkeeper/bookkeeper-server/src/main/java/org/apache/bookkeeper/client/BKException.java/create;4.0.0;43;19;1;0;1;1;1;0;1;5;10;0;10;1;Yes
Bookkeeper;/home/denni/isw2/bookkeeper/bookkeeper-server/src/main/java/org/apache/bookkeeper/client/BKException.java/getMessage;4.0.0;40;20;1;0;1;1;1;0;1;5;8;0;8;1;Yes
Bookkeeper;/home/denni/isw2/bookkeeper/bookkeeper-server/src/main/java/org/apache/bookkeeper/client/BookieWatcher.java/processResult;4.0.0;16;4;5;0;4;3;4;3;1;3;8;2;10;3;Yes
Bookkeeper;/home/denni/isw2/bookkeeper/bookkeeper-server/src/main/java/org/apache/bookkeeper/client/BookieWatcher.java/readBookiesBlocking;4.0.0;19;3;3;0;0;2;4;2;1;2;11;0;11;2;Yes
Bookkeeper;/home/denni/isw2/bookkeeper/bookkeeper-server/src/main/java/org/apache/bookkeeper/client/BookieWatcher.java/processResult;4.0.0;7;2;2;0;4;2;1;0;1;1;5;0;5;1;Yes
Bookkeeper;/home/denni/isw2/bookkeeper/bookkeeper-server/src/main/java/org/apache/bookkeeper/client/BookieWatcher.java/getNewBookies;4.0.0;8;1;0;0;1;0;1;0;2;0;0;0;0;0;No
Bookkeeper;/home/denni/isw2/bookkeeper/bookkeeper-server/src/main/java/org/apache/bookkeeper/client/BookieWatcher.java/getAdditionalBookies;4.0.0;23;5;5;0;2;2;7;3;2;0;0;0;0;0;No
Bookkeeper;/home/denni/isw2/bookkeeper/bookkeeper-server/src/main/java/org/apache/bookkeeper/client/PendingAddOp.java/sendWriteRequest;4.0.0;3;2;1;0;2;0;2;1;1;3;5;1;6;2;Yes
Bookkeeper;/home/denni/isw2/bookkeeper/bookkeeper-server/src/main/java/org/apache/bookkeeper/client/PendingAddOp.java/unsetSuccessAndSendWriteRequest;4.0.0;14;6;6;0;1;2;6;1;1;3;25;16;41;2;Yes
Bookkeeper;/home/denni/isw2/bookkeeper/bookkeeper-server/src/main/java/org/apache/bookkeeper/client/PendingAddOp.java/initiate;4.0.0;5;2;1;0;1;1;2;2;1;0;0;0;0;0;No
Bookkeeper;/home/denni/isw2/bookkeeper/bookkeeper-server/src/main/java/org/apache/bookkeeper/client/PendingAddOp.java/writeComplete;4.0.0;23;7;5;0;5;2;5;2;1;5;25;8;33;2;Yes
Bookkeeper;/home/denni/isw2/bookkeeper/bookkeeper-server/src/main/java/org/apache/bookkeeper/client/PendingAddOp.java/submitCallback;4.0.0;3;1;0;0;1;0;2;0;1;1;1;0;1;1;Yes
Bookkeeper;/home/denni/isw2/bookkeeper/bookkeeper-server/src/main/java/org/apache/bookkeeper/client/LedgerCreateOp.java/operationComplete;4.0.0;44;6;6;0;2;2;8;2;1;8;31;48;79;2;Yes
Bookkeeper;/home/denni/isw2/bookkeeper/bookkeeper-server/src/main/java/org/apache/bookkeeper/client/LedgerCreateOp.java/processResult;4.0.0;8;1;0;0;4;0;2;0;1;0;0;0;0;0;No
Bookkeeper;/home/denni/isw2/bookkeeper/bookkeeper-server/src/main/java/org/apache/bookkeeper/client/BookKeeperAdmin.java/getLedgerDigestType;4.0.0;12;1;0;0;1;0;1;0;1;1;1;0;1;1;Yes
Bookkeeper;/home/denni/isw2/bookkeeper/bookkeeper-server/src/main/java/org/apache/bookkeeper/client/BookKeeperAdmin.java/getLedgerPasswd;4.0.0;12;1;0;0;1;0;1;0;2;2;3;0;3;2;Yes
Bookkeeper;/home/denni/isw2/bookkeeper/bookkeeper-server/src/main/java/org/apache/bookkeeper/client/BookKeeperAdmin.java/recoverBookieData;4.0.0;35;3;2;0;2;1;4;2;1;2;18;1;19;2;Yes
Bookkeeper;/home/denni/isw2/bookkeeper/bookkeeper-server/src/main/java/org/apache/bookkeeper/client/BookKeeperAdmin.java/recoverComplete;4.0.0;8;1;0;0;2;0;3;1;1;1;5;0;5;1;Yes
Bookkeeper;/home/denni/isw2/bookkeeper/bookkeeper-server/src/main/java/org/apache/bookkeeper/client/BookKeeperAdmin.java/asyncRecoverBookieData;4.0.0;33;2;1;0;4;1;1;0;1;2;3;1;4;2;Yes
Bookkeeper;/home/denni/isw2/bookkeeper/bookkeeper-server/src/main/java/org/apache/bookkeeper/client/BookKeeperAdmin.java/processResult;4.0.0;7;2;1;0;3;1;2;0;1;0;0;0;0;0;Yes
Bookkeeper;/home/denni/isw2/bookkeeper/bookkeeper-server/src/main/java/org/apache/bookkeeper/client/BookKeeperAdmin.java/getAvailableBookies;4.0.0;41;5;6;0;4;3;2;3;1;2;2;2;4;2;Yes
Bookkeeper;/home/denni/isw2/bookkeeper/bookkeeper-server/src/main/java/org/apache/bookkeeper/client/BookKeeperAdmin.java/processResult;4.0.0;14;4;4;0;4;2;3;2;1;1;1;1;2;1;Yes
Bookkeeper;/home/denni/isw2/bookkeeper/bookkeeper-server/src/main/java/org/apache/bookkeeper/client/BookKeeperAdmin.java/getActiveLedgers;4.0.0;37;1;0;0;5;0;3;2;1;3;29;2;31;2;Yes
Bookkeeper;/home/denni/isw2/bookkeeper/bookkeeper-server/src/main/java/org/apache/bookkeeper/client/BookKeeperAdmin.java/getNewBookie;4.0.0;11;2;1;0;2;1;5;1;1;0;0;0;0;0;Yes
Bookkeeper;/home/denni/isw2/bookkeeper/bookkeeper-server/src/main/java/org/apache/bookkeeper/client/BookKeeperAdmin.java/recoverLedger;4.0.0;96;11;12;0;4;3;4;11;1;6;66;42;108;3;Yes
Bookkeeper;/home/denni/isw2/bookkeeper/bookkeeper-server/src/main/java/org/apache/bookkeeper/client/BookKeeperAdmin.java/openComplete;4.0.0;65;10;11;0;3;3;8;9;1;5;49;7;56;2;Yes
Bookkeeper;/home/denni/isw2/bookkeeper/bookkeeper-server/src/main/java/org/apache/bookkeeper/client/BookKeeperAdmin.java/recoverLedgerFragment;4.0.0;55;7;7;0;6;2;8;7;1;5;49;32;81;3;Yes
Bookkeeper;/home/denni/isw2/bookkeeper/bookkeeper-server/src/main/java/org/apache/bookkeeper/client/BookKeeperAdmin.java/recoverLedgerFragmentEntry;4.0.0;51;4;4;0;4;2;1;3;1;6;29;16;45;3;Yes
Bookkeeper;/home/denni/isw2/bookkeeper/bookkeeper-server/src/main/java/org/apache/bookkeeper/client/BookKeeperAdmin.java/readComplete;4.0.0;27;4;4;0;4;2;5;3;1;6;23;6;29;3;Yes
Bookkeeper;/home/denni/isw2/bookkeeper/bookkeeper-server/src/main/java/org/apache/bookkeeper/client/BookKeeperAdmin.java/writeComplete;4.0.0;12;3;3;0;5;2;2;0;1;3;5;2;7;2;Yes
Bookkeeper;/home/denni/isw2/bookkeeper/bookkeeper-server/src/main/java/org/apache/bookkeeper/client/BookKeeperAdmin.java/processResult;4.0.0;15;2;1;0;3;1;6;2;1;5;27;16;43;3;Yes
Bookkeeper;/home/denni/isw2/bookkeeper/bookkeeper-server/src/main/java/org/apache/bookkeeper/client/BookKeeperAdmin.java/processResult;4.0.0;16;3;3;0;4;2;2;0;1;5;52;3;55;4;Yes
Bookkeeper;/home/denni/isw2/bookkeeper/bookkeeper-server/src/main/java/org/apache/bookkeeper/client/BookKeeper.java/createLedger;4.0.0;28;2;1;0;4;1;6;1;1;6;67;1;68;2;Yes
Bookkeeper;/home/denni/isw2/bookkeeper/bookkeeper-server/src/main/java/org/apache/bookkeeper/client/BookKeeper.java/openLedger;4.0.0;28;2;1;0;3;1;6;1;1;6;42;0;42;3;Yes
Bookkeeper;/home/denni/isw2/bookkeeper/bookkeeper-server/src/main/java/org/apache/bookkeeper/client/BookKeeper.java/openLedgerNoRecovery;4.0.0;28;2;1;0;3;1;6;1;1;3;39;0;39;2;Yes
Bookkeeper;/home/denni/isw2/bookkeeper/bookkeeper-server/src/main/java/org/apache/bookkeeper/client/BookKeeper.java/deleteLedger;4.0.0;17;2;1;0;1;1;5;1;1;2;21;3;24;2;Yes
Bookkeeper;/home/denni/isw2/bookkeeper/bookkeeper-server/src/main/java/org/apache/bookkeeper/client/BookKeeper.java/openComplete;4.0.0;16;1;0;0;3;0;5;1;1;1;1;0;1;1;Yes
Bookkeeper;/home/denni/isw2/bookkeeper/bookkeeper-server/src/main/java/org/apache/bookkeeper/client/LedgerHandle.java/getLedgerKey;4.0.0;7;1;0;0;0;0;1;0;2;1;2;0;2;1;Yes
Bookkeeper;/home/denni/isw2/bookkeeper/bookkeeper-server/src/main/java/org/apache/bookkeeper/client/LedgerHandle.java/close;4.0.0;11;2;1;0;0;1;5;1;1;6;20;8;28;3;Yes
Bookkeeper;/home/denni/isw2/bookkeeper/bookkeeper-server/src/main/java/org/apache/bookkeeper/client/LedgerHandle.java/asyncCloseInternal;4.0.0;30;3;2;0;3;1;1;0;1;7;67;49;116;3;Yes
Bookkeeper;/home/denni/isw2/bookkeeper/bookkeeper-server/src/main/java/org/apache/bookkeeper/client/LedgerHandle.java/safeRun;4.0.0;18;3;2;0;0;1;6;0;1;6;54;40;94;3;Yes
Bookkeeper;/home/denni/isw2/bookkeeper/bookkeeper-server/src/main/java/org/apache/bookkeeper/client/LedgerHandle.java/processResult;4.0.0;8;2;1;0;4;1;1;0;1;5;13;2;15;3;Yes
Bookkeeper;/home/denni/isw2/bookkeeper/bookkeeper-server/src/main/java/org/apache/bookkeeper/client/LedgerHandle.java/readEntries;4.0.0;16;2;1;0;2;1;6;1;2;6;41;4;45;3;Yes
Bookkeeper;/home/denni/isw2/bookkeeper/bookkeeper-server/src/main/java/org/apache/bookkeeper/client/LedgerHandle.java/addEntry;4.0.0;20;3;2;0;3;1;7;1;1;4;25;26;51;2;Yes
Bookkeeper;/home/denni/isw2/bookkeeper/bookkeeper-server/src/main/java/org/apache/bookkeeper/client/LedgerHandle.java/doAsyncAddEntry;4.0.0;26;5;5;0;6;2;3;3;1;4;78;42;120;2;Yes
Bookkeeper;/home/denni/isw2/bookkeeper/bookkeeper-server/src/main/java/org/apache/bookkeeper/client/LedgerHandle.java/safeRun;4.0.0;13;2;1;0;0;1;7;3;1;3;33;0;33;2;Yes
Bookkeeper;/home/denni/isw2/bookkeeper/bookkeeper-server/src/main/java/org/apache/bookkeeper/client/LedgerHandle.java/readLastConfirmed;4.0.0;9;3;2;0;0;1;5;1;1;3;15;0;15;2;Yes
Bookkeeper;/home/denni/isw2/bookkeeper/bookkeeper-server/src/main/java/org/apache/bookkeeper/client/LedgerHandle.java/sendAddSuccessCallbacks;4.0.0;8;3;3;0;0;2;2;1;1;2;26;0;26;1;Yes
Bookkeeper;/home/denni/isw2/bookkeeper/bookkeeper-server/src/main/java/org/apache/bookkeeper/client/LedgerHandle.java/handleBookieFailure;4.0.0;30;6;6;0;2;2;8;3;1;6;88;5;93;2;Yes
Bookkeeper;/home/denni/isw2/bookkeeper/bookkeeper-server/src/main/java/org/apache/bookkeeper/client/LedgerHandle.java/processResult;4.0.0;13;3;2;0;4;1;1;1;1;5;45;1;46;2;Yes
Bookkeeper;/home/denni/isw2/bookkeeper/bookkeeper-server/src/main/java/org/apache/bookkeeper/client/LedgerHandle.java/safeRun;4.0.0;9;3;2;0;0;1;3;1;1;4;32;0;32;2;Yes
Bookkeeper;/home/denni/isw2/bookkeeper/bookkeeper-server/src/main/java/org/apache/bookkeeper/client/LedgerHandle.java/rereadMetadata;4.0.0;14;3;3;0;1;2;1;0;1;4;60;11;71;2;Yes
Bookkeeper;/home/denni/isw2/bookkeeper/bookkeeper-server/src/main/java/org/apache/bookkeeper/client/LedgerHandle.java/processResult;4.0.0;11;3;3;0;5;2;3;0;1;3;45;0;45;2;Yes
Bookkeeper;/home/denni/isw2/bookkeeper/bookkeeper-server/src/main/java/org/apache/bookkeeper/client/LedgerHandle.java/recover;4.0.0;26;5;5;0;1;2;3;0;1;7;100;90;190;3;Yes
Bookkeeper;/home/denni/isw2/bookkeeper/bookkeeper-server/src/main/java/org/apache/bookkeeper/client/LedgerHandle.java/processResult;4.0.0;17;4;4;0;4;2;1;0;1;7;61;54;115;3;Yes
Bookkeeper;/home/denni/isw2/bookkeeper/bookkeeper-server/src/main/java/org/apache/bookkeeper/client/LedgerHandle.java/operationComplete;4.0.0;6;2;1;0;2;1;1;0;1;5;22;10;32;2;Yes
Bookkeeper;/home/denni/isw2/bookkeeper/bookkeeper-server/src/main/java/org/apache/bookkeeper/client/LedgerHandle.java/closeComplete;4.0.0;4;2;1;0;3;1;1;0;1;6;26;0;26;2;Yes
Bookkeeper;/home/denni/isw2/bookkeeper/bookkeeper-server/src/main/java/org/apache/bookkeeper/client/LedgerOpenOp.java/processResult;4.0.0;53;11;11;0;5;2;7;1;1;10;93;60;153;3;Yes
Bookkeeper;/home/denni/isw2/bookkeeper/bookkeeper-server/src/main/java/org/apache/bookkeeper/client/LedgerOpenOp.java/operationComplete;4.0.0;6;2;1;0;2;1;1;0;1;3;18;3;21;1;Yes
Bookkeeper;/home/denni/isw2/bookkeeper/bookkeeper-server/src/main/java/org/apache/bookkeeper/client/LedgerOpenOp.java/readLastConfirmedComplete;4.0.0;7;2;1;0;3;1;1;0;1;2;7;2;9;1;Yes
Bookkeeper;/home/denni/isw2/bookkeeper/bookkeeper-server/src/main/java/org/apache/bookkeeper/client/DigestManager.java/verifyDigest;4.0.0;19;5;5;0;3;2;11;6;1;2;10;3;13;2;Yes
Bookkeeper;/home/denni/isw2/bookkeeper/bookkeeper-server/src/main/java/org/apache/bookkeeper/client/DigestManager.java/verifyDigestAndReturnLastConfirmed;4.0.0;7;1;0;0;1;0;6;3;1;2;3;4;7;1;Yes
Bookkeeper;/home/denni/isw2/bookkeeper/bookkeeper-server/src/main/java/org/apache/bookkeeper/client/LedgerRecoveryOp.java/initiate;4.0.0;9;2;1;0;0;1;2;2;1;5;25;2;27;2;Yes
Bookkeeper;/home/denni/isw2/bookkeeper/bookkeeper-server/src/main/java/org/apache/bookkeeper/client/LedgerRecoveryOp.java/readEntryComplete;4.0.0;25;7;8;0;5;3;8;3;1;5;28;59;87;3;Yes
Bookkeeper;/home/denni/isw2/bookkeeper/bookkeeper-server/src/main/java/org/apache/bookkeeper/client/LedgerRecoveryOp.java/doRecoveryRead;4.0.0;6;1;0;0;0;0;2;0;1;0;0;0;0;0;No
Bookkeeper;/home/denni/isw2/bookkeeper/bookkeeper-server/src/main/java/org/apache/bookkeeper/client/LedgerRecoveryOp.java/readComplete;4.0.0;29;4;4;0;4;2;6;2;1;5;21;18;39;3;Yes
Bookkeeper;/home/denni/isw2/bookkeeper/bookkeeper-server/src/main/java/org/apache/bookkeeper/client/LedgerRecoveryOp.java/closeComplete;4.0.0;8;2;1;0;3;1;1;0;1;2;3;0;3;1;Yes
Bookkeeper;/home/denni/isw2/bookkeeper/bookkeeper-server/src/main/java/org/apache/bookkeeper/client/LedgerRecoveryOp.java/addComplete;4.0.0;7;2;1;0;4;1;2;0;1;0;0;0;0;0;No
Bookkeeper;/home/denni/isw2/bookkeeper/bookkeeper-server/src/main/java/org/apache/bookkeeper/client/LedgerMetadata.java/getEnsembles;4.0.0;9;1;0;0;0;0;1;0;4;1;1;0;1;1;Yes
Bookkeeper;/home/denni/isw2/bookkeeper/bookkeeper-server/src/main/java/org/apache/bookkeeper/client/LedgerMetadata.java/addEnsemble;4.0.0;4;1;0;0;2;0;3;0;1;2;9;0;9;1;Yes
Bookkeeper;/home/denni/isw2/bookkeeper/bookkeeper-server/src/main/java/org/apache/bookkeeper/client/LedgerMetadata.java/getEnsemble;4.0.0;2;1;0;0;1;0;1;0;2;2;8;0;8;1;Yes
Bookkeeper;/home/denni/isw2/bookkeeper/bookkeeper-server/src/main/java/org/apache/bookkeeper/client/LedgerMetadata.java/getNextEnsembleChange;4.0.0;13;2;1;0;1;1;2;1;1;3;17;0;17;2;Yes
Bookkeeper;/home/denni/isw2/bookkeeper/bookkeeper-server/src/main/java/org/apache/bookkeeper/client/LedgerMetadata.java/serialize;4.0.0;19;5;5;0;0;2;7;3;2;4;6;2;8;3;Yes
Bookkeeper;/home/denni/isw2/bookkeeper/bookkeeper-server/src/main/java/org/apache/bookkeeper/client/LedgerMetadata.java/parseConfig;4.0.0;43;9;10;0;2;3;6;8;1;7;92;17;109;4;Yes
Bookkeeper;/home/denni/isw2/bookkeeper/bookkeeper-server/src/main/java/org/apache/bookkeeper/client/ReadLastConfirmedOp.java/initiate;4.0.0;3;2;1;0;0;1;1;1;1;4;6;2;8;2;Yes
Bookkeeper;/home/denni/isw2/bookkeeper/bookkeeper-server/src/main/java/org/apache/bookkeeper/client/ReadLastConfirmedOp.java/readEntryComplete;4.0.0;22;7;8;0;5;3;6;2;1;7;45;26;71;3;Yes
Bookkeeper;/home/denni/isw2/bookkeeper/bookkeeper-server/src/main/java/org/apache/bookkeeper/client/ReadOnlyLedgerHandle.java/addEntry;4.0.0;4;1;0;0;3;0;2;0;1;1;1;1;2;1;Yes
Bookkeeper;/home/denni/isw2/bookkeeper/bookkeeper-server/src/main/java/org/apache/bookkeeper/client/ReadOnlyLedgerHandle.java/asyncAddEntry;4.0.0;4;1;0;0;5;0;2;0;1;1;2;1;3;1;Yes
Bookkeeper;/home/denni/isw2/bookkeeper/bookkeeper-server/src/main/java/org/apache/bookkeeper/client/PendingReadOp.java/initiate;4.0.0;15;4;4;0;0;2;3;4;1;7;61;7;68;3;Yes
Bookkeeper;/home/denni/isw2/bookkeeper/bookkeeper-server/src/main/java/org/apache/bookkeeper/client/PendingReadOp.java/sendRead;4.0.0;7;2;1;0;3;1;4;1;1;10;54;5;59;2;Yes
Bookkeeper;/home/denni/isw2/bookkeeper/bookkeeper-server/src/main/java/org/apache/bookkeeper/client/PendingReadOp.java/logErrorAndReattemptRead;4.0.0;6;1;0;0;3;0;5;2;1;6;24;2;26;2;Yes
Bookkeeper;/home/denni/isw2/bookkeeper/bookkeeper-server/src/main/java/org/apache/bookkeeper/client/PendingReadOp.java/readEntryComplete;4.0.0;26;6;6;0;5;2;11;2;1;8;105;11;116;3;Yes
Bookkeeper;/home/denni/isw2/bookkeeper/bookkeeper-server/src/main/java/org/apache/bookkeeper/client/PendingReadOp.java/hasMoreElements;4.0.0;2;1;0;0;0;0;1;0;1;2;2;0;2;1;Yes
Bookkeeper;/home/denni/isw2/bookkeeper/bookkeeper-server/src/main/java/org/apache/bookkeeper/client/PendingReadOp.java/nextElement;4.0.0;2;1;0;0;0;0;1;0;1;1;1;0;1;1;Yes
Bookkeeper;/home/denni/isw2/bookkeeper/bookkeeper-server/src/main/java/org/apache/bookkeeper/util/LocalBookKeeper.java/runZookeeper;4.0.0;17;2;2;0;1;2;7;1;1;5;34;33;67;4;Yes
Bookkeeper;/home/denni/isw2/bookkeeper/bookkeeper-server/src/main/java/org/apache/bookkeeper/util/LocalBookKeeper.java/initializeZookeper;4.0.0;12;4;4;0;0;2;2;0;1;4;41;41;82;3;Yes
Bookkeeper;/home/denni/isw2/bookkeeper/bookkeeper-server/src/main/java/org/apache/bookkeeper/util/LocalBookKeeper.java/main;4.0.0;18;5;6;0;1;3;8;3;1;6;32;14;46;3;Yes
Bookkeeper;/home/denni/isw2/bookkeeper/bookkeeper-server/src/main/java/org/apache/bookkeeper/util/LocalBookKeeper.java/usage;4.0.0;2;1;0;0;0;0;1;0;1;0;0;0;0;0;No
Bookkeeper;/home/denni/isw2/bookkeeper/bookkeeper-server/src/main/java/org/apache/bookkeeper/util/LocalBookKeeper.java/waitForServerUp;4.0.0;30;7;9;0;2;4;6;8;1;4;22;3;25;3;Yes
Bookkeeper;/home/denni/isw2/bookkeeper/bookkeeper-server/src/main/java/org/apache/bookkeeper/util/StringUtils.java/parseAddr;4.0.0;17;3;3;0;1;2;6;3;1;0;0;0;0;0;No
Bookkeeper;/home/denni/isw2/bookkeeper/bookkeeper-server/src/main/java/org/apache/bookkeeper/util/Main.java/usage;4.0.0;2;1;0;0;0;0;1;0;1;0;0;0;0;0;No
Bookkeeper;/home/denni/isw2/bookkeeper/bookkeeper-server/src/main/java/org/apache/bookkeeper/util/Main.java/main;4.0.0;15;3;2;0;1;1;4;1;1;0;0;0;0;0;No
Bookkeeper;/home/denni/isw2/bookkeeper/bookkeeper-server/src/main/java/org/apache/bookkeeper/util/OrderedSafeExecutor.java/shutdown;4.0.0;3;2;1;0;0;1;1;1;1;0;0;0;0;0;No
Bookkeeper;/home/denni/isw2/bookkeeper/bookkeeper-server/src/main/java/org/apache/bookkeeper/streaming/LedgerOutputStream.java/flush;4.0.0;13;4;5;0;0;3;1;1;1;0;0;0;0;0;No
Bookkeeper;/home/denni/isw2/bookkeeper/bookkeeper-server/src/main/java/org/apache/bookkeeper/proto/BookieClient.java/addEntry;4.0.0;10;2;1;0;8;1;2;1;1;3;23;3;26;3;Yes
Bookkeeper;/home/denni/isw2/bookkeeper/bookkeeper-server/src/main/java/org/apache/bookkeeper/proto/BookieClient.java/operationComplete;4.0.0;6;2;1;0;2;1;2;0;1;3;14;1;15;3;Yes
Bookkeeper;/home/denni/isw2/bookkeeper/bookkeeper-server/src/main/java/org/apache/bookkeeper/proto/BookieClient.java/readEntry;4.0.0;10;2;1;0;6;1;2;1;1;3;25;1;26;2;Yes
Bookkeeper;/home/denni/isw2/bookkeeper/bookkeeper-server/src/main/java/org/apache/bookkeeper/proto/BookieClient.java/operationComplete;4.0.0;6;2;1;0;2;1;2;0;1;3;13;1;14;2;Yes
Bookkeeper;/home/denni/isw2/bookkeeper/bookkeeper-server/src/main/java/org/apache/bookkeeper/proto/BookieClient.java/main;4.0.0;31;4;3;0;1;1;14;10;1;4;19;3;22;2;Yes
Bookkeeper;/home/denni/isw2/bookkeeper/bookkeeper-server/src/main/java/org/apache/bookkeeper/proto/BookieClient.java/writeComplete;4.0.0;5;2;1;0;5;1;3;1;1;1;5;0;5;1;Yes
Bookkeeper;/home/denni/isw2/bookkeeper/bookkeeper-server/src/main/java/org/apache/bookkeeper/proto/PerChannelBookieClient.java/connect;4.0.0;33;5;4;0;0;1;9;5;1;9;26;27;53;4;Yes
Bookkeeper;/home/denni/isw2/bookkeeper/bookkeeper-server/src/main/java/org/apache/bookkeeper/proto/PerChannelBookieClient.java/operationComplete;4.0.0;20;3;2;0;1;1;4;3;1;4;14;8;22;2;Yes
Bookkeeper;/home/denni/isw2/bookkeeper/bookkeeper-server/src/main/java/org/apache/bookkeeper/proto/PerChannelBookieClient.java/errorOutReadKey;4.0.0;9;2;1;0;1;1;1;1;1;5;13;1;14;3;Yes
Bookkeeper;/home/denni/isw2/bookkeeper/bookkeeper-server/src/main/java/org/apache/bookkeeper/proto/PerChannelBookieClient.java/safeRun;4.0.0;6;2;1;0;0;1;2;1;1;3;9;0;9;2;Yes
Bookkeeper;/home/denni/isw2/bookkeeper/bookkeeper-server/src/main/java/org/apache/bookkeeper/proto/PerChannelBookieClient.java/errorOutAddKey;4.0.0;13;3;3;0;1;2;1;2;1;2;2;1;3;1;Yes
Bookkeeper;/home/denni/isw2/bookkeeper/bookkeeper-server/src/main/java/org/apache/bookkeeper/proto/PerChannelBookieClient.java/safeRun;4.0.0;10;3;3;0;0;2;2;2;1;0;0;0;0;0;No
Bookkeeper;/home/denni/isw2/bookkeeper/bookkeeper-server/src/main/java/org/apache/bookkeeper/proto/PerChannelBookieClient.java/channelDisconnected;4.0.0;9;1;0;0;2;0;4;0;1;1;4;0;4;1;Yes
Bookkeeper;/home/denni/isw2/bookkeeper/bookkeeper-server/src/main/java/org/apache/bookkeeper/proto/PerChannelBookieClient.java/exceptionCaught;4.0.0;13;3;2;0;2;1;4;1;1;4;2;2;4;2;Yes
Bookkeeper;/home/denni/isw2/bookkeeper/bookkeeper-server/src/main/java/org/apache/bookkeeper/proto/PerChannelBookieClient.java/messageReceived;4.0.0;33;6;4;0;2;2;7;6;1;4;15;7;22;3;Yes
Bookkeeper;/home/denni/isw2/bookkeeper/bookkeeper-server/src/main/java/org/apache/bookkeeper/proto/PerChannelBookieClient.java/safeRun;4.0.0;11;4;1;0;0;1;1;0;1;2;4;4;8;2;Yes
Bookkeeper;/home/denni/isw2/bookkeeper/bookkeeper-server/src/main/java/org/apache/bookkeeper/proto/PerChannelBookieClient.java/handleAddResponse;4.0.0;23;7;3;0;3;1;6;1;1;5;35;10;45;3;Yes
Bookkeeper;/home/denni/isw2/bookkeeper/bookkeeper-server/src/main/java/org/apache/bookkeeper/proto/PerChannelBookieClient.java/handleReadResponse;4.0.0;25;7;8;0;4;3;7;2;1;4;21;17;38;3;Yes
Bookkeeper;/home/denni/isw2/bookkeeper/bookkeeper-server/src/main/java/org/apache/bookkeeper/proto/PerChannelBookieClient.java/equals;4.0.0;6;2;1;0;1;1;3;1;1;2;7;0;7;2;Yes
Bookkeeper;/home/denni/isw2/bookkeeper/bookkeeper-server/src/main/java/org/apache/bookkeeper/proto/PerChannelBookieClient.java/toString;4.0.0;2;1;0;0;0;0;1;0;1;1;1;0;1;1;Yes
Bookkeeper;/home/denni/isw2/bookkeeper/bookkeeper-server/src/main/java/org/apache/bookkeeper/proto/NIOServerFactory.java/getLocalAddress;4.0.0;2;1;0;0;0;0;1;0;1;0;0;0;0;0;No
Bookkeeper;/home/denni/isw2/bookkeeper/bookkeeper-server/src/main/java/org/apache/bookkeeper/proto/NIOServerFactory.java/run;4.0.0;26;6;9;0;0;5;3;7;1;3;26;4;30;1;Yes
Bookkeeper;/home/denni/isw2/bookkeeper/bookkeeper-server/src/main/java/org/apache/bookkeeper/proto/NIOServerFactory.java/clear;4.0.0;12;3;4;0;0;3;2;2;1;0;0;0;0;0;No
Bookkeeper;/home/denni/isw2/bookkeeper/bookkeeper-server/src/main/java/org/apache/bookkeeper/proto/NIOServerFactory.java/shutdown;4.0.0;10;3;3;0;0;2;1;0;1;0;0;0;0;0;No
Bookkeeper;/home/denni/isw2/bookkeeper/bookkeeper-server/src/main/java/org/apache/bookkeeper/proto/NIOServerFactory.java/doIO;4.0.0;85;18;21;0;1;5;1;6;1;1;1;1;2;1;Yes
Bookkeeper;/home/denni/isw2/bookkeeper/bookkeeper-server/src/main/java/org/apache/bookkeeper/proto/NIOServerFactory.java/readLength;4.0.0;5;2;1;0;1;1;3;1;1;0;0;0;0;0;No
Bookkeeper;/home/denni/isw2/bookkeeper/bookkeeper-server/src/main/java/org/apache/bookkeeper/proto/NIOServerFactory.java/close;4.0.0;37;8;9;0;0;3;10;0;1;1;1;1;2;1;Yes
Bookkeeper;/home/denni/isw2/bookkeeper/bookkeeper-server/src/main/java/org/apache/bookkeeper/proto/NIOServerFactory.java/makeWritable;4.0.0;8;3;3;0;1;2;1;0;1;0;0;0;0;0;No
Bookkeeper;/home/denni/isw2/bookkeeper/bookkeeper-server/src/main/java/org/apache/bookkeeper/proto/NIOServerFactory.java/sendBuffers;4.0.0;15;6;6;0;1;2;9;4;1;2;2;4;6;2;Yes
Bookkeeper;/home/denni/isw2/bookkeeper/bookkeeper-server/src/main/java/org/apache/bookkeeper/proto/NIOServerFactory.java/getRemoteAddress;4.0.0;2;1;0;0;0;0;1;0;1;2;2;2;4;1;Yes
Bookkeeper;/home/denni/isw2/bookkeeper/bookkeeper-server/src/main/java/org/apache/bookkeeper/proto/BookieServer.java/loadConfFile;4.0.0;10;3;3;0;2;2;2;0;1;5;26;0;26;1;Yes
Bookkeeper;/home/denni/isw2/bookkeeper/bookkeeper-server/src/main/java/org/apache/bookkeeper/proto/BookieServer.java/parseArgs;4.0.0;26;6;7;0;1;3;1;6;1;8;71;35;106;2;Yes
Bookkeeper;/home/denni/isw2/bookkeeper/bookkeeper-server/src/main/java/org/apache/bookkeeper/proto/BookieServer.java/main;4.0.0;35;5;5;0;1;2;12;6;1;7;50;10;60;2;Yes
Bookkeeper;/home/denni/isw2/bookkeeper/bookkeeper-server/src/main/java/org/apache/bookkeeper/proto/BookieServer.java/processPacket;4.0.0;72;20;19;0;2;4;8;8;1;8;41;21;62;2;Yes
Bookkeeper;/home/denni/isw2/bookkeeper/bookkeeper-server/src/main/java/org/apache/bookkeeper/proto/BookieProtocol.java/fromInt;4.0.0;10;2;1;0;1;1;5;3;1;1;11;0;11;1;Yes
Bookkeeper;/home/denni/isw2/bookkeeper/bookkeeper-server/src/main/java/org/apache/bookkeeper/proto/BookkeeperInternalCallbacks.java/processResult;4.0.0;6;2;1;0;3;1;2;0;1;2;8;1;9;2;Yes
Bookkeeper;/home/denni/isw2/bookkeeper/hedwig-server/src/main/java/org/apache/hedwig/zookeeper/ZkUtils.java/logErrorAndCreateZKException;4.0.0;4;1;0;0;3;0;3;1;1;1;1;0;1;1;Yes
Bookkeeper;/home/denni/isw2/bookkeeper/hedwig-server/src/main/java/org/apache/hedwig/server/topics/ZkTopicManager.java/safeProcessResult;4.0.0;4;2;1;0;4;1;1;0;1;0;0;0;0;0;No
Bookkeeper;/home/denni/isw2/bookkeeper/hedwig-server/src/main/java/org/apache/hedwig/server/topics/ZkTopicManager.java/process;4.0.0;13;6;8;0;1;4;2;0;1;3;21;26;47;2;Yes
Bookkeeper;/home/denni/isw2/bookkeeper/hedwig-server/src/main/java/org/apache/hedwig/server/topics/ZkTopicManager.java/chooseLeastLoadedNode;4.0.0;31;9;10;0;1;3;2;7;1;3;9;6;15;3;Yes
Bookkeeper;/home/denni/isw2/bookkeeper/hedwig-server/src/main/java/org/apache/hedwig/server/topics/ZkTopicManager.java/safeProcessResult;4.0.0;23;8;9;0;5;3;1;2;1;3;8;5;13;3;Yes
Bookkeeper;/home/denni/isw2/bookkeeper/hedwig-server/src/main/java/org/apache/hedwig/server/topics/ZkTopicManager.java/read;4.0.0;28;6;6;0;0;2;1;3;1;3;19;3;22;3;Yes
Bookkeeper;/home/denni/isw2/bookkeeper/hedwig-server/src/main/java/org/apache/hedwig/server/topics/ZkTopicManager.java/safeProcessResult;4.0.0;25;6;6;0;5;2;6;3;1;3;18;3;21;3;Yes
Bookkeeper;/home/denni/isw2/bookkeeper/hedwig-server/src/main/java/org/apache/hedwig/server/topics/ZkTopicManager.java/postReleaseCleanup;4.0.0;28;5;4;0;3;1;1;3;1;1;4;4;8;1;Yes
Bookkeeper;/home/denni/isw2/bookkeeper/hedwig-server/src/main/java/org/apache/hedwig/server/topics/ZkTopicManager.java/safeProcessResult;4.0.0;24;5;4;0;5;1;5;3;1;1;4;4;8;1;Yes
Bookkeeper;/home/denni/isw2/bookkeeper/hedwig-server/src/main/java/org/apache/hedwig/server/topics/AbstractTopicManager.java/notifyListenersAndAddToOwnedTopics;4.0.0;33;3;2;0;3;1;3;4;1;4;54;5;59;3;Yes
Bookkeeper;/home/denni/isw2/bookkeeper/hedwig-server/src/main/java/org/apache/hedwig/server/topics/AbstractTopicManager.java/operationFinished;4.0.0;17;2;1;0;2;1;3;0;1;3;21;2;23;3;Yes
Bookkeeper;/home/denni/isw2/bookkeeper/hedwig-server/src/main/java/org/apache/hedwig/server/topics/AbstractTopicManager.java/run;4.0.0;10;1;0;0;0;0;1;0;1;3;19;2;21;3;Yes
Bookkeeper;/home/denni/isw2/bookkeeper/hedwig-server/src/main/java/org/apache/hedwig/server/topics/AbstractTopicManager.java/operationFailed;4.0.0;3;1;0;0;2;0;1;0;1;2;5;1;6;2;Yes
Bookkeeper;/home/denni/isw2/bookkeeper/hedwig-server/src/main/java/org/apache/hedwig/server/topics/AbstractTopicManager.java/operationFinished;4.0.0;3;1;0;0;2;0;1;0;1;2;4;1;5;2;Yes
Bookkeeper;/home/denni/isw2/bookkeeper/hedwig-server/src/main/java/org/apache/hedwig/server/topics/AbstractTopicManager.java/realReleaseTopic;4.0.0;4;2;1;0;3;1;3;1;1;1;5;0;5;1;Yes
Bookkeeper;/home/denni/isw2/bookkeeper/hedwig-server/src/main/java/org/apache/hedwig/server/proxy/HedwigProxy.java/main;4.0.0;21;5;6;0;1;3;4;4;1;1;4;0;4;1;Yes
Bookkeeper;/home/denni/isw2/bookkeeper/hedwig-server/src/main/java/org/apache/hedwig/server/proxy/ProxyStartDeliveryHandler.java/handleRequest;4.0.0;31;5;5;0;2;2;4;6;1;4;13;12;25;2;Yes
Bookkeeper;/home/denni/isw2/bookkeeper/hedwig-server/src/main/java/org/apache/hedwig/server/persistence/BookkeeperPersistenceManager.java/runInternal;4.0.0;7;2;1;0;0;1;3;0;1;2;4;1;5;1;Yes
Bookkeeper;/home/denni/isw2/bookkeeper/hedwig-server/src/main/java/org/apache/hedwig/server/persistence/BookkeeperPersistenceManager.java/read;4.0.0;54;10;11;0;3;3;4;7;1;6;55;29;84;2;Yes
Bookkeeper;/home/denni/isw2/bookkeeper/hedwig-server/src/main/java/org/apache/hedwig/server/persistence/BookkeeperPersistenceManager.java/safeOpenComplete;4.0.0;10;2;1;0;3;1;5;1;1;3;21;14;35;2;Yes
Bookkeeper;/home/denni/isw2/bookkeeper/hedwig-server/src/main/java/org/apache/hedwig/server/persistence/BookkeeperPersistenceManager.java/safeReadComplete;4.0.0;33;7;8;0;4;3;4;4;1;3;21;8;29;2;Yes
Bookkeeper;/home/denni/isw2/bookkeeper/hedwig-server/src/main/java/org/apache/hedwig/server/persistence/BookkeeperPersistenceManager.java/startReadingFrom;4.0.0;10;3;3;0;1;2;2;2;1;5;10;8;18;3;Yes
Bookkeeper;/home/denni/isw2/bookkeeper/hedwig-server/src/main/java/org/apache/hedwig/server/persistence/BookkeeperPersistenceManager.java/consumedUntil;4.0.0;14;5;7;0;2;4;3;3;1;4;19;3;22;1;Yes
Bookkeeper;/home/denni/isw2/bookkeeper/hedwig-server/src/main/java/org/apache/hedwig/server/persistence/BookkeeperPersistenceManager.java/runInternal;4.0.0;30;5;4;0;0;1;9;6;1;6;123;46;169;2;Yes
Bookkeeper;/home/denni/isw2/bookkeeper/hedwig-server/src/main/java/org/apache/hedwig/server/persistence/BookkeeperPersistenceManager.java/safeAddComplete;4.0.0;13;3;2;0;4;1;4;2;1;5;64;23;87;2;Yes
Bookkeeper;/home/denni/isw2/bookkeeper/hedwig-server/src/main/java/org/apache/hedwig/server/persistence/BookkeeperPersistenceManager.java/scanSingleMessage;4.0.0;2;1;0;0;1;0;1;0;1;2;3;0;3;1;Yes
Bookkeeper;/home/denni/isw2/bookkeeper/hedwig-server/src/main/java/org/apache/hedwig/server/persistence/BookkeeperPersistenceManager.java/processTopicLedgersNodeData;4.0.0;27;5;5;0;2;2;7;8;1;5;80;4;84;3;Yes
Bookkeeper;/home/denni/isw2/bookkeeper/hedwig-server/src/main/java/org/apache/hedwig/server/persistence/BookkeeperPersistenceManager.java/recoverLastTopicLedgerAndOpenNewOne;4.0.0;45;6;6;0;3;2;1;7;1;4;109;73;182;3;Yes
Bookkeeper;/home/denni/isw2/bookkeeper/hedwig-server/src/main/java/org/apache/hedwig/server/persistence/BookkeeperPersistenceManager.java/safeOpenComplete;4.0.0;35;6;6;0;3;2;4;7;1;4;106;66;172;3;Yes
Bookkeeper;/home/denni/isw2/bookkeeper/hedwig-server/src/main/java/org/apache/hedwig/server/persistence/BookkeeperPersistenceManager.java/safeReadComplete;4.0.0;20;4;4;0;4;2;8;5;1;3;74;47;121;2;Yes
Bookkeeper;/home/denni/isw2/bookkeeper/hedwig-server/src/main/java/org/apache/hedwig/server/persistence/BookkeeperPersistenceManager.java/openNewTopicLedger;4.0.0;29;5;4;0;2;1;1;5;1;4;79;34;113;2;Yes
Bookkeeper;/home/denni/isw2/bookkeeper/hedwig-server/src/main/java/org/apache/hedwig/server/persistence/BookkeeperPersistenceManager.java/safeCreateComplete;4.0.0;20;5;4;0;3;1;10;4;1;4;68;30;98;2;Yes
Bookkeeper;/home/denni/isw2/bookkeeper/hedwig-server/src/main/java/org/apache/hedwig/server/persistence/BookkeeperPersistenceManager.java/writeTopicLedgersNode;4.0.0;12;2;1;0;4;1;2;2;1;2;12;1;13;2;Yes
Bookkeeper;/home/denni/isw2/bookkeeper/hedwig-server/src/main/java/org/apache/hedwig/server/persistence/BookkeeperPersistenceManager.java/safeProcessResult;4.0.0;8;2;1;0;4;1;3;1;1;2;8;1;9;2;Yes
Bookkeeper;/home/denni/isw2/bookkeeper/hedwig-server/src/main/java/org/apache/hedwig/server/persistence/BookkeeperPersistenceManager.java/runInternal;4.0.0;10;5;5;0;0;2;4;2;1;2;2;0;2;1;Yes
Bookkeeper;/home/denni/isw2/bookkeeper/hedwig-server/src/main/java/org/apache/hedwig/server/persistence/LocalDBPersistenceManager.java/adjustTopicSeqIdForPublish;4.0.0;32;3;3;0;2;2;5;3;1;0;0;0;0;0;No
Bookkeeper;/home/denni/isw2/bookkeeper/hedwig-server/src/main/java/org/apache/hedwig/server/persistence/LocalDBPersistenceManager.java/persistMessage;4.0.0;40;7;9;0;1;4;12;10;1;1;1;1;2;1;Yes
Bookkeeper;/home/denni/isw2/bookkeeper/hedwig-server/src/main/java/org/apache/hedwig/server/persistence/LocalDBPersistenceManager.java/scanMessagesInternal;4.0.0;59;12;15;0;7;5;6;11;1;3;8;3;11;3;Yes
Bookkeeper;/home/denni/isw2/bookkeeper/hedwig-server/src/main/java/org/apache/hedwig/server/persistence/LocalDBPersistenceManager.java/consumedUntil;4.0.0;18;4;5;0;2;3;4;4;1;2;3;1;4;2;Yes
Bookkeeper;/home/denni/isw2/bookkeeper/hedwig-server/src/main/java/org/apache/hedwig/server/persistence/LocalDBPersistenceManager.java/finalize;4.0.0;14;5;7;0;0;4;2;1;1;2;16;0;16;1;Yes
Bookkeeper;/home/denni/isw2/bookkeeper/hedwig-server/src/main/java/org/apache/hedwig/server/persistence/ReadAheadCache.java/run;4.0.0;16;3;4;0;0;3;1;1;1;3;8;0;8;1;Yes
Bookkeeper;/home/denni/isw2/bookkeeper/hedwig-server/src/main/java/org/apache/hedwig/server/persistence/ReadAheadCache.java/doReadAheadStartingFrom;4.0.0;29;5;5;0;3;2;9;8;1;1;7;6;13;1;Yes
Bookkeeper;/home/denni/isw2/bookkeeper/hedwig-server/src/main/java/org/apache/hedwig/server/persistence/ReadAheadCache.java/messageScanned;4.0.0;11;3;2;0;2;1;7;2;1;2;6;2;8;2;Yes
Bookkeeper;/home/denni/isw2/bookkeeper/hedwig-server/src/main/java/org/apache/hedwig/server/persistence/ReadAheadCache.java/scanFinished;4.0.0;3;2;1;0;2;1;1;0;1;0;0;0;0;0;No
Bookkeeper;/home/denni/isw2/bookkeeper/hedwig-server/src/main/java/org/apache/hedwig/server/persistence/ReadAheadCache.java/collectOldCacheEntries;4.0.0;19;4;5;0;0;3;2;5;1;3;31;13;44;2;Yes
Bookkeeper;/home/denni/isw2/bookkeeper/hedwig-server/src/main/java/org/apache/hedwig/server/persistence/ReadAheadCache.java/performRequest;4.0.0;11;1;0;0;0;0;1;0;1;2;9;4;13;2;Yes
Bookkeeper;/home/denni/isw2/bookkeeper/hedwig-server/src/main/java/org/apache/hedwig/server/persistence/ReadAheadCache.java/performRequest;4.0.0;2;1;0;0;0;0;1;0;1;1;2;2;4;1;Yes
Bookkeeper;/home/denni/isw2/bookkeeper/hedwig-server/src/main/java/org/apache/hedwig/server/persistence/ReadAheadCache.java/performRequest;4.0.0;18;5;5;0;0;2;5;5;1;5;24;7;31;3;Yes
Bookkeeper;/home/denni/isw2/bookkeeper/hedwig-server/src/main/java/org/apache/hedwig/server/persistence/ReadAheadCache.java/performRequest;4.0.0;15;2;1;0;0;1;4;2;1;1;2;0;2;1;Yes
Bookkeeper;/home/denni/isw2/bookkeeper/hedwig-server/src/main/java/org/apache/hedwig/server/persistence/ReadAheadCache.java/performRequest;4.0.0;2;1;0;0;0;0;1;0;1;1;2;0;2;1;Yes
Bookkeeper;/home/denni/isw2/bookkeeper/hedwig-server/src/main/java/org/apache/hedwig/server/netty/UmbrellaHandler.java/exceptionCaught;4.0.0;10;3;3;0;2;2;2;2;1;1;1;3;4;1;Yes
Bookkeeper;/home/denni/isw2/bookkeeper/hedwig-server/src/main/java/org/apache/hedwig/server/netty/UmbrellaHandler.java/channelConnected;4.0.0;12;4;5;0;2;3;1;0;1;2;2;4;6;1;Yes
Bookkeeper;/home/denni/isw2/bookkeeper/hedwig-server/src/main/java/org/apache/hedwig/server/netty/UmbrellaHandler.java/operationComplete;4.0.0;7;3;3;0;1;2;1;0;1;0;0;0;0;0;No
Bookkeeper;/home/denni/isw2/bookkeeper/hedwig-server/src/main/java/org/apache/hedwig/server/netty/PubSubServerPipelineFactory.java/getPipeline;4.0.0;10;2;1;0;0;1;8;1;1;1;1;1;2;1;Yes
Bookkeeper;/home/denni/isw2/bookkeeper/hedwig-server/src/main/java/org/apache/hedwig/server/netty/PubSubServer.java/instantiateZookeeperClient;4.0.0;12;4;4;0;0;2;1;1;1;6;20;7;27;3;Yes
Bookkeeper;/home/denni/isw2/bookkeeper/hedwig-server/src/main/java/org/apache/hedwig/server/netty/PubSubServer.java/initializeNetty;4.0.0;12;3;2;0;2;0;11;4;1;2;12;2;14;2;Yes
Bookkeeper;/home/denni/isw2/bookkeeper/hedwig-server/src/main/java/org/apache/hedwig/server/netty/PubSubServer.java/run;4.0.0;22;3;3;0;0;2;2;1;1;3;13;5;18;1;Yes
Bookkeeper;/home/denni/isw2/bookkeeper/hedwig-server/src/main/java/org/apache/hedwig/server/netty/PubSubServer.java/errorMsgAndExit;4.0.0;9;1;0;0;3;0;3;0;1;0;0;0;0;0;No
Bookkeeper;/home/denni/isw2/bookkeeper/hedwig-server/src/main/java/org/apache/hedwig/server/netty/PubSubServer.java/main;4.0.0;21;5;6;0;1;3;4;4;1;3;6;0;6;2;Yes
Bookkeeper;/home/denni/isw2/bookkeeper/hedwig-server/src/main/java/org/apache/hedwig/server/common/TerminateJVMExceptionHandler.java/uncaughtException;4.0.0;4;1;0;0;2;0;2;0;1;2;2;2;4;2;Yes
Bookkeeper;/home/denni/isw2/bookkeeper/hedwig-server/src/main/java/org/apache/hedwig/server/common/ServerConfiguration.java/refreshMyServerAddress;4.0.0;5;2;2;0;0;2;1;0;1;0;0;0;0;0;No
Bookkeeper;/home/denni/isw2/bookkeeper/hedwig-server/src/main/java/org/apache/hedwig/server/common/ServerConfiguration.java/validate;4.0.0;14;6;7;0;0;3;3;2;1;5;16;2;18;3;Yes
Bookkeeper;/home/denni/isw2/bookkeeper/hedwig-server/src/main/java/org/apache/hedwig/server/delivery/FIFODeliveryManager.java/run;4.0.0;15;4;5;0;0;3;1;1;1;4;51;1;52;1;Yes
Bookkeeper;/home/denni/isw2/bookkeeper/hedwig-server/src/main/java/org/apache/hedwig/server/delivery/FIFODeliveryManager.java/removeDeliveryPtr;4.0.0;12;5;4;0;4;1;7;2;1;4;26;1;27;2;Yes
Bookkeeper;/home/denni/isw2/bookkeeper/hedwig-server/src/main/java/org/apache/hedwig/server/delivery/FIFODeliveryManager.java/performRequest;4.0.0;11;2;1;0;0;1;5;1;1;3;16;3;19;3;Yes
Bookkeeper;/home/denni/isw2/bookkeeper/hedwig-server/src/main/java/org/apache/hedwig/server/delivery/FIFODeliveryManager.java/performRequest;4.0.0;2;1;0;0;0;0;1;0;1;0;0;0;0;0;No
Bookkeeper;/home/denni/isw2/bookkeeper/hedwig-server/src/main/java/org/apache/hedwig/server/delivery/ChannelEndPoint.java/operationComplete;4.0.0;9;3;2;0;1;1;4;1;1;0;0;0;0;0;No
Bookkeeper;/home/denni/isw2/bookkeeper/hedwig-server/src/main/java/org/apache/hedwig/server/regions/RegionManager.java/onFirstLocalSubscribe;4.0.0;49;12;14;0;3;4;1;4;1;6;93;29;122;3;Yes
Bookkeeper;/home/denni/isw2/bookkeeper/hedwig-server/src/main/java/org/apache/hedwig/server/regions/RegionManager.java/run;4.0.0;45;12;14;0;0;4;4;4;1;6;87;28;115;3;Yes
Bookkeeper;/home/denni/isw2/bookkeeper/hedwig-server/src/main/java/org/apache/hedwig/server/regions/RegionManager.java/operationFinished;4.0.0;30;8;9;0;2;3;2;0;1;5;65;21;86;3;Yes
Bookkeeper;/home/denni/isw2/bookkeeper/hedwig-server/src/main/java/org/apache/hedwig/server/regions/RegionManager.java/deliver;4.0.0;16;4;3;0;5;1;2;0;1;4;39;12;51;2;Yes
Bookkeeper;/home/denni/isw2/bookkeeper/hedwig-server/src/main/java/org/apache/hedwig/server/regions/RegionManager.java/operationFailed;4.0.0;5;2;1;0;2;1;2;0;1;2;7;1;8;2;Yes
Bookkeeper;/home/denni/isw2/bookkeeper/hedwig-server/src/main/java/org/apache/hedwig/server/regions/RegionManager.java/operationFailed;4.0.0;5;2;1;0;2;1;2;0;1;2;6;1;7;2;Yes
Bookkeeper;/home/denni/isw2/bookkeeper/hedwig-server/src/main/java/org/apache/hedwig/server/regions/RegionManager.java/onLastLocalUnsubscribe;4.0.0;18;4;3;0;1;1;1;2;1;2;28;1;29;2;Yes
Bookkeeper;/home/denni/isw2/bookkeeper/hedwig-server/src/main/java/org/apache/hedwig/server/regions/RegionManager.java/operationFailed;4.0.0;4;2;1;0;2;1;1;0;1;1;4;0;4;1;Yes
Bookkeeper;/home/denni/isw2/bookkeeper/hedwig-server/src/main/java/org/apache/hedwig/server/benchmark/AbstractBenchmark.java/doOps;4.0.0;1;1;0;0;1;0;0;0;1;1;0;0;0;1;Yes
Bookkeeper;/home/denni/isw2/bookkeeper/hedwig-server/src/main/java/org/apache/hedwig/server/benchmark/AbstractBenchmark.java/tearDown;4.0.0;1;1;0;0;0;0;0;0;1;1;0;0;0;1;Yes
Bookkeeper;/home/denni/isw2/bookkeeper/hedwig-server/src/main/java/org/apache/hedwig/server/benchmark/AbstractBenchmark.java/handle;4.0.0;11;4;3;0;2;1;6;1;1;2;10;10;20;2;Yes
Bookkeeper;/home/denni/isw2/bookkeeper/hedwig-server/src/main/java/org/apache/hedwig/server/benchmark/AbstractBenchmark.java/runPhase;4.0.0;8;2;1;0;2;1;3;1;1;2;9;10;19;2;Yes
Bookkeeper;/home/denni/isw2/bookkeeper/hedwig-server/src/main/java/org/apache/hedwig/server/benchmark/AbstractBenchmark.java/run;4.0.0;9;1;0;0;0;0;8;2;1;1;6;6;12;1;Yes
Bookkeeper;/home/denni/isw2/bookkeeper/hedwig-server/src/main/java/org/apache/hedwig/server/benchmark/BookkeeperBenchmark.java/doOps;4.0.0;16;2;1;0;1;1;7;8;1;2;19;19;38;2;Yes
Bookkeeper;/home/denni/isw2/bookkeeper/hedwig-server/src/main/java/org/apache/hedwig/server/benchmark/BookkeeperBenchmark.java/addComplete;4.0.0;3;1;0;0;4;0;1;0;1;1;2;3;5;1;Yes
Bookkeeper;/home/denni/isw2/bookkeeper/hedwig-server/src/main/java/org/apache/hedwig/server/benchmark/BookkeeperBenchmark.java/main;4.0.0;3;1;0;0;1;0;2;1;1;0;0;0;0;0;No
Bookkeeper;/home/denni/isw2/bookkeeper/hedwig-server/src/main/java/org/apache/hedwig/server/benchmark/BookieBenchmark.java/doOps;4.0.0;24;2;1;0;1;1;7;11;1;3;23;23;46;3;Yes
Bookkeeper;/home/denni/isw2/bookkeeper/hedwig-server/src/main/java/org/apache/hedwig/server/benchmark/BookieBenchmark.java/writeComplete;4.0.0;3;1;0;0;5;0;1;0;1;1;2;2;4;1;Yes
Bookkeeper;/home/denni/isw2/bookkeeper/hedwig-server/src/main/java/org/apache/hedwig/server/benchmark/BookieBenchmark.java/main;4.0.0;3;1;0;0;1;0;2;1;1;0;0;0;0;0;No
Bookkeeper;/home/denni/isw2/bookkeeper/hedwig-server/src/main/java/org/apache/hedwig/server/subscriptions/ZkSubscriptionManager.java/readSubscriptions;4.0.0;49;11;12;0;3;3;2;11;1;1;7;7;14;1;Yes
Bookkeeper;/home/denni/isw2/bookkeeper/hedwig-server/src/main/java/org/apache/hedwig/server/subscriptions/ZkSubscriptionManager.java/safeProcessResult;4.0.0;44;11;12;0;4;3;6;10;1;1;6;6;12;1;Yes
Bookkeeper;/home/denni/isw2/bookkeeper/hedwig-server/src/main/java/org/apache/hedwig/server/subscriptions/AbstractSubscriptionManager.java/run;4.0.0;30;5;5;0;0;2;2;3;1;7;28;27;55;3;Yes
Bookkeeper;/home/denni/isw2/bookkeeper/hedwig-server/src/main/java/org/apache/hedwig/server/subscriptions/AbstractSubscriptionManager.java/operationFinished;4.0.0;21;4;4;0;2;2;5;3;1;5;15;15;30;3;Yes
Bookkeeper;/home/denni/isw2/bookkeeper/hedwig-server/src/main/java/org/apache/hedwig/server/subscriptions/AbstractSubscriptionManager.java/operationFailed;4.0.0;4;1;0;0;2;0;2;0;1;2;2;1;3;1;Yes
Bookkeeper;/home/denni/isw2/bookkeeper/hedwig-server/src/main/java/org/apache/hedwig/server/subscriptions/AbstractSubscriptionManager.java/operationFinished;4.0.0;5;1;0;0;2;0;3;0;1;0;0;0;0;0;No
Bookkeeper;/home/denni/isw2/bookkeeper/hedwig-server/src/main/java/org/apache/hedwig/server/subscriptions/AbstractSubscriptionManager.java/notifySubscribe;4.0.0;4;2;1;0;4;1;2;2;1;0;0;0;0;0;No
Bookkeeper;/home/denni/isw2/bookkeeper/hedwig-server/src/main/java/org/apache/hedwig/server/subscriptions/AbstractSubscriptionManager.java/notifyUnsubcribe;4.0.0;2;2;1;0;1;1;1;1;1;1;1;0;1;1;Yes
Bookkeeper;/home/denni/isw2/bookkeeper/hedwig-server/src/main/java/org/apache/hedwig/server/subscriptions/AbstractSubscriptionManager.java/run;4.0.0;46;7;7;0;0;2;9;8;1;9;110;29;139;2;Yes
Bookkeeper;/home/denni/isw2/bookkeeper/hedwig-server/src/main/java/org/apache/hedwig/server/subscriptions/AbstractSubscriptionManager.java/operationFinished;4.0.0;16;2;1;0;2;1;2;1;1;5;24;5;29;2;Yes
Bookkeeper;/home/denni/isw2/bookkeeper/hedwig-server/src/main/java/org/apache/hedwig/server/subscriptions/AbstractSubscriptionManager.java/operationFailed;4.0.0;4;1;0;0;2;0;2;0;1;3;4;3;7;2;Yes
Bookkeeper;/home/denni/isw2/bookkeeper/hedwig-server/src/main/java/org/apache/hedwig/server/subscriptions/AllToAllTopologyFilter.java/testMessage;4.0.0;5;2;1;0;1;1;1;0;1;2;4;0;4;1;Yes
Bookkeeper;/home/denni/isw2/bookkeeper/hedwig-protocol/src/main/java/org/apache/hedwig/protocol/PubSubProtocol.java/valueOf;4.0.0;28;14;1;0;1;1;1;0;1;7;101;3;104;2;Yes
Bookkeeper;/home/denni/isw2/bookkeeper/hedwig-protocol/src/main/java/org/apache/hedwig/protocol/PubSubProtocol.java/isInitialized;4.0.0;7;4;4;0;0;2;3;0;1;5;22;0;22;2;Yes
Bookkeeper;/home/denni/isw2/bookkeeper/hedwig-protocol/src/main/java/org/apache/hedwig/protocol/PubSubProtocol.java/create;4.0.0;4;1;0;0;0;0;3;1;1;3;12;0;12;2;Yes
Bookkeeper;/home/denni/isw2/bookkeeper/hedwig-protocol/src/main/java/org/apache/hedwig/protocol/PubSubProtocol.java/clone;4.0.0;2;1;0;0;0;0;1;0;1;4;7;0;7;2;Yes
Bookkeeper;/home/denni/isw2/bookkeeper/hedwig-protocol/src/main/java/org/apache/hedwig/protocol/PubSubProtocol.java/buildParsed;4.0.0;4;2;1;0;0;1;2;0;1;4;26;0;26;2;Yes
Bookkeeper;/home/denni/isw2/bookkeeper/hedwig-protocol/src/main/java/org/apache/hedwig/protocol/PubSubProtocol.java/mergeFrom;4.0.0;26;9;6;0;2;3;2;3;1;4;143;0;143;2;Yes
Bookkeeper;/home/denni/isw2/bookkeeper/hedwig-protocol/src/main/java/org/apache/hedwig/protocol/PubSubProtocol.java/setBody;4.0.0;6;2;1;0;1;1;4;0;1;3;19;0;19;2;Yes
Bookkeeper;/home/denni/isw2/bookkeeper/hedwig-protocol/src/main/java/org/apache/hedwig/protocol/PubSubProtocol.java/clearBody;4.0.0;4;1;0;0;0;0;3;0;1;4;13;0;13;2;Yes
Bookkeeper;/home/denni/isw2/bookkeeper/hedwig-protocol/src/main/java/org/apache/hedwig/protocol/PubSubProtocol.java/setSrcRegion;4.0.0;6;2;1;0;1;1;4;0;1;4;21;0;21;2;Yes
Bookkeeper;/home/denni/isw2/bookkeeper/hedwig-protocol/src/main/java/org/apache/hedwig/protocol/PubSubProtocol.java/clearSrcRegion;4.0.0;4;1;0;0;0;0;3;0;1;3;11;0;11;2;Yes
Bookkeeper;/home/denni/isw2/bookkeeper/hedwig-protocol/src/main/java/org/apache/hedwig/protocol/PubSubProtocol.java/setMsgId;4.0.0;6;2;1;0;1;1;4;0;1;4;23;0;23;2;Yes
Bookkeeper;/home/denni/isw2/bookkeeper/hedwig-protocol/src/main/java/org/apache/hedwig/protocol/PubSubProtocol.java/setMsgId;4.0.0;4;1;0;0;1;0;3;0;1;4;14;0;14;2;Yes
Bookkeeper;/home/denni/isw2/bookkeeper/hedwig-protocol/src/main/java/org/apache/hedwig/protocol/PubSubProtocol.java/mergeMsgId;4.0.0;7;2;1;0;1;1;3;0;1;3;30;0;30;2;Yes
Bookkeeper;/home/denni/isw2/bookkeeper/hedwig-protocol/src/main/java/org/apache/hedwig/protocol/PubSubProtocol.java/clearMsgId;4.0.0;4;1;0;0;0;0;3;0;1;4;13;0;13;2;Yes
Bookkeeper;/home/denni/isw2/bookkeeper/hedwig-protocol/src/main/java/org/apache/hedwig/protocol/PubSubProtocol.java/isInitialized;4.0.0;6;3;2;0;0;1;3;0;1;4;16;0;16;2;Yes
Bookkeeper;/home/denni/isw2/bookkeeper/hedwig-protocol/src/main/java/org/apache/hedwig/protocol/PubSubProtocol.java/create;4.0.0;4;1;0;0;0;0;3;1;1;4;14;0;14;2;Yes
Bookkeeper;/home/denni/isw2/bookkeeper/hedwig-protocol/src/main/java/org/apache/hedwig/protocol/PubSubProtocol.java/clone;4.0.0;2;1;0;0;0;0;1;0;1;4;7;0;7;2;Yes
Bookkeeper;/home/denni/isw2/bookkeeper/hedwig-protocol/src/main/java/org/apache/hedwig/protocol/PubSubProtocol.java/buildParsed;4.0.0;4;2;1;0;0;1;2;0;1;4;24;0;24;2;Yes
Bookkeeper;/home/denni/isw2/bookkeeper/hedwig-protocol/src/main/java/org/apache/hedwig/protocol/PubSubProtocol.java/mergeFrom;4.0.0;19;7;5;0;2;3;2;2;1;3;93;0;93;2;Yes
Bookkeeper;/home/denni/isw2/bookkeeper/hedwig-protocol/src/main/java/org/apache/hedwig/protocol/PubSubProtocol.java/setRegion;4.0.0;6;2;1;0;1;1;4;0;1;3;21;0;21;2;Yes
Bookkeeper;/home/denni/isw2/bookkeeper/hedwig-protocol/src/main/java/org/apache/hedwig/protocol/PubSubProtocol.java/clearRegion;4.0.0;4;1;0;0;0;0;3;0;1;3;12;0;12;2;Yes
Bookkeeper;/home/denni/isw2/bookkeeper/hedwig-protocol/src/main/java/org/apache/hedwig/protocol/PubSubProtocol.java/create;4.0.0;4;1;0;0;0;0;3;1;1;4;14;0;14;2;Yes
Bookkeeper;/home/denni/isw2/bookkeeper/hedwig-protocol/src/main/java/org/apache/hedwig/protocol/PubSubProtocol.java/clone;4.0.0;2;1;0;0;0;0;1;0;1;3;6;0;6;2;Yes
Bookkeeper;/home/denni/isw2/bookkeeper/hedwig-protocol/src/main/java/org/apache/hedwig/protocol/PubSubProtocol.java/buildParsed;4.0.0;4;2;1;0;0;1;2;0;1;4;27;0;27;2;Yes
Bookkeeper;/home/denni/isw2/bookkeeper/hedwig-protocol/src/main/java/org/apache/hedwig/protocol/PubSubProtocol.java/buildPartial;4.0.0;8;3;2;0;0;1;5;1;1;5;34;0;34;2;Yes
Bookkeeper;/home/denni/isw2/bookkeeper/hedwig-protocol/src/main/java/org/apache/hedwig/protocol/PubSubProtocol.java/mergeFrom;4.0.0;11;5;5;0;1;2;5;0;1;4;47;0;47;2;Yes
Bookkeeper;/home/denni/isw2/bookkeeper/hedwig-protocol/src/main/java/org/apache/hedwig/protocol/PubSubProtocol.java/mergeFrom;4.0.0;21;7;5;0;2;3;2;3;1;4;122;0;122;2;Yes
Bookkeeper;/home/denni/isw2/bookkeeper/hedwig-protocol/src/main/java/org/apache/hedwig/protocol/PubSubProtocol.java/setRemoteComponents;4.0.0;5;2;1;0;2;1;3;0;1;4;21;0;21;2;Yes
Bookkeeper;/home/denni/isw2/bookkeeper/hedwig-protocol/src/main/java/org/apache/hedwig/protocol/PubSubProtocol.java/setRemoteComponents;4.0.0;3;1;0;0;2;0;2;0;1;4;12;0;12;2;Yes
Bookkeeper;/home/denni/isw2/bookkeeper/hedwig-protocol/src/main/java/org/apache/hedwig/protocol/PubSubProtocol.java/addRemoteComponents;4.0.0;7;3;2;0;1;1;4;0;1;3;27;0;27;2;Yes
Bookkeeper;/home/denni/isw2/bookkeeper/hedwig-protocol/src/main/java/org/apache/hedwig/protocol/PubSubProtocol.java/addRemoteComponents;4.0.0;5;2;1;0;1;1;3;0;1;3;18;0;18;2;Yes
Bookkeeper;/home/denni/isw2/bookkeeper/hedwig-protocol/src/main/java/org/apache/hedwig/protocol/PubSubProtocol.java/addAllRemoteComponents;4.0.0;5;2;1;0;1;1;3;0;1;3;21;0;21;2;Yes
Bookkeeper;/home/denni/isw2/bookkeeper/hedwig-protocol/src/main/java/org/apache/hedwig/protocol/PubSubProtocol.java/clearRemoteComponents;4.0.0;3;1;0;0;0;0;2;0;1;3;9;0;9;2;Yes
Bookkeeper;/home/denni/isw2/bookkeeper/hedwig-protocol/src/main/java/org/apache/hedwig/protocol/PubSubProtocol.java/isInitialized;4.0.0;28;17;17;0;0;2;11;0;1;4;83;0;83;2;Yes
Bookkeeper;/home/denni/isw2/bookkeeper/hedwig-protocol/src/main/java/org/apache/hedwig/protocol/PubSubProtocol.java/writeTo;4.0.0;27;13;12;0;1;1;14;1;1;4;129;0;129;2;Yes
Bookkeeper;/home/denni/isw2/bookkeeper/hedwig-protocol/src/main/java/org/apache/hedwig/protocol/PubSubProtocol.java/getSerializedSize;4.0.0;35;14;13;0;0;1;18;3;1;4;230;0;230;2;Yes
Bookkeeper;/home/denni/isw2/bookkeeper/hedwig-protocol/src/main/java/org/apache/hedwig/protocol/PubSubProtocol.java/create;4.0.0;4;1;0;0;0;0;3;1;1;4;14;0;14;2;Yes
Bookkeeper;/home/denni/isw2/bookkeeper/hedwig-protocol/src/main/java/org/apache/hedwig/protocol/PubSubProtocol.java/clone;4.0.0;2;1;0;0;0;0;1;0;1;3;6;0;6;2;Yes
Bookkeeper;/home/denni/isw2/bookkeeper/hedwig-protocol/src/main/java/org/apache/hedwig/protocol/PubSubProtocol.java/buildParsed;4.0.0;4;2;1;0;0;1;2;0;1;3;15;0;15;2;Yes
Bookkeeper;/home/denni/isw2/bookkeeper/hedwig-protocol/src/main/java/org/apache/hedwig/protocol/PubSubProtocol.java/buildPartial;4.0.0;8;3;2;0;0;1;5;1;1;3;32;0;32;2;Yes
Bookkeeper;/home/denni/isw2/bookkeeper/hedwig-protocol/src/main/java/org/apache/hedwig/protocol/PubSubProtocol.java/mergeFrom;4.0.0;31;15;15;0;1;2;15;0;1;4;134;0;134;2;Yes
Bookkeeper;/home/denni/isw2/bookkeeper/hedwig-protocol/src/main/java/org/apache/hedwig/protocol/PubSubProtocol.java/mergeFrom;4.0.0;83;25;13;0;2;3;2;12;1;4;288;0;288;2;Yes
Bookkeeper;/home/denni/isw2/bookkeeper/hedwig-protocol/src/main/java/org/apache/hedwig/protocol/PubSubProtocol.java/setProtocolVersion;4.0.0;6;2;1;0;1;1;4;0;1;3;17;0;17;2;Yes
Bookkeeper;/home/denni/isw2/bookkeeper/hedwig-protocol/src/main/java/org/apache/hedwig/protocol/PubSubProtocol.java/clearProtocolVersion;4.0.0;4;1;0;0;0;0;3;0;1;3;12;0;12;2;Yes
Bookkeeper;/home/denni/isw2/bookkeeper/hedwig-protocol/src/main/java/org/apache/hedwig/protocol/PubSubProtocol.java/setType;4.0.0;6;2;1;0;1;1;4;0;1;3;21;0;21;2;Yes
Bookkeeper;/home/denni/isw2/bookkeeper/hedwig-protocol/src/main/java/org/apache/hedwig/protocol/PubSubProtocol.java/clearType;4.0.0;4;1;0;0;0;0;3;0;1;3;9;0;9;2;Yes
Bookkeeper;/home/denni/isw2/bookkeeper/hedwig-protocol/src/main/java/org/apache/hedwig/protocol/PubSubProtocol.java/setTriedServers;4.0.0;5;2;1;0;2;1;3;0;1;3;16;0;16;2;Yes
Bookkeeper;/home/denni/isw2/bookkeeper/hedwig-protocol/src/main/java/org/apache/hedwig/protocol/PubSubProtocol.java/addTriedServers;4.0.0;7;3;2;0;1;1;4;0;1;3;22;0;22;2;Yes
Bookkeeper;/home/denni/isw2/bookkeeper/hedwig-protocol/src/main/java/org/apache/hedwig/protocol/PubSubProtocol.java/addAllTriedServers;4.0.0;5;2;1;0;1;1;3;0;1;3;21;0;21;2;Yes
Bookkeeper;/home/denni/isw2/bookkeeper/hedwig-protocol/src/main/java/org/apache/hedwig/protocol/PubSubProtocol.java/clearTriedServers;4.0.0;3;1;0;0;0;0;2;0;1;3;9;0;9;2;Yes
Bookkeeper;/home/denni/isw2/bookkeeper/hedwig-protocol/src/main/java/org/apache/hedwig/protocol/PubSubProtocol.java/setTopic;4.0.0;6;2;1;0;1;1;4;0;1;3;18;0;18;2;Yes
Bookkeeper;/home/denni/isw2/bookkeeper/hedwig-protocol/src/main/java/org/apache/hedwig/protocol/PubSubProtocol.java/clearTopic;4.0.0;4;1;0;0;0;0;3;0;1;3;11;0;11;2;Yes
Bookkeeper;/home/denni/isw2/bookkeeper/hedwig-protocol/src/main/java/org/apache/hedwig/protocol/PubSubProtocol.java/setPublishRequest;4.0.0;6;2;1;0;1;1;4;0;1;3;19;0;19;2;Yes
Bookkeeper;/home/denni/isw2/bookkeeper/hedwig-protocol/src/main/java/org/apache/hedwig/protocol/PubSubProtocol.java/setPublishRequest;4.0.0;4;1;0;0;1;0;3;0;1;3;11;0;11;2;Yes
Bookkeeper;/home/denni/isw2/bookkeeper/hedwig-protocol/src/main/java/org/apache/hedwig/protocol/PubSubProtocol.java/mergePublishRequest;4.0.0;7;2;1;0;1;1;3;0;1;3;22;0;22;2;Yes
Bookkeeper;/home/denni/isw2/bookkeeper/hedwig-protocol/src/main/java/org/apache/hedwig/protocol/PubSubProtocol.java/clearPublishRequest;4.0.0;4;1;0;0;0;0;3;0;1;3;9;0;9;2;Yes
Bookkeeper;/home/denni/isw2/bookkeeper/hedwig-protocol/src/main/java/org/apache/hedwig/protocol/PubSubProtocol.java/setSubscribeRequest;4.0.0;6;2;1;0;1;1;4;0;1;3;16;0;16;2;Yes
Bookkeeper;/home/denni/isw2/bookkeeper/hedwig-protocol/src/main/java/org/apache/hedwig/protocol/PubSubProtocol.java/setSubscribeRequest;4.0.0;4;1;0;0;1;0;3;0;1;3;10;0;10;2;Yes
Bookkeeper;/home/denni/isw2/bookkeeper/hedwig-protocol/src/main/java/org/apache/hedwig/protocol/PubSubProtocol.java/mergeSubscribeRequest;4.0.0;7;2;1;0;1;1;3;0;1;4;31;0;31;2;Yes
Bookkeeper;/home/denni/isw2/bookkeeper/hedwig-protocol/src/main/java/org/apache/hedwig/protocol/PubSubProtocol.java/clearSubscribeRequest;4.0.0;4;1;0;0;0;0;3;0;1;4;12;0;12;2;Yes
Bookkeeper;/home/denni/isw2/bookkeeper/hedwig-protocol/src/main/java/org/apache/hedwig/protocol/PubSubProtocol.java/setConsumeRequest;4.0.0;6;2;1;0;1;1;4;0;1;3;16;0;16;2;Yes
Bookkeeper;/home/denni/isw2/bookkeeper/hedwig-protocol/src/main/java/org/apache/hedwig/protocol/PubSubProtocol.java/setConsumeRequest;4.0.0;4;1;0;0;1;0;3;0;1;3;10;0;10;2;Yes
Bookkeeper;/home/denni/isw2/bookkeeper/hedwig-protocol/src/main/java/org/apache/hedwig/protocol/PubSubProtocol.java/mergeConsumeRequest;4.0.0;7;2;1;0;1;1;3;0;1;3;24;0;24;2;Yes
Bookkeeper;/home/denni/isw2/bookkeeper/hedwig-protocol/src/main/java/org/apache/hedwig/protocol/PubSubProtocol.java/clearConsumeRequest;4.0.0;4;1;0;0;0;0;3;0;1;2;8;0;8;2;Yes
Bookkeeper;/home/denni/isw2/bookkeeper/hedwig-protocol/src/main/java/org/apache/hedwig/protocol/PubSubProtocol.java/setUnsubscribeRequest;4.0.0;6;2;1;0;1;1;4;0;1;2;14;0;14;2;Yes
Bookkeeper;/home/denni/isw2/bookkeeper/hedwig-protocol/src/main/java/org/apache/hedwig/protocol/PubSubProtocol.java/setUnsubscribeRequest;4.0.0;4;1;0;0;1;0;3;0;1;2;8;0;8;2;Yes
Bookkeeper;/home/denni/isw2/bookkeeper/hedwig-protocol/src/main/java/org/apache/hedwig/protocol/PubSubProtocol.java/mergeUnsubscribeRequest;4.0.0;7;2;1;0;1;1;3;0;1;2;20;0;20;2;Yes
Bookkeeper;/home/denni/isw2/bookkeeper/hedwig-protocol/src/main/java/org/apache/hedwig/protocol/PubSubProtocol.java/clearUnsubscribeRequest;4.0.0;4;1;0;0;0;0;3;0;1;2;8;0;8;2;Yes
Bookkeeper;/home/denni/isw2/bookkeeper/hedwig-protocol/src/main/java/org/apache/hedwig/protocol/PubSubProtocol.java/setStopDeliveryRequest;4.0.0;6;2;1;0;1;1;4;0;1;2;14;0;14;2;Yes
Bookkeeper;/home/denni/isw2/bookkeeper/hedwig-protocol/src/main/java/org/apache/hedwig/protocol/PubSubProtocol.java/setStopDeliveryRequest;4.0.0;4;1;0;0;1;0;3;0;1;2;8;0;8;2;Yes
Bookkeeper;/home/denni/isw2/bookkeeper/hedwig-protocol/src/main/java/org/apache/hedwig/protocol/PubSubProtocol.java/mergeStopDeliveryRequest;4.0.0;7;2;1;0;1;1;3;0;1;3;26;0;26;2;Yes
Bookkeeper;/home/denni/isw2/bookkeeper/hedwig-protocol/src/main/java/org/apache/hedwig/protocol/PubSubProtocol.java/clearStopDeliveryRequest;4.0.0;4;1;0;0;0;0;3;0;1;3;12;0;12;2;Yes
Bookkeeper;/home/denni/isw2/bookkeeper/hedwig-protocol/src/main/java/org/apache/hedwig/protocol/PubSubProtocol.java/setStartDeliveryRequest;4.0.0;6;2;1;0;1;1;4;0;1;3;21;0;21;2;Yes
Bookkeeper;/home/denni/isw2/bookkeeper/hedwig-protocol/src/main/java/org/apache/hedwig/protocol/PubSubProtocol.java/setStartDeliveryRequest;4.0.0;4;1;0;0;1;0;3;0;1;3;12;0;12;2;Yes
Bookkeeper;/home/denni/isw2/bookkeeper/hedwig-protocol/src/main/java/org/apache/hedwig/protocol/PubSubProtocol.java/mergeStartDeliveryRequest;4.0.0;7;2;1;0;1;1;3;0;1;4;28;0;28;2;Yes
Bookkeeper;/home/denni/isw2/bookkeeper/hedwig-protocol/src/main/java/org/apache/hedwig/protocol/PubSubProtocol.java/clearStartDeliveryRequest;4.0.0;4;1;0;0;0;0;3;0;1;4;16;0;16;2;Yes
Bookkeeper;/home/denni/isw2/bookkeeper/hedwig-protocol/src/main/java/org/apache/hedwig/protocol/PubSubProtocol.java/isInitialized;4.0.0;6;3;2;0;0;1;3;0;1;3;12;0;12;2;Yes
Bookkeeper;/home/denni/isw2/bookkeeper/hedwig-protocol/src/main/java/org/apache/hedwig/protocol/PubSubProtocol.java/create;4.0.0;4;1;0;0;0;0;3;1;1;2;8;0;8;2;Yes
Bookkeeper;/home/denni/isw2/bookkeeper/hedwig-protocol/src/main/java/org/apache/hedwig/protocol/PubSubProtocol.java/clone;4.0.0;2;1;0;0;0;0;1;0;1;2;4;0;4;2;Yes
Bookkeeper;/home/denni/isw2/bookkeeper/hedwig-protocol/src/main/java/org/apache/hedwig/protocol/PubSubProtocol.java/buildParsed;4.0.0;4;2;1;0;0;1;2;0;1;3;17;0;17;2;Yes
Bookkeeper;/home/denni/isw2/bookkeeper/hedwig-protocol/src/main/java/org/apache/hedwig/protocol/PubSubProtocol.java/mergeFrom;4.0.0;20;7;6;0;2;3;2;3;1;3;87;0;87;2;Yes
Bookkeeper;/home/denni/isw2/bookkeeper/hedwig-protocol/src/main/java/org/apache/hedwig/protocol/PubSubProtocol.java/setMsg;4.0.0;6;2;1;0;1;1;4;0;1;2;14;0;14;2;Yes
Bookkeeper;/home/denni/isw2/bookkeeper/hedwig-protocol/src/main/java/org/apache/hedwig/protocol/PubSubProtocol.java/setMsg;4.0.0;4;1;0;0;1;0;3;0;1;3;10;0;10;2;Yes
Bookkeeper;/home/denni/isw2/bookkeeper/hedwig-protocol/src/main/java/org/apache/hedwig/protocol/PubSubProtocol.java/mergeMsg;4.0.0;7;2;1;0;1;1;3;0;1;3;22;0;22;2;Yes
Bookkeeper;/home/denni/isw2/bookkeeper/hedwig-protocol/src/main/java/org/apache/hedwig/protocol/PubSubProtocol.java/clearMsg;4.0.0;4;1;0;0;0;0;3;0;1;3;9;0;9;2;Yes
Bookkeeper;/home/denni/isw2/bookkeeper/hedwig-protocol/src/main/java/org/apache/hedwig/protocol/PubSubProtocol.java/isInitialized;4.0.0;4;2;1;0;0;1;2;0;1;2;5;0;5;2;Yes
Bookkeeper;/home/denni/isw2/bookkeeper/hedwig-protocol/src/main/java/org/apache/hedwig/protocol/PubSubProtocol.java/create;4.0.0;4;1;0;0;0;0;3;1;1;3;12;0;12;2;Yes
Bookkeeper;/home/denni/isw2/bookkeeper/hedwig-protocol/src/main/java/org/apache/hedwig/protocol/PubSubProtocol.java/clone;4.0.0;2;1;0;0;0;0;1;0;1;3;5;0;5;2;Yes
Bookkeeper;/home/denni/isw2/bookkeeper/hedwig-protocol/src/main/java/org/apache/hedwig/protocol/PubSubProtocol.java/buildParsed;4.0.0;4;2;1;0;0;1;2;0;1;3;21;0;21;2;Yes
Bookkeeper;/home/denni/isw2/bookkeeper/hedwig-protocol/src/main/java/org/apache/hedwig/protocol/PubSubProtocol.java/mergeFrom;4.0.0;27;9;6;0;2;3;2;4;1;3;113;0;113;2;Yes
Bookkeeper;/home/denni/isw2/bookkeeper/hedwig-protocol/src/main/java/org/apache/hedwig/protocol/PubSubProtocol.java/setSubscriberId;4.0.0;6;2;1;0;1;1;4;0;1;3;19;0;19;2;Yes
Bookkeeper;/home/denni/isw2/bookkeeper/hedwig-protocol/src/main/java/org/apache/hedwig/protocol/PubSubProtocol.java/clearSubscriberId;4.0.0;4;1;0;0;0;0;3;0;1;3;9;0;9;2;Yes
Bookkeeper;/home/denni/isw2/bookkeeper/hedwig-protocol/src/main/java/org/apache/hedwig/protocol/PubSubProtocol.java/setCreateOrAttach;4.0.0;6;2;1;0;1;1;4;0;1;3;20;0;20;2;Yes
Bookkeeper;/home/denni/isw2/bookkeeper/hedwig-protocol/src/main/java/org/apache/hedwig/protocol/PubSubProtocol.java/clearCreateOrAttach;4.0.0;4;1;0;0;0;0;3;0;1;3;10;0;10;2;Yes
Bookkeeper;/home/denni/isw2/bookkeeper/hedwig-protocol/src/main/java/org/apache/hedwig/protocol/PubSubProtocol.java/isInitialized;4.0.0;8;4;3;0;0;1;4;0;1;3;11;0;11;2;Yes
Bookkeeper;/home/denni/isw2/bookkeeper/hedwig-protocol/src/main/java/org/apache/hedwig/protocol/PubSubProtocol.java/create;4.0.0;4;1;0;0;0;0;3;1;1;3;12;0;12;2;Yes
Bookkeeper;/home/denni/isw2/bookkeeper/hedwig-protocol/src/main/java/org/apache/hedwig/protocol/PubSubProtocol.java/clone;4.0.0;2;1;0;0;0;0;1;0;1;3;5;0;5;2;Yes
Bookkeeper;/home/denni/isw2/bookkeeper/hedwig-protocol/src/main/java/org/apache/hedwig/protocol/PubSubProtocol.java/buildParsed;4.0.0;4;2;1;0;0;1;2;0;1;3;19;0;19;2;Yes
Bookkeeper;/home/denni/isw2/bookkeeper/hedwig-protocol/src/main/java/org/apache/hedwig/protocol/PubSubProtocol.java/mergeFrom;4.0.0;23;8;6;0;2;3;2;3;1;3;102;0;102;2;Yes
Bookkeeper;/home/denni/isw2/bookkeeper/hedwig-protocol/src/main/java/org/apache/hedwig/protocol/PubSubProtocol.java/setSubscriberId;4.0.0;6;2;1;0;1;1;4;0;1;3;16;0;16;2;Yes
Bookkeeper;/home/denni/isw2/bookkeeper/hedwig-protocol/src/main/java/org/apache/hedwig/protocol/PubSubProtocol.java/clearSubscriberId;4.0.0;4;1;0;0;0;0;3;0;1;3;12;0;12;2;Yes
Bookkeeper;/home/denni/isw2/bookkeeper/hedwig-protocol/src/main/java/org/apache/hedwig/protocol/PubSubProtocol.java/setMsgId;4.0.0;6;2;1;0;1;1;4;0;1;2;14;0;14;2;Yes
Bookkeeper;/home/denni/isw2/bookkeeper/hedwig-protocol/src/main/java/org/apache/hedwig/protocol/PubSubProtocol.java/setMsgId;4.0.0;4;1;0;0;1;0;3;0;1;2;8;0;8;2;Yes
Bookkeeper;/home/denni/isw2/bookkeeper/hedwig-protocol/src/main/java/org/apache/hedwig/protocol/PubSubProtocol.java/mergeMsgId;4.0.0;7;2;1;0;1;1;3;0;1;3;21;0;21;2;Yes
Bookkeeper;/home/denni/isw2/bookkeeper/hedwig-protocol/src/main/java/org/apache/hedwig/protocol/PubSubProtocol.java/clearMsgId;4.0.0;4;1;0;0;0;0;3;0;1;3;12;0;12;2;Yes
Bookkeeper;/home/denni/isw2/bookkeeper/hedwig-protocol/src/main/java/org/apache/hedwig/protocol/PubSubProtocol.java/isInitialized;4.0.0;4;2;1;0;0;1;2;0;1;3;8;0;8;2;Yes
Bookkeeper;/home/denni/isw2/bookkeeper/hedwig-protocol/src/main/java/org/apache/hedwig/protocol/PubSubProtocol.java/create;4.0.0;4;1;0;0;0;0;3;1;1;3;12;0;12;2;Yes
Bookkeeper;/home/denni/isw2/bookkeeper/hedwig-protocol/src/main/java/org/apache/hedwig/protocol/PubSubProtocol.java/clone;4.0.0;2;1;0;0;0;0;1;0;1;2;3;0;3;2;Yes
Bookkeeper;/home/denni/isw2/bookkeeper/hedwig-protocol/src/main/java/org/apache/hedwig/protocol/PubSubProtocol.java/buildParsed;4.0.0;4;2;1;0;0;1;2;0;1;3;20;0;20;2;Yes
Bookkeeper;/home/denni/isw2/bookkeeper/hedwig-protocol/src/main/java/org/apache/hedwig/protocol/PubSubProtocol.java/mergeFrom;4.0.0;16;6;5;0;2;3;2;2;1;3;64;0;64;2;Yes
Bookkeeper;/home/denni/isw2/bookkeeper/hedwig-protocol/src/main/java/org/apache/hedwig/protocol/PubSubProtocol.java/setSubscriberId;4.0.0;6;2;1;0;1;1;4;0;1;3;20;0;20;2;Yes
Bookkeeper;/home/denni/isw2/bookkeeper/hedwig-protocol/src/main/java/org/apache/hedwig/protocol/PubSubProtocol.java/clearSubscriberId;4.0.0;4;1;0;0;0;0;3;0;1;3;10;0;10;2;Yes
Bookkeeper;/home/denni/isw2/bookkeeper/hedwig-protocol/src/main/java/org/apache/hedwig/protocol/PubSubProtocol.java/isInitialized;4.0.0;4;2;1;0;0;1;2;0;1;3;8;0;8;2;Yes
Bookkeeper;/home/denni/isw2/bookkeeper/hedwig-protocol/src/main/java/org/apache/hedwig/protocol/PubSubProtocol.java/create;4.0.0;4;1;0;0;0;0;3;1;1;2;8;0;8;2;Yes
Bookkeeper;/home/denni/isw2/bookkeeper/hedwig-protocol/src/main/java/org/apache/hedwig/protocol/PubSubProtocol.java/clone;4.0.0;2;1;0;0;0;0;1;0;1;2;3;0;3;2;Yes
Bookkeeper;/home/denni/isw2/bookkeeper/hedwig-protocol/src/main/java/org/apache/hedwig/protocol/PubSubProtocol.java/buildParsed;4.0.0;4;2;1;0;0;1;2;0;1;3;15;0;15;2;Yes
Bookkeeper;/home/denni/isw2/bookkeeper/hedwig-protocol/src/main/java/org/apache/hedwig/protocol/PubSubProtocol.java/mergeFrom;4.0.0;16;6;5;0;2;3;2;2;1;3;73;0;73;2;Yes
Bookkeeper;/home/denni/isw2/bookkeeper/hedwig-protocol/src/main/java/org/apache/hedwig/protocol/PubSubProtocol.java/setSubscriberId;4.0.0;6;2;1;0;1;1;4;0;1;3;18;0;18;2;Yes
Bookkeeper;/home/denni/isw2/bookkeeper/hedwig-protocol/src/main/java/org/apache/hedwig/protocol/PubSubProtocol.java/clearSubscriberId;4.0.0;4;1;0;0;0;0;3;0;1;2;8;0;8;2;Yes
Bookkeeper;/home/denni/isw2/bookkeeper/hedwig-protocol/src/main/java/org/apache/hedwig/protocol/PubSubProtocol.java/isInitialized;4.0.0;4;2;1;0;0;1;2;0;1;2;5;0;5;2;Yes
Bookkeeper;/home/denni/isw2/bookkeeper/hedwig-protocol/src/main/java/org/apache/hedwig/protocol/PubSubProtocol.java/create;4.0.0;4;1;0;0;0;0;3;1;1;3;9;0;9;2;Yes
Bookkeeper;/home/denni/isw2/bookkeeper/hedwig-protocol/src/main/java/org/apache/hedwig/protocol/PubSubProtocol.java/clone;4.0.0;2;1;0;0;0;0;1;0;1;4;6;0;6;2;Yes
Bookkeeper;/home/denni/isw2/bookkeeper/hedwig-protocol/src/main/java/org/apache/hedwig/protocol/PubSubProtocol.java/buildParsed;4.0.0;4;2;1;0;0;1;2;0;1;2;14;0;14;2;Yes
Bookkeeper;/home/denni/isw2/bookkeeper/hedwig-protocol/src/main/java/org/apache/hedwig/protocol/PubSubProtocol.java/mergeFrom;4.0.0;16;6;5;0;2;3;2;2;1;4;61;0;61;2;Yes
Bookkeeper;/home/denni/isw2/bookkeeper/hedwig-protocol/src/main/java/org/apache/hedwig/protocol/PubSubProtocol.java/setSubscriberId;4.0.0;6;2;1;0;1;1;4;0;1;3;17;0;17;2;Yes
Bookkeeper;/home/denni/isw2/bookkeeper/hedwig-protocol/src/main/java/org/apache/hedwig/protocol/PubSubProtocol.java/clearSubscriberId;4.0.0;4;1;0;0;0;0;3;0;1;2;8;0;8;2;Yes
Bookkeeper;/home/denni/isw2/bookkeeper/hedwig-protocol/src/main/java/org/apache/hedwig/protocol/PubSubProtocol.java/isInitialized;4.0.0;11;6;6;0;0;2;5;0;1;2;16;0;16;2;Yes
Bookkeeper;/home/denni/isw2/bookkeeper/hedwig-protocol/src/main/java/org/apache/hedwig/protocol/PubSubProtocol.java/getSerializedSize;4.0.0;22;9;8;0;0;1;13;1;1;3;85;0;85;2;Yes
Bookkeeper;/home/denni/isw2/bookkeeper/hedwig-protocol/src/main/java/org/apache/hedwig/protocol/PubSubProtocol.java/create;4.0.0;4;1;0;0;0;0;3;1;1;3;10;0;10;2;Yes
Bookkeeper;/home/denni/isw2/bookkeeper/hedwig-protocol/src/main/java/org/apache/hedwig/protocol/PubSubProtocol.java/clone;4.0.0;2;1;0;0;0;0;1;0;1;3;5;0;5;2;Yes
Bookkeeper;/home/denni/isw2/bookkeeper/hedwig-protocol/src/main/java/org/apache/hedwig/protocol/PubSubProtocol.java/buildParsed;4.0.0;4;2;1;0;0;1;2;0;1;3;16;0;16;2;Yes
Bookkeeper;/home/denni/isw2/bookkeeper/hedwig-protocol/src/main/java/org/apache/hedwig/protocol/PubSubProtocol.java/mergeFrom;4.0.0;19;9;8;0;1;1;10;0;1;3;66;0;66;2;Yes
Bookkeeper;/home/denni/isw2/bookkeeper/hedwig-protocol/src/main/java/org/apache/hedwig/protocol/PubSubProtocol.java/mergeFrom;4.0.0;48;15;8;0;2;3;2;7;1;3;147;0;147;2;Yes
Bookkeeper;/home/denni/isw2/bookkeeper/hedwig-protocol/src/main/java/org/apache/hedwig/protocol/PubSubProtocol.java/setProtocolVersion;4.0.0;6;2;1;0;1;1;4;0;1;3;17;0;17;2;Yes
Bookkeeper;/home/denni/isw2/bookkeeper/hedwig-protocol/src/main/java/org/apache/hedwig/protocol/PubSubProtocol.java/clearProtocolVersion;4.0.0;4;1;0;0;0;0;3;0;1;3;11;0;11;2;Yes
Bookkeeper;/home/denni/isw2/bookkeeper/hedwig-protocol/src/main/java/org/apache/hedwig/protocol/PubSubProtocol.java/setStatusCode;4.0.0;6;2;1;0;1;1;4;0;1;3;17;0;17;2;Yes
Bookkeeper;/home/denni/isw2/bookkeeper/hedwig-protocol/src/main/java/org/apache/hedwig/protocol/PubSubProtocol.java/clearStatusCode;4.0.0;4;1;0;0;0;0;3;0;1;3;11;0;11;2;Yes
Bookkeeper;/home/denni/isw2/bookkeeper/hedwig-protocol/src/main/java/org/apache/hedwig/protocol/PubSubProtocol.java/setStatusMsg;4.0.0;6;2;1;0;1;1;4;0;1;4;24;0;24;2;Yes
Bookkeeper;/home/denni/isw2/bookkeeper/hedwig-protocol/src/main/java/org/apache/hedwig/protocol/PubSubProtocol.java/setMessage;4.0.0;6;2;1;0;1;1;4;0;1;4;22;0;22;2;Yes
Bookkeeper;/home/denni/isw2/bookkeeper/hedwig-protocol/src/main/java/org/apache/hedwig/protocol/PubSubProtocol.java/setMessage;4.0.0;4;1;0;0;1;0;3;0;1;4;16;0;16;2;Yes
Bookkeeper;/home/denni/isw2/bookkeeper/hedwig-protocol/src/main/java/org/apache/hedwig/protocol/PubSubProtocol.java/mergeMessage;4.0.0;7;2;1;0;1;1;3;0;1;4;36;0;36;2;Yes
Bookkeeper;/home/denni/isw2/bookkeeper/hedwig-protocol/src/main/java/org/apache/hedwig/protocol/PubSubProtocol.java/clearMessage;4.0.0;4;1;0;0;0;0;3;0;1;4;16;0;16;2;Yes
Bookkeeper;/home/denni/isw2/bookkeeper/hedwig-protocol/src/main/java/org/apache/hedwig/protocol/PubSubProtocol.java/setTopic;4.0.0;6;2;1;0;1;1;4;0;1;4;28;0;28;2;Yes
Bookkeeper;/home/denni/isw2/bookkeeper/hedwig-protocol/src/main/java/org/apache/hedwig/protocol/PubSubProtocol.java/clearTopic;4.0.0;4;1;0;0;0;0;3;0;1;4;16;0;16;2;Yes
Bookkeeper;/home/denni/isw2/bookkeeper/hedwig-protocol/src/main/java/org/apache/hedwig/protocol/PubSubProtocol.java/setSubscriberId;4.0.0;6;2;1;0;1;1;4;0;1;4;24;0;24;2;Yes
Bookkeeper;/home/denni/isw2/bookkeeper/hedwig-protocol/src/main/java/org/apache/hedwig/protocol/PubSubProtocol.java/clearSubscriberId;4.0.0;4;1;0;0;0;0;3;0;1;3;12;0;12;2;Yes
Bookkeeper;/home/denni/isw2/bookkeeper/hedwig-protocol/src/main/java/org/apache/hedwig/protocol/PubSubProtocol.java/isInitialized;4.0.0;6;3;2;0;0;1;3;0;1;3;11;0;11;2;Yes
Bookkeeper;/home/denni/isw2/bookkeeper/hedwig-protocol/src/main/java/org/apache/hedwig/protocol/PubSubProtocol.java/create;4.0.0;4;1;0;0;0;0;3;1;1;4;13;0;13;2;Yes
Bookkeeper;/home/denni/isw2/bookkeeper/hedwig-protocol/src/main/java/org/apache/hedwig/protocol/PubSubProtocol.java/clone;4.0.0;2;1;0;0;0;0;1;0;1;4;7;0;7;2;Yes
Bookkeeper;/home/denni/isw2/bookkeeper/hedwig-protocol/src/main/java/org/apache/hedwig/protocol/PubSubProtocol.java/buildParsed;4.0.0;4;2;1;0;0;1;2;0;1;4;23;0;23;2;Yes
Bookkeeper;/home/denni/isw2/bookkeeper/hedwig-protocol/src/main/java/org/apache/hedwig/protocol/PubSubProtocol.java/mergeFrom;4.0.0;20;7;6;0;2;3;2;3;1;5;134;0;134;2;Yes
Bookkeeper;/home/denni/isw2/bookkeeper/hedwig-protocol/src/main/java/org/apache/hedwig/protocol/PubSubProtocol.java/setMsgId;4.0.0;6;2;1;0;1;1;4;0;1;5;31;0;31;2;Yes
Bookkeeper;/home/denni/isw2/bookkeeper/hedwig-protocol/src/main/java/org/apache/hedwig/protocol/PubSubProtocol.java/setMsgId;4.0.0;4;1;0;0;1;0;3;0;1;5;18;0;18;2;Yes
Bookkeeper;/home/denni/isw2/bookkeeper/hedwig-protocol/src/main/java/org/apache/hedwig/protocol/PubSubProtocol.java/mergeMsgId;4.0.0;7;2;1;0;1;1;3;0;1;5;46;0;46;2;Yes
Bookkeeper;/home/denni/isw2/bookkeeper/hedwig-protocol/src/main/java/org/apache/hedwig/protocol/PubSubProtocol.java/clearMsgId;4.0.0;4;1;0;0;0;0;3;0;1;5;20;0;20;2;Yes
Bookkeeper;/home/denni/isw2/bookkeeper/hedwig-protocol/src/main/java/org/apache/hedwig/protocol/PubSubProtocol.java/isInitialized;4.0.0;7;4;4;0;0;2;3;0;1;3;15;0;15;2;Yes
Bookkeeper;/home/denni/isw2/bookkeeper/hedwig-protocol/src/main/java/org/apache/hedwig/protocol/PubSubProtocol.java/create;4.0.0;4;1;0;0;0;0;3;1;1;2;8;0;8;2;Yes
Bookkeeper;/home/denni/isw2/bookkeeper/hedwig-protocol/src/main/java/org/apache/hedwig/protocol/PubSubProtocol.java/clone;4.0.0;2;1;0;0;0;0;1;0;1;2;3;0;3;2;Yes
Bookkeeper;/home/denni/isw2/bookkeeper/hedwig-protocol/src/main/java/org/apache/hedwig/protocol/PubSubProtocol.java/buildParsed;4.0.0;4;2;1;0;0;1;2;0;1;3;16;0;16;2;Yes
Bookkeeper;/home/denni/isw2/bookkeeper/hedwig-protocol/src/main/java/org/apache/hedwig/protocol/PubSubProtocol.java/mergeFrom;4.0.0;23;8;6;0;2;3;2;3;1;5;93;0;93;2;Yes
Bookkeeper;/home/denni/isw2/bookkeeper/hedwig-protocol/src/main/java/org/apache/hedwig/protocol/PubSubProtocol.java/setEndSeqIdIncluded;4.0.0;6;2;1;0;1;1;4;0;1;3;17;0;17;2;Yes
Bookkeeper;/home/denni/isw2/bookkeeper/hedwig-protocol/src/main/java/org/apache/hedwig/protocol/PubSubProtocol.java/setEndSeqIdIncluded;4.0.0;4;1;0;0;1;0;3;0;1;2;8;0;8;2;Yes
Bookkeeper;/home/denni/isw2/bookkeeper/hedwig-protocol/src/main/java/org/apache/hedwig/protocol/PubSubProtocol.java/mergeEndSeqIdIncluded;4.0.0;7;2;1;0;1;1;3;0;1;3;27;0;27;2;Yes
Bookkeeper;/home/denni/isw2/bookkeeper/hedwig-protocol/src/main/java/org/apache/hedwig/protocol/PubSubProtocol.java/clearEndSeqIdIncluded;4.0.0;4;1;0;0;0;0;3;0;1;3;11;0;11;2;Yes
Bookkeeper;/home/denni/isw2/bookkeeper/hedwig-protocol/src/main/java/org/apache/hedwig/protocol/PubSubProtocol.java/create;4.0.0;4;1;0;0;0;0;3;1;1;2;8;0;8;2;Yes
Bookkeeper;/home/denni/isw2/bookkeeper/hedwig-protocol/src/main/java/org/apache/hedwig/protocol/PubSubProtocol.java/clone;4.0.0;2;1;0;0;0;0;1;0;1;2;3;0;3;2;Yes
Bookkeeper;/home/denni/isw2/bookkeeper/hedwig-protocol/src/main/java/org/apache/hedwig/protocol/PubSubProtocol.java/buildParsed;4.0.0;4;2;1;0;0;1;2;0;1;2;14;0;14;2;Yes
Bookkeeper;/home/denni/isw2/bookkeeper/hedwig-protocol/src/main/java/org/apache/hedwig/protocol/PubSubProtocol.java/buildPartial;4.0.0;8;3;2;0;0;1;5;1;1;5;42;0;42;2;Yes
Bookkeeper;/home/denni/isw2/bookkeeper/hedwig-protocol/src/main/java/org/apache/hedwig/protocol/PubSubProtocol.java/mergeFrom;4.0.0;9;4;4;0;1;2;4;0;1;3;30;0;30;2;Yes
Bookkeeper;/home/denni/isw2/bookkeeper/hedwig-protocol/src/main/java/org/apache/hedwig/protocol/PubSubProtocol.java/mergeFrom;4.0.0;18;6;5;0;2;3;2;3;1;4;73;0;73;2;Yes
Bookkeeper;/home/denni/isw2/bookkeeper/hedwig-protocol/src/main/java/org/apache/hedwig/protocol/PubSubProtocol.java/setRanges;4.0.0;5;2;1;0;2;1;3;0;1;5;20;1;21;3;Yes
Bookkeeper;/home/denni/isw2/bookkeeper/hedwig-protocol/src/main/java/org/apache/hedwig/protocol/PubSubProtocol.java/setRanges;4.0.0;3;1;0;0;2;0;2;0;1;3;8;0;8;2;Yes
Bookkeeper;/home/denni/isw2/bookkeeper/hedwig-protocol/src/main/java/org/apache/hedwig/protocol/PubSubProtocol.java/addRanges;4.0.0;7;3;2;0;1;1;4;0;1;3;21;0;21;2;Yes
Bookkeeper;/home/denni/isw2/bookkeeper/hedwig-protocol/src/main/java/org/apache/hedwig/protocol/PubSubProtocol.java/addRanges;4.0.0;5;2;1;0;1;1;3;0;1;2;12;0;12;2;Yes
Bookkeeper;/home/denni/isw2/bookkeeper/hedwig-protocol/src/main/java/org/apache/hedwig/protocol/PubSubProtocol.java/addAllRanges;4.0.0;5;2;1;0;1;1;3;0;1;6;24;2;26;3;Yes
Bookkeeper;/home/denni/isw2/bookkeeper/hedwig-protocol/src/main/java/org/apache/hedwig/protocol/PubSubProtocol.java/clearRanges;4.0.0;3;1;0;0;0;0;2;0;1;4;12;0;12;2;Yes
Bookkeeper;/home/denni/isw2/bookkeeper/bookkeeper-benchmark/src/main/java/org/apache/bookkeeper/benchmark/MySqlClient.java/main;4.0.0;26;5;5;0;1;2;4;3;1;2;20;2;22;2;Yes
Bookkeeper;/home/denni/isw2/bookkeeper/bookkeeper-benchmark/src/main/java/org/apache/bookkeeper/benchmark/MySqlClient.java/writeSameEntryBatch;4.0.0;17;2;1;0;2;1;10;2;1;2;14;1;15;2;Yes
Bookkeeper;/home/denni/isw2/bookkeeper/bookkeeper-benchmark/src/main/java/org/apache/bookkeeper/benchmark/MySqlClient.java/writeSameEntry;4.0.0;9;2;1;0;2;1;7;2;1;2;11;1;12;2;Yes
Bookkeeper;/home/denni/isw2/bookkeeper/bookkeeper-benchmark/src/main/java/org/apache/bookkeeper/benchmark/TestClient.java/removeEntryId;4.0.0;11;3;3;0;1;2;3;1;1;2;16;4;20;1;Yes
Bookkeeper;/home/denni/isw2/bookkeeper/bookkeeper-benchmark/src/main/java/org/apache/bookkeeper/benchmark/TestClient.java/main;4.0.0;35;8;7;0;1;3;5;8;1;4;48;41;89;2;Yes
Bookkeeper;/home/denni/isw2/bookkeeper/bookkeeper-benchmark/src/main/java/org/apache/bookkeeper/benchmark/TestClient.java/writeSameEntryBatch;4.0.0;12;3;2;0;2;1;8;1;1;4;22;6;28;3;Yes
Bookkeeper;/home/denni/isw2/bookkeeper/bookkeeper-benchmark/src/main/java/org/apache/bookkeeper/benchmark/TestClient.java/writeConsecutiveEntriesBatch;4.0.0;20;3;2;0;1;1;9;5;1;4;39;14;53;3;Yes
Bookkeeper;/home/denni/isw2/bookkeeper/bookkeeper-benchmark/src/main/java/org/apache/bookkeeper/benchmark/TestClient.java/writeSameEntryBatchFS;4.0.0;13;3;3;0;2;2;3;1;1;4;20;14;34;2;Yes
Bookkeeper;/home/denni/isw2/bookkeeper/bookkeeper-benchmark/src/main/java/org/apache/bookkeeper/benchmark/TestClient.java/readComplete;4.0.0;8;2;1;0;4;1;3;1;1;3;16;5;21;2;Yes
Bookkeeper;/home/denni/isw2/bookkeeper/hedwig-client/src/main/java/org/apache/hedwig/client/netty/ConnectCallback.java/operationComplete;4.0.0;27;9;10;0;1;3;4;1;1;5;13;9;22;3;Yes
Bookkeeper;/home/denni/isw2/bookkeeper/hedwig-client/src/main/java/org/apache/hedwig/client/netty/ClientChannelPipelineFactory.java/getPipeline;4.0.0;10;2;1;0;0;1;8;1;1;1;3;3;6;1;Yes
Bookkeeper;/home/denni/isw2/bookkeeper/hedwig-client/src/main/java/org/apache/hedwig/client/netty/HedwigSubscriber.java/subUnsub;4.0.0;28;10;14;0;4;6;3;3;1;6;39;12;51;3;Yes
Bookkeeper;/home/denni/isw2/bookkeeper/hedwig-client/src/main/java/org/apache/hedwig/client/netty/HedwigSubscriber.java/asyncSubUnsub;4.0.0;12;4;4;0;6;2;3;2;1;5;30;11;41;3;Yes
Bookkeeper;/home/denni/isw2/bookkeeper/hedwig-client/src/main/java/org/apache/hedwig/client/netty/HedwigSubscriber.java/subscribe;4.0.0;8;3;3;0;4;2;2;0;1;4;13;3;16;3;Yes
Bookkeeper;/home/denni/isw2/bookkeeper/hedwig-client/src/main/java/org/apache/hedwig/client/netty/HedwigSubscriber.java/unsubscribe;4.0.0;9;3;3;0;3;2;3;0;1;3;6;2;8;2;Yes
Bookkeeper;/home/denni/isw2/bookkeeper/hedwig-client/src/main/java/org/apache/hedwig/client/netty/HedwigSubscriber.java/isValidSubscriberId;4.0.0;5;2;1;0;2;1;1;0;1;1;1;0;1;1;Yes
Bookkeeper;/home/denni/isw2/bookkeeper/hedwig-client/src/main/java/org/apache/hedwig/client/netty/HedwigSubscriber.java/doSubUnsub;4.0.0;39;4;3;0;2;1;15;5;1;6;37;6;43;3;Yes
Bookkeeper;/home/denni/isw2/bookkeeper/hedwig-client/src/main/java/org/apache/hedwig/client/netty/HedwigSubscriber.java/doConsume;4.0.0;35;3;2;0;3;1;13;4;1;5;22;10;32;3;Yes
Bookkeeper;/home/denni/isw2/bookkeeper/hedwig-client/src/main/java/org/apache/hedwig/client/netty/HedwigSubscriber.java/operationComplete;4.0.0;4;2;1;0;1;1;1;0;1;4;9;2;11;2;Yes
Bookkeeper;/home/denni/isw2/bookkeeper/hedwig-client/src/main/java/org/apache/hedwig/client/netty/HedwigSubscriber.java/startDelivery;4.0.0;16;4;3;0;3;1;7;3;1;6;24;9;33;3;Yes
Bookkeeper;/home/denni/isw2/bookkeeper/hedwig-client/src/main/java/org/apache/hedwig/client/netty/HedwigSubscriber.java/operationComplete;4.0.0;4;2;1;0;1;1;1;0;1;3;7;1;8;3;Yes
Bookkeeper;/home/denni/isw2/bookkeeper/hedwig-client/src/main/java/org/apache/hedwig/client/netty/HedwigSubscriber.java/stopDelivery;4.0.0;16;4;3;0;2;1;7;3;1;3;23;6;29;2;Yes
Bookkeeper;/home/denni/isw2/bookkeeper/hedwig-client/src/main/java/org/apache/hedwig/client/netty/HedwigSubscriber.java/operationComplete;4.0.0;4;2;1;0;1;1;1;0;1;2;7;1;8;2;Yes
Bookkeeper;/home/denni/isw2/bookkeeper/hedwig-client/src/main/java/org/apache/hedwig/client/netty/HedwigSubscriber.java/closeSubscription;4.0.0;11;4;4;0;2;2;2;2;1;2;3;1;4;2;Yes
Bookkeeper;/home/denni/isw2/bookkeeper/hedwig-client/src/main/java/org/apache/hedwig/client/netty/HedwigSubscriber.java/asyncCloseSubscription;4.0.0;21;4;4;0;4;2;3;3;1;4;28;6;34;2;Yes
Bookkeeper;/home/denni/isw2/bookkeeper/hedwig-client/src/main/java/org/apache/hedwig/client/netty/HedwigSubscriber.java/operationComplete;4.0.0;7;2;1;0;1;1;1;0;1;3;15;3;18;2;Yes
Bookkeeper;/home/denni/isw2/bookkeeper/hedwig-client/src/main/java/org/apache/hedwig/client/netty/WriteCallback.java/operationComplete;4.0.0;21;8;9;0;1;3;3;2;1;6;19;11;30;3;Yes
Bookkeeper;/home/denni/isw2/bookkeeper/hedwig-client/src/main/java/org/apache/hedwig/client/netty/HedwigPublisher.java/publish;4.0.0;24;8;10;0;2;4;3;3;1;2;13;2;15;2;Yes
Bookkeeper;/home/denni/isw2/bookkeeper/hedwig-client/src/main/java/org/apache/hedwig/client/netty/HedwigPublisher.java/asyncPublish;4.0.0;16;5;5;0;4;2;3;3;1;4;49;19;68;3;Yes
Bookkeeper;/home/denni/isw2/bookkeeper/hedwig-client/src/main/java/org/apache/hedwig/client/netty/HedwigPublisher.java/doPublish;4.0.0;30;3;2;0;2;1;17;4;1;4;8;7;15;2;Yes
Bookkeeper;/home/denni/isw2/bookkeeper/hedwig-client/src/main/java/org/apache/hedwig/client/netty/HedwigPublisher.java/storeHost2ChannelMapping;4.0.0;11;4;4;0;1;2;2;1;1;3;12;4;16;3;Yes
Bookkeeper;/home/denni/isw2/bookkeeper/hedwig-client/src/main/java/org/apache/hedwig/client/netty/ResponseHandler.java/messageReceived;4.0.0;29;11;7;0;2;1;9;2;1;3;6;11;17;2;Yes
Bookkeeper;/home/denni/isw2/bookkeeper/hedwig-client/src/main/java/org/apache/hedwig/client/netty/ResponseHandler.java/handleRedirectResponse;4.0.0;49;13;14;0;3;3;13;5;1;5;16;17;33;2;Yes
Bookkeeper;/home/denni/isw2/bookkeeper/hedwig-client/src/main/java/org/apache/hedwig/client/netty/ResponseHandler.java/channelDisconnected;4.0.0;29;9;10;0;2;3;8;3;1;7;38;27;65;3;Yes
Bookkeeper;/home/denni/isw2/bookkeeper/hedwig-client/src/main/java/org/apache/hedwig/client/netty/ResponseHandler.java/exceptionCaught;4.0.0;4;1;0;0;2;0;2;0;1;2;5;1;6;2;Yes
Bookkeeper;/home/denni/isw2/bookkeeper/hedwig-client/src/main/java/org/apache/hedwig/client/netty/HedwigClientImpl.java/run;4.0.0;17;6;6;0;0;2;5;8;1;3;9;4;13;1;Yes
Bookkeeper;/home/denni/isw2/bookkeeper/hedwig-client/src/main/java/org/apache/hedwig/client/netty/HedwigClientImpl.java/checkPubSubDataToTimeOut;4.0.0;5;2;1;0;4;1;1;0;1;2;9;2;11;1;Yes
Bookkeeper;/home/denni/isw2/bookkeeper/hedwig-client/src/main/java/org/apache/hedwig/client/netty/HedwigClientImpl.java/close;4.0.0;17;4;3;0;0;1;11;2;1;1;5;11;16;1;Yes
Bookkeeper;/home/denni/isw2/bookkeeper/hedwig-client/src/main/java/org/apache/hedwig/client/netty/HedwigClientImpl.java/storeTopic2HostMapping;4.0.0;23;4;3;0;2;1;5;2;1;1;4;4;8;1;Yes
Bookkeeper;/home/denni/isw2/bookkeeper/hedwig-client/src/main/java/org/apache/hedwig/client/handlers/SubscribeResponseHandler.java/handleSubscribeResponse;4.0.0;29;8;3;0;3;1;3;1;1;8;141;54;195;4;Yes
Bookkeeper;/home/denni/isw2/bookkeeper/hedwig-client/src/main/java/org/apache/hedwig/client/handlers/SubscribeResponseHandler.java/handleSubscribeMessage;4.0.0;13;5;5;0;1;2;3;1;1;4;28;24;52;2;Yes
Bookkeeper;/home/denni/isw2/bookkeeper/hedwig-client/src/main/java/org/apache/hedwig/client/handlers/SubscribeResponseHandler.java/asyncMessageConsume;4.0.0;18;4;4;0;1;2;5;1;1;3;6;8;14;2;Yes
Bookkeeper;/home/denni/isw2/bookkeeper/hedwig-client/src/main/java/org/apache/hedwig/client/handlers/SubscribeResponseHandler.java/messageConsumed;4.0.0;32;7;7;0;1;2;5;0;1;1;6;6;12;1;Yes
Bookkeeper;/home/denni/isw2/bookkeeper/hedwig-client/src/main/java/org/apache/hedwig/client/handlers/SubscribeResponseHandler.java/setMessageHandler;4.0.0;19;5;5;0;1;2;2;1;1;5;30;30;60;3;Yes
Bookkeeper;/home/denni/isw2/bookkeeper/hedwig-client/src/main/java/org/apache/hedwig/client/handlers/MessageConsumeCallback.java/operationFailed;4.0.0;5;1;0;0;2;0;4;2;1;4;18;13;31;3;Yes
Bookkeeper;/home/denni/isw2/bookkeeper/hedwig-client/src/main/java/org/apache/hedwig/client/handlers/PubSubCallback.java/operationFinished;4.0.0;7;2;1;0;2;1;2;0;1;2;3;2;5;1;Yes
Bookkeeper;/home/denni/isw2/bookkeeper/hedwig-client/src/main/java/org/apache/hedwig/client/handlers/PubSubCallback.java/operationFailed;4.0.0;8;2;1;0;2;1;2;0;1;1;1;2;3;1;Yes
Bookkeeper;/home/denni/isw2/bookkeeper/hedwig-client/src/main/java/org/apache/hedwig/client/handlers/UnsubscribeResponseHandler.java/handleUnsubscribeResponse;4.0.0;21;7;2;0;3;1;2;0;1;4;21;22;43;3;Yes
Bookkeeper;/home/denni/isw2/bookkeeper/hedwig-client/src/main/java/org/apache/hedwig/client/handlers/PublishResponseHandler.java/handlePublishResponse;4.0.0;17;6;2;0;3;1;2;0;1;4;12;13;25;3;Yes
Bookkeeper;/home/denni/isw2/bookkeeper/hedwig-client/src/main/java/org/apache/hedwig/client/handlers/SubscribeReconnectCallback.java/operationFinished;4.0.0;9;4;5;0;2;3;2;0;1;4;15;15;30;3;Yes
Bookkeeper;/home/denni/isw2/bookkeeper/hedwig-client/src/main/java/org/apache/hedwig/client/handlers/SubscribeReconnectCallback.java/operationFailed;4.0.0;3;1;0;0;2;0;2;0;1;0;0;0;0;0;No
Bookkeeper;/home/denni/isw2/bookkeeper/hedwig-client/src/main/java/org/apache/hedwig/client/benchmark/BenchmarkPublisher.java/warmup;4.0.0;15;3;2;0;1;1;8;5;1;4;7;3;10;3;Yes
Bookkeeper;/home/denni/isw2/bookkeeper/hedwig-client/src/main/java/org/apache/hedwig/client/benchmark/BenchmarkPublisher.java/call;4.0.0;30;7;8;0;0;3;13;11;1;3;6;5;11;3;Yes
Bookkeeper;/home/denni/isw2/bookkeeper/hedwig-client/src/main/java/org/apache/hedwig/client/benchmark/HedwigBenchmark.java/call;4.0.0;28;4;5;0;0;3;14;15;1;2;14;13;27;1;Yes
Bookkeeper;/home/denni/isw2/bookkeeper/hedwig-client/src/main/java/org/apache/hedwig/client/benchmark/HedwigBenchmark.java/main;4.0.0;12;3;4;0;1;3;6;3;1;1;5;8;13;1;Yes
Bookkeeper;/home/denni/isw2/bookkeeper/hedwig-client/src/main/java/org/apache/hedwig/client/benchmark/BenchmarkUtils.java/run;4.0.0;9;4;5;0;0;3;1;2;1;1;1;0;1;1;Yes
Bookkeeper;/home/denni/isw2/bookkeeper/hedwig-client/src/main/java/org/apache/hedwig/client/benchmark/BenchmarkUtils.java/finish;4.0.0;4;1;0;0;1;0;3;0;1;0;0;0;0;0;No
Bookkeeper;/home/denni/isw2/bookkeeper/hedwig-client/src/main/java/org/apache/hedwig/client/benchmark/BenchmarkSubscriber.java/call;4.0.0;27;6;6;0;0;2;7;6;1;5;12;9;21;3;Yes
Bookkeeper;/home/denni/isw2/bookkeeper/hedwig-client/src/main/java/org/apache/hedwig/client/benchmark/BenchmarkSubscriber.java/deliver;4.0.0;13;4;3;0;5;1;6;2;1;4;9;8;17;2;Yes
Bookkeeper;/home/denni/isw2/bookkeeper/hedwig-client/src/main/java/org/apache/hedwig/client/benchmark/BenchmarkSubscriber.java/multiSub;4.0.0;11;4;4;0;5;2;6;4;1;3;5;3;8;3;Yes
Bookkeeper;/home/denni/isw2/bookkeeper/hedwig-client/src/main/java/org/apache/hedwig/client/data/PubSubData.java/toString;4.0.0;32;14;14;0;0;2;14;4;1;3;18;2;20;2;Yes
Bookkeeper;/home/denni/isw2/bookkeeper/hedwig-client/src/main/java/org/apache/hedwig/util/PathUtils.java/prefixes;4.0.0;11;3;3;0;1;2;4;3;2;1;3;3;6;1;Yes
Bookkeeper;/home/denni/isw2/bookkeeper/hedwig-client/src/main/java/org/apache/hedwig/util/PathUtils.java/isPrefix;4.0.0;10;4;4;0;2;2;4;3;1;0;0;0;0;0;No
Bookkeeper;/home/denni/isw2/bookkeeper/hedwig-client/src/main/java/org/apache/hedwig/util/CallbackUtils.java/multiCallback;4.0.0;51;6;7;0;7;3;1;2;2;1;3;3;6;1;Yes
Bookkeeper;/home/denni/isw2/bookkeeper/hedwig-client/src/main/java/org/apache/hedwig/util/FileUtils.java/deleteDirectory;4.0.0;12;6;6;0;1;2;5;2;1;0;0;0;0;0;No
Bookkeeper;/home/denni/isw2/bookkeeper/hedwig-client/src/main/java/org/apache/hedwig/util/ConcurrencyUtils.java/put;4.0.0;5;2;2;0;2;2;1;0;1;0;0;0;0;0;No
Bookkeeper;/home/denni/isw2/bookkeeper/hedwig-client/src/main/java/org/apache/hedwig/util/ConcurrencyUtils.java/take;4.0.0;5;2;2;0;1;2;1;0;1;0;0;0;0;0;No
Bookkeeper;/home/denni/isw2/bookkeeper/hedwig-client/src/main/java/org/apache/hedwig/util/ConcurrencyUtils.java/await;4.0.0;5;2;2;0;1;2;1;0;1;0;0;0;0;0;No
Bookkeeper;/home/denni/isw2/bookkeeper/bookkeeper-server/src/main/java/org/apache/bookkeeper/tools/BookKeeperTools.java/main;4.1.0;35;5;5;0;1;2;10;6;1;3;7;3;10;2;Yes
Bookkeeper;/home/denni/isw2/bookkeeper/bookkeeper-server/src/main/java/org/apache/bookkeeper/bookie/FileInfo.java/readHeader;4.1.0;24;8;9;0;0;3;1;3;1;6;80;16;96;2;Yes
Bookkeeper;/home/denni/isw2/bookkeeper/bookkeeper-server/src/main/java/org/apache/bookkeeper/bookie/FileInfo.java/checkOpen;4.1.0;23;8;10;0;1;4;4;1;1;8;62;26;88;2;Yes
Bookkeeper;/home/denni/isw2/bookkeeper/bookkeeper-server/src/main/java/org/apache/bookkeeper/bookie/FileInfo.java/readAbsolute;4.1.0;10;3;3;0;2;2;4;2;1;2;7;0;7;1;Yes
Bookkeeper;/home/denni/isw2/bookkeeper/bookkeeper-server/src/main/java/org/apache/bookkeeper/bookie/FileInfo.java/getMasterKey;4.1.0;3;1;0;0;0;0;2;0;2;0;0;0;0;0;No
Bookkeeper;/home/denni/isw2/bookkeeper/bookkeeper-server/src/main/java/org/apache/bookkeeper/bookie/FileInfo.java/checkParents;4.1.0;6;3;2;0;1;1;3;1;1;1;8;0;8;1;Yes
Bookkeeper;/home/denni/isw2/bookkeeper/bookkeeper-server/src/main/java/org/apache/bookkeeper/bookie/BookieException.java/getMessage;4.1.0;26;9;5;0;1;2;5;2;1;5;36;3;39;4;Yes
Bookkeeper;/home/denni/isw2/bookkeeper/bookkeeper-server/src/main/java/org/apache/bookkeeper/bookie/Bookie.java/writeComplete;4.1.0;3;1;0;0;5;0;1;0;1;4;12;2;14;2;No
Bookkeeper;/home/denni/isw2/bookkeeper/bookkeeper-server/src/main/java/org/apache/bookkeeper/bookie/Bookie.java/checkDirectoryStructure;4.1.0;19;5;5;0;1;2;1;5;1;10;80;18;98;3;Yes
Bookkeeper;/home/denni/isw2/bookkeeper/bookkeeper-server/src/main/java/org/apache/bookkeeper/bookie/Bookie.java/accept;4.1.0;4;2;1;0;2;1;2;0;1;5;15;0;15;3;Yes
Bookkeeper;/home/denni/isw2/bookkeeper/bookkeeper-server/src/main/java/org/apache/bookkeeper/bookie/Bookie.java/checkEnvironment;4.1.0;55;15;17;0;1;4;2;9;1;15;306;86;392;4;Yes
Bookkeeper;/home/denni/isw2/bookkeeper/bookkeeper-server/src/main/java/org/apache/bookkeeper/bookie/Bookie.java/getCurrentDirectories;4.1.0;5;2;1;0;1;1;3;2;2;5;23;3;26;3;No
Bookkeeper;/home/denni/isw2/bookkeeper/bookkeeper-server/src/main/java/org/apache/bookkeeper/bookie/Bookie.java/start;4.1.0;12;2;2;0;0;2;7;0;1;8;51;2;53;2;Yes
Bookkeeper;/home/denni/isw2/bookkeeper/bookkeeper-server/src/main/java/org/apache/bookkeeper/bookie/Bookie.java/registerJMX;4.1.0;18;3;4;0;1;3;1;0;1;5;23;11;34;3;Yes
Bookkeeper;/home/denni/isw2/bookkeeper/bookkeeper-server/src/main/java/org/apache/bookkeeper/bookie/Bookie.java/unregisterJMX;4.1.0;16;5;5;0;0;2;4;0;1;2;18;0;18;2;No
Bookkeeper;/home/denni/isw2/bookkeeper/bookkeeper-server/src/main/java/org/apache/bookkeeper/bookie/Bookie.java/registerBookie;4.1.0;11;3;3;0;1;2;2;0;1;10;38;11;49;5;Yes
Bookkeeper;/home/denni/isw2/bookkeeper/bookkeeper-server/src/main/java/org/apache/bookkeeper/bookie/Bookie.java/newZookeeper;4.1.0;36;5;6;0;2;3;3;1;1;7;43;4;47;4;Yes
Bookkeeper;/home/denni/isw2/bookkeeper/bookkeeper-server/src/main/java/org/apache/bookkeeper/bookie/Bookie.java/process;4.1.0;11;5;6;0;1;3;2;0;1;4;29;2;31;2;Yes
Bookkeeper;/home/denni/isw2/bookkeeper/bookkeeper-server/src/main/java/org/apache/bookkeeper/bookie/Bookie.java/main;4.1.0;21;2;1;0;1;1;8;6;1;1;8;1;9;1;No
Bookkeeper;/home/denni/isw2/bookkeeper/bookkeeper-server/src/main/java/org/apache/bookkeeper/bookie/BufferedChannel.java/write;4.1.0;22;5;5;0;1;2;5;2;1;1;3;3;6;1;No
Bookkeeper;/home/denni/isw2/bookkeeper/bookkeeper-server/src/main/java/org/apache/bookkeeper/bookie/BufferedChannel.java/read;4.1.0;46;13;17;0;2;6;4;7;1;2;5;2;7;2;No
Bookkeeper;/home/denni/isw2/bookkeeper/bookkeeper-server/src/main/java/org/apache/bookkeeper/bookie/FileSystemUpgrade.java/accept;4.1.0;6;3;2;0;2;1;3;0;1;1;9;0;9;1;No
Bookkeeper;/home/denni/isw2/bookkeeper/bookkeeper-server/src/main/java/org/apache/bookkeeper/bookie/FileSystemUpgrade.java/detectPreviousVersion;4.1.0;18;5;5;0;1;2;6;3;1;3;9;2;11;3;Yes
Bookkeeper;/home/denni/isw2/bookkeeper/bookkeeper-server/src/main/java/org/apache/bookkeeper/bookie/FileSystemUpgrade.java/newZookeeper;4.1.0;17;5;5;0;1;2;1;2;1;1;24;0;24;1;No
Bookkeeper;/home/denni/isw2/bookkeeper/bookkeeper-server/src/main/java/org/apache/bookkeeper/bookie/FileSystemUpgrade.java/process;4.1.0;4;2;1;0;1;1;1;0;1;1;6;0;6;1;No
Bookkeeper;/home/denni/isw2/bookkeeper/bookkeeper-server/src/main/java/org/apache/bookkeeper/bookie/FileSystemUpgrade.java/upgrade;4.1.0;44;9;11;0;1;4;4;10;1;4;66;2;68;3;Yes
Bookkeeper;/home/denni/isw2/bookkeeper/bookkeeper-server/src/main/java/org/apache/bookkeeper/bookie/FileSystemUpgrade.java/accept;4.1.0;2;1;0;0;2;0;1;0;1;1;3;0;3;1;No
Bookkeeper;/home/denni/isw2/bookkeeper/bookkeeper-server/src/main/java/org/apache/bookkeeper/bookie/FileSystemUpgrade.java/finalizeUpgrade;4.1.0;22;9;13;0;1;6;3;5;1;3;36;3;39;3;Yes
Bookkeeper;/home/denni/isw2/bookkeeper/bookkeeper-server/src/main/java/org/apache/bookkeeper/bookie/FileSystemUpgrade.java/rollback;4.1.0;28;6;8;0;1;4;4;5;1;2;29;1;30;2;Yes
Bookkeeper;/home/denni/isw2/bookkeeper/bookkeeper-server/src/main/java/org/apache/bookkeeper/bookie/FileSystemUpgrade.java/main;4.1.0;42;8;9;0;1;3;18;8;1;1;2;1;3;1;Yes
Bookkeeper;/home/denni/isw2/bookkeeper/bookkeeper-server/src/main/java/org/apache/bookkeeper/bookie/JournalChannel.java/close;4.1.0;2;1;0;0;0;0;1;0;1;0;0;0;0;0;No
Bookkeeper;/home/denni/isw2/bookkeeper/bookkeeper-server/src/main/java/org/apache/bookkeeper/bookie/InterleavedLedgerStorage.java/getEntry;4.1.0;12;3;2;0;2;1;5;1;1;1;2;2;4;1;Yes
Bookkeeper;/home/denni/isw2/bookkeeper/bookkeeper-server/src/main/java/org/apache/bookkeeper/bookie/Journal.java/rollLog;4.1.0;16;4;5;0;0;3;6;5;1;4;13;7;20;2;Yes
Bookkeeper;/home/denni/isw2/bookkeeper/bookkeeper-server/src/main/java/org/apache/bookkeeper/bookie/Journal.java/readLog;4.1.0;27;6;8;0;0;4;3;8;1;2;10;1;11;1;Yes
Bookkeeper;/home/denni/isw2/bookkeeper/bookkeeper-server/src/main/java/org/apache/bookkeeper/bookie/Journal.java/accept;4.1.0;6;2;1;0;1;1;1;0;1;1;1;0;1;1;Yes
Bookkeeper;/home/denni/isw2/bookkeeper/bookkeeper-server/src/main/java/org/apache/bookkeeper/bookie/Journal.java/gcJournals;4.1.0;14;5;7;0;0;4;2;5;1;1;4;0;4;1;Yes
Bookkeeper;/home/denni/isw2/bookkeeper/bookkeeper-server/src/main/java/org/apache/bookkeeper/bookie/Journal.java/scanJournal;4.1.0;41;7;8;0;3;3;4;6;1;0;0;0;0;0;No
Bookkeeper;/home/denni/isw2/bookkeeper/bookkeeper-server/src/main/java/org/apache/bookkeeper/bookie/Journal.java/replay;4.1.0;26;7;7;0;1;2;5;4;1;2;3;4;7;2;Yes
Bookkeeper;/home/denni/isw2/bookkeeper/bookkeeper-server/src/main/java/org/apache/bookkeeper/bookie/Journal.java/accept;4.1.0;5;2;1;0;1;1;2;0;1;0;0;0;0;0;No
Bookkeeper;/home/denni/isw2/bookkeeper/bookkeeper-server/src/main/java/org/apache/bookkeeper/bookie/Journal.java/run;4.1.0;68;12;16;0;0;6;4;8;1;4;11;4;15;2;Yes
Bookkeeper;/home/denni/isw2/bookkeeper/bookkeeper-server/src/main/java/org/apache/bookkeeper/bookie/EntryLogger.java/createNewLog;4.1.0;23;6;7;0;0;3;9;5;1;8;78;16;94;3;Yes
Bookkeeper;/home/denni/isw2/bookkeeper/bookkeeper-server/src/main/java/org/apache/bookkeeper/bookie/EntryLogger.java/removeEntryLog;4.1.0;22;5;6;0;1;3;6;2;1;8;46;60;106;2;Yes
Bookkeeper;/home/denni/isw2/bookkeeper/bookkeeper-server/src/main/java/org/apache/bookkeeper/bookie/EntryLogger.java/getLastLogId;4.1.0;20;5;6;0;1;3;8;6;1;4;26;6;32;2;No
Bookkeeper;/home/denni/isw2/bookkeeper/bookkeeper-server/src/main/java/org/apache/bookkeeper/bookie/EntryLogger.java/readEntry;4.1.0;32;7;7;0;3;2;21;11;2;6;22;6;28;3;Yes
Bookkeeper;/home/denni/isw2/bookkeeper/bookkeeper-server/src/main/java/org/apache/bookkeeper/bookie/EntryLogger.java/scanEntryLog;4.1.0;46;9;9;0;2;2;6;9;1;8;97;85;182;2;Yes
Bookkeeper;/home/denni/isw2/bookkeeper/bookkeeper-server/src/main/java/org/apache/bookkeeper/bookie/LedgerCacheImpl.java/putIntoTable;4.1.0;6;2;1;0;2;1;3;1;1;0;0;0;0;0;No
Bookkeeper;/home/denni/isw2/bookkeeper/bookkeeper-server/src/main/java/org/apache/bookkeeper/bookie/LedgerCacheImpl.java/getFromTable;4.1.0;5;2;1;0;3;1;3;1;1;0;0;0;0;0;No
Bookkeeper;/home/denni/isw2/bookkeeper/bookkeeper-server/src/main/java/org/apache/bookkeeper/bookie/LedgerCacheImpl.java/pickDirs;4.1.0;2;1;0;0;1;0;1;0;1;1;1;0;1;1;Yes
Bookkeeper;/home/denni/isw2/bookkeeper/bookkeeper-server/src/main/java/org/apache/bookkeeper/bookie/LedgerCacheImpl.java/flushLedger;4.1.0;61;15;17;0;1;4;6;16;1;5;45;12;57;2;Yes
Bookkeeper;/home/denni/isw2/bookkeeper/bookkeeper-server/src/main/java/org/apache/bookkeeper/bookie/LedgerCacheImpl.java/writeBuffers;4.1.0;18;8;8;0;5;2;7;4;1;2;8;1;9;1;Yes
Bookkeeper;/home/denni/isw2/bookkeeper/bookkeeper-server/src/main/java/org/apache/bookkeeper/bookie/LedgerCacheImpl.java/grabCleanPage;4.1.0;44;12;13;0;2;3;2;6;1;3;32;16;48;2;Yes
Bookkeeper;/home/denni/isw2/bookkeeper/bookkeeper-server/src/main/java/org/apache/bookkeeper/bookie/LedgerCacheImpl.java/getLastEntry;4.1.0;38;12;15;0;1;5;5;10;1;0;0;0;0;0;No
Bookkeeper;/home/denni/isw2/bookkeeper/bookkeeper-server/src/main/java/org/apache/bookkeeper/bookie/LedgerCacheImpl.java/getActiveLedgers;4.1.0;17;8;13;0;0;7;1;5;1;1;17;2;19;1;No
Bookkeeper;/home/denni/isw2/bookkeeper/bookkeeper-server/src/main/java/org/apache/bookkeeper/bookie/BookieBean.java/getQueueLength;4.1.0;3;1;0;0;0;0;1;0;1;1;1;1;2;1;No
Bookkeeper;/home/denni/isw2/bookkeeper/bookkeeper-server/src/main/java/org/apache/bookkeeper/bookie/GarbageCollectorThread.java/doGcEntryLogs;4.1.0;12;5;6;0;0;3;1;3;1;2;2;1;3;2;Yes
Bookkeeper;/home/denni/isw2/bookkeeper/bookkeeper-server/src/main/java/org/apache/bookkeeper/bookie/GarbageCollectorThread.java/doCompactEntryLogs;4.1.0;34;7;7;0;1;2;6;5;1;2;2;5;7;2;Yes
Bookkeeper;/home/denni/isw2/bookkeeper/bookkeeper-server/src/main/java/org/apache/bookkeeper/bookie/GarbageCollectorThread.java/compactEntryLog;4.1.0;21;4;4;0;1;2;5;1;1;0;0;0;0;0;No
Bookkeeper;/home/denni/isw2/bookkeeper/bookkeeper-server/src/main/java/org/apache/bookkeeper/bookie/GarbageCollectorThread.java/extractMetaFromEntryLogs;4.1.0;26;6;7;0;1;3;4;4;3;5;69;16;85;3;Yes
Bookkeeper;/home/denni/isw2/bookkeeper/bookkeeper-server/src/main/java/org/apache/bookkeeper/bookie/GarbageCollectorThread.java/extractMetaFromEntryLog;4.1.0;6;1;0;0;2;0;5;2;1;1;6;0;6;1;No
Bookkeeper;/home/denni/isw2/bookkeeper/bookkeeper-server/src/main/java/org/apache/bookkeeper/bookie/HandleFactoryImpl.java/getHandle;4.1.0;10;2;1;0;2;1;3;1;1;1;1;2;3;1;Yes
Bookkeeper;/home/denni/isw2/bookkeeper/bookkeeper-server/src/main/java/org/apache/bookkeeper/bookie/HandleFactoryImpl.java/getReadOnlyHandle;4.1.0;9;2;1;0;1;1;3;1;1;1;1;1;2;1;Yes
Bookkeeper;/home/denni/isw2/bookkeeper/bookkeeper-server/src/main/java/org/apache/bookkeeper/bookie/Cookie.java/toString;4.1.0;4;1;0;0;0;0;3;1;1;1;7;0;7;1;Yes
Bookkeeper;/home/denni/isw2/bookkeeper/bookkeeper-server/src/main/java/org/apache/bookkeeper/jmx/BKMBeanRegistry.java/tokenize;4.1.0;13;3;3;0;3;2;3;2;1;0;0;0;0;0;No
Bookkeeper;/home/denni/isw2/bookkeeper/bookkeeper-server/src/main/java/org/apache/bookkeeper/jmx/BKMBeanRegistry.java/makeObjectName;4.1.0;19;3;3;0;2;2;7;2;1;1;1;0;1;1;No
Bookkeeper;/home/denni/isw2/bookkeeper/bookkeeper-server/src/main/java/org/apache/bookkeeper/conf/ClientConfiguration.java/getZkServers;4.1.0;10;2;1;0;0;1;3;1;1;3;7;2;9;2;No
Bookkeeper;/home/denni/isw2/bookkeeper/bookkeeper-server/src/main/java/org/apache/bookkeeper/conf/ServerConfiguration.java/setLedgerDirNames;4.1.0;12;2;1;0;1;1;3;0;1;0;0;0;0;0;No
Bookkeeper;/home/denni/isw2/bookkeeper/bookkeeper-server/src/main/java/org/apache/bookkeeper/conf/ServerConfiguration.java/getZkServers;4.1.0;10;2;1;0;0;1;3;1;1;2;11;0;11;1;No
Bookkeeper;/home/denni/isw2/bookkeeper/bookkeeper-server/src/main/java/org/apache/bookkeeper/meta/AbstractZkLedgerManager.java/asyncGetLedgersInSingleNode;4.1.0;20;3;2;0;2;1;1;0;1;2;28;2;30;2;Yes
Bookkeeper;/home/denni/isw2/bookkeeper/bookkeeper-server/src/main/java/org/apache/bookkeeper/meta/AbstractZkLedgerManager.java/processResult;4.1.0;9;3;2;0;3;1;3;0;1;2;21;0;21;2;Yes
Bookkeeper;/home/denni/isw2/bookkeeper/bookkeeper-server/src/main/java/org/apache/bookkeeper/meta/AbstractZkLedgerManager.java/doAsyncGetLedgersInSingleNode;4.1.0;21;6;7;0;2;3;1;2;1;2;50;0;50;2;Yes
Bookkeeper;/home/denni/isw2/bookkeeper/bookkeeper-server/src/main/java/org/apache/bookkeeper/meta/AbstractZkLedgerManager.java/processResult;4.1.0;18;6;7;0;4;3;5;2;1;2;42;0;42;2;Yes
Bookkeeper;/home/denni/isw2/bookkeeper/bookkeeper-server/src/main/java/org/apache/bookkeeper/meta/AbstractZkLedgerManager.java/getLedgersInSingleNode;4.1.0;28;5;4;0;1;1;6;1;2;5;34;6;40;3;Yes
Bookkeeper;/home/denni/isw2/bookkeeper/bookkeeper-server/src/main/java/org/apache/bookkeeper/meta/AbstractZkLedgerManager.java/operationComplete;4.1.0;8;2;1;0;2;1;1;0;1;3;12;1;13;2;Yes
Bookkeeper;/home/denni/isw2/bookkeeper/bookkeeper-server/src/main/java/org/apache/bookkeeper/meta/AbstractZkLedgerManager.java/asyncProcessLedgersInSingleNode;4.1.0;42;5;4;0;6;1;1;2;1;2;4;3;7;1;Yes
Bookkeeper;/home/denni/isw2/bookkeeper/bookkeeper-server/src/main/java/org/apache/bookkeeper/meta/AbstractZkLedgerManager.java/operationComplete;4.1.0;13;5;4;0;2;1;5;2;1;2;4;3;7;1;Yes
Bookkeeper;/home/denni/isw2/bookkeeper/bookkeeper-server/src/main/java/org/apache/bookkeeper/meta/AbstractZkLedgerManager.java/isSpecialZnode;4.1.0;11;2;1;0;1;1;2;0;1;1;1;0;1;1;No
Bookkeeper;/home/denni/isw2/bookkeeper/bookkeeper-server/src/main/java/org/apache/bookkeeper/meta/FlatLedgerManager.java/garbageCollectLedgers;4.1.0;13;4;4;0;1;2;1;2;1;1;3;2;5;1;No
Bookkeeper;/home/denni/isw2/bookkeeper/bookkeeper-server/src/main/java/org/apache/bookkeeper/meta/LedgerLayout.java/parseLayout;4.1.0;30;6;6;0;1;2;4;6;1;4;17;9;26;3;Yes
Bookkeeper;/home/denni/isw2/bookkeeper/bookkeeper-server/src/main/java/org/apache/bookkeeper/meta/LedgerManagerFactory.java/newLedgerManager;4.1.0;39;11;13;0;2;4;7;4;1;4;59;10;69;2;Yes
Bookkeeper;/home/denni/isw2/bookkeeper/bookkeeper-server/src/main/java/org/apache/bookkeeper/meta/HierarchicalLedgerManager.java/close;4.1.0;7;2;2;0;0;2;2;0;1;1;1;1;2;1;No
Bookkeeper;/home/denni/isw2/bookkeeper/bookkeeper-server/src/main/java/org/apache/bookkeeper/meta/HierarchicalLedgerManager.java/newLedgerPath;4.1.0;44;6;6;0;2;2;1;3;1;4;14;11;25;2;Yes
Bookkeeper;/home/denni/isw2/bookkeeper/bookkeeper-server/src/main/java/org/apache/bookkeeper/meta/HierarchicalLedgerManager.java/processResult;4.1.0;40;6;6;0;4;2;7;3;1;4;14;9;23;2;Yes
Bookkeeper;/home/denni/isw2/bookkeeper/bookkeeper-server/src/main/java/org/apache/bookkeeper/meta/HierarchicalLedgerManager.java/processResult;4.1.0;7;2;1;0;4;1;1;0;1;2;4;1;5;2;Yes
Bookkeeper;/home/denni/isw2/bookkeeper/bookkeeper-server/src/main/java/org/apache/bookkeeper/meta/HierarchicalLedgerManager.java/run;4.1.0;11;3;3;0;0;2;1;0;1;1;2;0;2;1;Yes
Bookkeeper;/home/denni/isw2/bookkeeper/bookkeeper-server/src/main/java/org/apache/bookkeeper/meta/HierarchicalLedgerManager.java/processResult;4.1.0;7;3;3;0;3;2;1;0;1;1;2;0;2;1;Yes
Bookkeeper;/home/denni/isw2/bookkeeper/bookkeeper-server/src/main/java/org/apache/bookkeeper/meta/HierarchicalLedgerManager.java/getLedgerIdFromGenPath;4.1.0;8;2;2;0;1;2;3;2;1;1;2;0;2;1;Yes
Bookkeeper;/home/denni/isw2/bookkeeper/bookkeeper-server/src/main/java/org/apache/bookkeeper/meta/HierarchicalLedgerManager.java/asyncProcessLevelNodes;4.1.0;22;3;2;0;6;1;1;1;1;2;4;0;4;1;Yes
Bookkeeper;/home/denni/isw2/bookkeeper/bookkeeper-server/src/main/java/org/apache/bookkeeper/meta/HierarchicalLedgerManager.java/processResult;4.1.0;16;3;2;0;3;1;2;1;1;2;4;0;4;1;Yes
Bookkeeper;/home/denni/isw2/bookkeeper/bookkeeper-server/src/main/java/org/apache/bookkeeper/meta/HierarchicalLedgerManager.java/processResult;4.1.0;8;2;1;0;4;1;3;1;1;2;4;0;4;1;Yes
Bookkeeper;/home/denni/isw2/bookkeeper/bookkeeper-server/src/main/java/org/apache/bookkeeper/meta/HierarchicalLedgerManager.java/garbageCollectLedgers;4.1.0;16;6;8;0;1;4;2;5;1;3;26;3;29;1;Yes
Bookkeeper;/home/denni/isw2/bookkeeper/bookkeeper-server/src/main/java/org/apache/bookkeeper/meta/HierarchicalLedgerManager.java/process;4.1.0;42;4;3;0;6;1;6;7;1;0;0;0;0;0;No
Bookkeeper;/home/denni/isw2/bookkeeper/bookkeeper-server/src/main/java/org/apache/bookkeeper/client/BKException.java/create;4.1.0;45;20;1;0;1;1;1;0;1;6;12;0;12;1;Yes
Bookkeeper;/home/denni/isw2/bookkeeper/bookkeeper-server/src/main/java/org/apache/bookkeeper/client/BKException.java/getMessage;4.1.0;42;21;1;0;1;1;1;0;1;5;10;0;10;1;Yes
Bookkeeper;/home/denni/isw2/bookkeeper/bookkeeper-server/src/main/java/org/apache/bookkeeper/client/BookieWatcher.java/processResult;4.1.0;21;5;6;0;4;3;6;4;1;5;30;6;36;3;Yes
Bookkeeper;/home/denni/isw2/bookkeeper/bookkeeper-server/src/main/java/org/apache/bookkeeper/client/BookieWatcher.java/readBookiesBlocking;4.1.0;19;3;3;0;0;2;4;2;1;1;1;0;1;1;Yes
Bookkeeper;/home/denni/isw2/bookkeeper/bookkeeper-server/src/main/java/org/apache/bookkeeper/client/BookieWatcher.java/processResult;4.1.0;7;2;2;0;4;2;1;0;1;1;1;0;1;1;Yes
Bookkeeper;/home/denni/isw2/bookkeeper/bookkeeper-server/src/main/java/org/apache/bookkeeper/client/BookieWatcher.java/getNewBookies;4.1.0;8;1;0;0;1;0;1;0;2;0;0;0;0;0;No
Bookkeeper;/home/denni/isw2/bookkeeper/bookkeeper-server/src/main/java/org/apache/bookkeeper/client/BookieWatcher.java/getAdditionalBookies;4.1.0;23;5;5;0;2;2;7;3;2;0;0;0;0;0;No
Bookkeeper;/home/denni/isw2/bookkeeper/bookkeeper-server/src/main/java/org/apache/bookkeeper/client/PendingAddOp.java/sendWriteRequest;4.1.0;3;2;1;0;2;0;2;1;1;3;5;1;6;2;Yes
Bookkeeper;/home/denni/isw2/bookkeeper/bookkeeper-server/src/main/java/org/apache/bookkeeper/client/PendingAddOp.java/unsetSuccessAndSendWriteRequest;4.1.0;14;6;6;0;1;2;6;1;1;3;25;16;41;2;Yes
Bookkeeper;/home/denni/isw2/bookkeeper/bookkeeper-server/src/main/java/org/apache/bookkeeper/client/PendingAddOp.java/initiate;4.1.0;5;2;1;0;1;1;2;2;1;0;0;0;0;0;No
Bookkeeper;/home/denni/isw2/bookkeeper/bookkeeper-server/src/main/java/org/apache/bookkeeper/client/PendingAddOp.java/writeComplete;4.1.0;27;8;5;0;5;2;5;2;1;5;26;8;34;2;Yes
Bookkeeper;/home/denni/isw2/bookkeeper/bookkeeper-server/src/main/java/org/apache/bookkeeper/client/PendingAddOp.java/submitCallback;4.1.0;3;1;0;0;1;0;2;0;1;1;1;0;1;1;Yes
Bookkeeper;/home/denni/isw2/bookkeeper/bookkeeper-server/src/main/java/org/apache/bookkeeper/client/LedgerCreateOp.java/initiate;4.1.0;19;2;2;0;0;2;4;1;1;6;35;21;56;2;Yes
Bookkeeper;/home/denni/isw2/bookkeeper/bookkeeper-server/src/main/java/org/apache/bookkeeper/client/LedgerCreateOp.java/operationComplete;4.1.0;30;5;5;0;2;2;5;1;1;4;7;43;50;1;Yes
Bookkeeper;/home/denni/isw2/bookkeeper/bookkeeper-server/src/main/java/org/apache/bookkeeper/client/BookKeeperAdmin.java/getLedgerDigestType;4.1.0;12;1;0;0;1;0;1;0;1;1;2;0;2;1;Yes
Bookkeeper;/home/denni/isw2/bookkeeper/bookkeeper-server/src/main/java/org/apache/bookkeeper/client/BookKeeperAdmin.java/getLedgerPasswd;4.1.0;12;1;0;0;1;0;1;0;2;1;2;0;2;1;Yes
Bookkeeper;/home/denni/isw2/bookkeeper/bookkeeper-server/src/main/java/org/apache/bookkeeper/client/BookKeeperAdmin.java/recoverBookieData;4.1.0;35;3;2;0;2;1;4;2;1;2;27;1;28;2;Yes
Bookkeeper;/home/denni/isw2/bookkeeper/bookkeeper-server/src/main/java/org/apache/bookkeeper/client/BookKeeperAdmin.java/recoverComplete;4.1.0;8;1;0;0;2;0;3;1;1;2;10;1;11;2;Yes
Bookkeeper;/home/denni/isw2/bookkeeper/bookkeeper-server/src/main/java/org/apache/bookkeeper/client/BookKeeperAdmin.java/asyncRecoverBookieData;4.1.0;33;2;1;0;4;1;1;0;1;0;0;0;0;0;No
Bookkeeper;/home/denni/isw2/bookkeeper/bookkeeper-server/src/main/java/org/apache/bookkeeper/client/BookKeeperAdmin.java/processResult;4.1.0;7;2;1;0;3;1;2;0;1;0;0;0;0;0;No
Bookkeeper;/home/denni/isw2/bookkeeper/bookkeeper-server/src/main/java/org/apache/bookkeeper/client/BookKeeperAdmin.java/getAvailableBookies;4.1.0;41;5;6;0;4;3;2;3;1;1;1;1;2;1;Yes
Bookkeeper;/home/denni/isw2/bookkeeper/bookkeeper-server/src/main/java/org/apache/bookkeeper/client/BookKeeperAdmin.java/processResult;4.1.0;14;4;4;0;4;2;3;2;1;1;1;1;2;1;Yes
Bookkeeper;/home/denni/isw2/bookkeeper/bookkeeper-server/src/main/java/org/apache/bookkeeper/client/BookKeeperAdmin.java/getActiveLedgers;4.1.0;37;1;0;0;5;0;3;2;1;3;22;2;24;2;Yes
Bookkeeper;/home/denni/isw2/bookkeeper/bookkeeper-server/src/main/java/org/apache/bookkeeper/client/BookKeeperAdmin.java/getNewBookie;4.1.0;11;2;1;0;2;1;5;1;1;1;2;0;2;1;No
Bookkeeper;/home/denni/isw2/bookkeeper/bookkeeper-server/src/main/java/org/apache/bookkeeper/client/BookKeeperAdmin.java/recoverLedger;4.1.0;117;16;18;0;4;4;4;14;1;7;93;80;173;3;Yes
Bookkeeper;/home/denni/isw2/bookkeeper/bookkeeper-server/src/main/java/org/apache/bookkeeper/client/BookKeeperAdmin.java/openComplete;4.1.0;86;15;17;0;3;4;11;12;1;7;86;76;162;3;Yes
Bookkeeper;/home/denni/isw2/bookkeeper/bookkeeper-server/src/main/java/org/apache/bookkeeper/client/BookKeeperAdmin.java/openComplete;4.1.0;7;2;1;0;3;1;2;0;1;2;5;0;5;2;No
Bookkeeper;/home/denni/isw2/bookkeeper/bookkeeper-server/src/main/java/org/apache/bookkeeper/client/BookKeeperAdmin.java/recoverLedgerFragment;4.1.0;58;8;8;0;6;2;9;7;1;5;48;11;59;3;Yes
Bookkeeper;/home/denni/isw2/bookkeeper/bookkeeper-server/src/main/java/org/apache/bookkeeper/client/BookKeeperAdmin.java/recoverLedgerFragmentEntry;4.1.0;51;4;4;0;4;2;1;3;1;9;51;24;75;3;Yes
Bookkeeper;/home/denni/isw2/bookkeeper/bookkeeper-server/src/main/java/org/apache/bookkeeper/client/BookKeeperAdmin.java/readComplete;4.1.0;27;4;4;0;4;2;5;3;1;5;40;18;58;3;Yes
Bookkeeper;/home/denni/isw2/bookkeeper/bookkeeper-server/src/main/java/org/apache/bookkeeper/client/BookKeeperAdmin.java/writeComplete;4.1.0;12;3;3;0;5;2;2;0;1;5;28;11;39;3;Yes
Bookkeeper;/home/denni/isw2/bookkeeper/bookkeeper-server/src/main/java/org/apache/bookkeeper/client/BookKeeperAdmin.java/processResult;4.1.0;7;2;1;0;3;1;2;0;1;3;19;0;19;2;Yes
Bookkeeper;/home/denni/isw2/bookkeeper/bookkeeper-server/src/main/java/org/apache/bookkeeper/client/BookKeeperAdmin.java/writeLedgerConfig;4.1.0;10;1;0;0;0;0;5;2;1;5;29;3;32;3;Yes
Bookkeeper;/home/denni/isw2/bookkeeper/bookkeeper-server/src/main/java/org/apache/bookkeeper/client/BookKeeperAdmin.java/processResult;4.1.0;25;4;4;0;4;2;2;0;1;6;47;12;59;4;Yes
Bookkeeper;/home/denni/isw2/bookkeeper/bookkeeper-server/src/main/java/org/apache/bookkeeper/client/BookKeeperAdmin.java/operationComplete;4.1.0;8;2;1;0;2;1;1;0;1;4;11;2;13;3;Yes
Bookkeeper;/home/denni/isw2/bookkeeper/bookkeeper-server/src/main/java/org/apache/bookkeeper/client/BookKeeper.java/process;4.1.0;4;1;0;0;1;0;2;0;1;5;26;3;29;3;Yes
Bookkeeper;/home/denni/isw2/bookkeeper/bookkeeper-server/src/main/java/org/apache/bookkeeper/client/BookKeeper.java/createLedger;4.1.0;28;2;1;0;4;1;6;1;1;5;43;0;43;2;Yes
Bookkeeper;/home/denni/isw2/bookkeeper/bookkeeper-server/src/main/java/org/apache/bookkeeper/client/BookKeeper.java/openLedger;4.1.0;28;2;1;0;3;1;6;1;1;3;36;0;36;2;No
Bookkeeper;/home/denni/isw2/bookkeeper/bookkeeper-server/src/main/java/org/apache/bookkeeper/client/BookKeeper.java/openLedgerNoRecovery;4.1.0;28;2;1;0;3;1;6;1;1;3;39;1;40;2;No
Bookkeeper;/home/denni/isw2/bookkeeper/bookkeeper-server/src/main/java/org/apache/bookkeeper/client/BookKeeper.java/deleteLedger;4.1.0;21;3;3;0;1;2;5;1;1;1;2;5;7;1;Yes
Bookkeeper;/home/denni/isw2/bookkeeper/bookkeeper-server/src/main/java/org/apache/bookkeeper/client/BookKeeper.java/openComplete;4.1.0;16;1;0;0;3;0;5;1;1;0;0;0;0;0;No
Bookkeeper;/home/denni/isw2/bookkeeper/bookkeeper-server/src/main/java/org/apache/bookkeeper/client/LedgerHandle.java/close;4.1.0;11;2;1;0;0;1;5;1;1;2;17;2;19;2;No
Bookkeeper;/home/denni/isw2/bookkeeper/bookkeeper-server/src/main/java/org/apache/bookkeeper/client/LedgerHandle.java/asyncCloseInternal;4.1.0;57;6;7;0;3;3;1;2;1;10;140;101;241;3;Yes
Bookkeeper;/home/denni/isw2/bookkeeper/bookkeeper-server/src/main/java/org/apache/bookkeeper/client/LedgerHandle.java/safeRun;4.1.0;45;6;7;0;0;3;7;2;1;9;131;96;227;3;Yes
Bookkeeper;/home/denni/isw2/bookkeeper/bookkeeper-server/src/main/java/org/apache/bookkeeper/client/LedgerHandle.java/processResult;4.1.0;29;5;6;0;4;3;1;0;1;7;82;30;112;3;Yes
Bookkeeper;/home/denni/isw2/bookkeeper/bookkeeper-server/src/main/java/org/apache/bookkeeper/client/LedgerHandle.java/operationComplete;4.1.0;18;3;3;0;2;2;1;0;1;5;55;11;66;3;Yes
Bookkeeper;/home/denni/isw2/bookkeeper/bookkeeper-server/src/main/java/org/apache/bookkeeper/client/LedgerHandle.java/readEntries;4.1.0;16;2;1;0;2;1;6;1;2;3;13;7;20;2;No
Bookkeeper;/home/denni/isw2/bookkeeper/bookkeeper-server/src/main/java/org/apache/bookkeeper/client/LedgerHandle.java/addEntry;4.1.0;20;3;2;0;3;1;7;1;1;6;67;18;85;2;Yes
Bookkeeper;/home/denni/isw2/bookkeeper/bookkeeper-server/src/main/java/org/apache/bookkeeper/client/LedgerHandle.java/doAsyncAddEntry;4.1.0;29;5;5;0;6;2;6;3;1;6;71;14;85;2;Yes
Bookkeeper;/home/denni/isw2/bookkeeper/bookkeeper-server/src/main/java/org/apache/bookkeeper/client/LedgerHandle.java/asyncReadLastConfirmed;4.1.0;26;2;1;0;2;1;2;1;1;5;26;3;29;2;Yes
Bookkeeper;/home/denni/isw2/bookkeeper/bookkeeper-server/src/main/java/org/apache/bookkeeper/client/LedgerHandle.java/readLastConfirmedDataComplete;4.1.0;8;2;1;0;2;1;1;0;1;3;17;0;17;1;No
Bookkeeper;/home/denni/isw2/bookkeeper/bookkeeper-server/src/main/java/org/apache/bookkeeper/client/LedgerHandle.java/readLastConfirmed;4.1.0;25;3;2;0;0;1;5;1;1;4;37;2;39;2;No
Bookkeeper;/home/denni/isw2/bookkeeper/bookkeeper-server/src/main/java/org/apache/bookkeeper/client/LedgerHandle.java/sendAddSuccessCallbacks;4.1.0;8;3;3;0;0;2;2;1;1;6;38;20;58;2;Yes
Bookkeeper;/home/denni/isw2/bookkeeper/bookkeeper-server/src/main/java/org/apache/bookkeeper/client/LedgerHandle.java/handleBookieFailure;4.1.0;51;10;11;0;2;3;11;4;1;13;227;132;359;3;Yes
Bookkeeper;/home/denni/isw2/bookkeeper/bookkeeper-server/src/main/java/org/apache/bookkeeper/client/LedgerHandle.java/processResult;4.1.0;32;7;8;0;4;3;1;1;1;7;106;13;119;3;Yes
Bookkeeper;/home/denni/isw2/bookkeeper/bookkeeper-server/src/main/java/org/apache/bookkeeper/client/LedgerHandle.java/safeRun;4.1.0;28;7;8;0;0;3;3;1;1;7;84;11;95;3;Yes
Bookkeeper;/home/denni/isw2/bookkeeper/bookkeeper-server/src/main/java/org/apache/bookkeeper/client/LedgerHandle.java/operationComplete;4.1.0;15;4;4;0;2;2;1;0;1;5;48;3;51;3;Yes
Bookkeeper;/home/denni/isw2/bookkeeper/bookkeeper-server/src/main/java/org/apache/bookkeeper/client/LedgerHandle.java/rereadMetadata;4.1.0;15;3;3;0;1;2;1;1;1;6;47;5;52;2;Yes
Bookkeeper;/home/denni/isw2/bookkeeper/bookkeeper-server/src/main/java/org/apache/bookkeeper/client/LedgerHandle.java/processResult;4.1.0;12;3;3;0;5;2;2;1;1;5;34;3;37;2;Yes
Bookkeeper;/home/denni/isw2/bookkeeper/bookkeeper-server/src/main/java/org/apache/bookkeeper/client/LedgerHandle.java/recover;4.1.0;30;6;6;0;1;2;4;0;1;4;55;9;64;3;Yes
Bookkeeper;/home/denni/isw2/bookkeeper/bookkeeper-server/src/main/java/org/apache/bookkeeper/client/LedgerHandle.java/processResult;4.1.0;18;4;4;0;4;2;1;0;1;1;22;0;22;1;Yes
Bookkeeper;/home/denni/isw2/bookkeeper/bookkeeper-server/src/main/java/org/apache/bookkeeper/client/LedgerHandle.java/operationComplete;4.1.0;7;2;1;0;2;1;1;0;1;1;8;0;8;1;Yes
Bookkeeper;/home/denni/isw2/bookkeeper/bookkeeper-server/src/main/java/org/apache/bookkeeper/client/LedgerHandle.java/closeComplete;4.1.0;4;2;1;0;3;1;1;0;1;1;6;0;6;1;Yes
Bookkeeper;/home/denni/isw2/bookkeeper/bookkeeper-server/src/main/java/org/apache/bookkeeper/client/LedgerOpenOp.java/processResult;4.1.0;55;12;13;0;5;3;7;1;1;10;93;60;153;3;Yes
Bookkeeper;/home/denni/isw2/bookkeeper/bookkeeper-server/src/main/java/org/apache/bookkeeper/client/LedgerOpenOp.java/operationComplete;4.1.0;8;3;3;0;2;2;1;0;1;3;21;3;24;1;No
Bookkeeper;/home/denni/isw2/bookkeeper/bookkeeper-server/src/main/java/org/apache/bookkeeper/client/LedgerOpenOp.java/readLastConfirmedComplete;4.1.0;7;2;1;0;3;1;1;0;1;2;5;2;7;1;Yes
Bookkeeper;/home/denni/isw2/bookkeeper/bookkeeper-server/src/main/java/org/apache/bookkeeper/client/DigestManager.java/verifyDigest;4.1.0;19;5;5;0;3;2;11;6;1;2;10;3;13;2;Yes
Bookkeeper;/home/denni/isw2/bookkeeper/bookkeeper-server/src/main/java/org/apache/bookkeeper/client/LedgerRecoveryOp.java/initiate;4.1.0;18;3;3;0;0;2;2;1;1;5;38;28;66;2;No
Bookkeeper;/home/denni/isw2/bookkeeper/bookkeeper-server/src/main/java/org/apache/bookkeeper/client/LedgerRecoveryOp.java/readLastConfirmedDataComplete;4.1.0;9;3;3;0;2;2;1;0;1;5;18;1;19;2;No
Bookkeeper;/home/denni/isw2/bookkeeper/bookkeeper-server/src/main/java/org/apache/bookkeeper/client/LedgerRecoveryOp.java/doRecoveryRead;4.1.0;6;1;0;0;0;0;2;0;1;0;0;0;0;0;No
Bookkeeper;/home/denni/isw2/bookkeeper/bookkeeper-server/src/main/java/org/apache/bookkeeper/client/LedgerRecoveryOp.java/readComplete;4.1.0;30;4;4;0;4;2;6;2;1;6;15;8;23;3;Yes
Bookkeeper;/home/denni/isw2/bookkeeper/bookkeeper-server/src/main/java/org/apache/bookkeeper/client/LedgerRecoveryOp.java/closeComplete;4.1.0;8;2;1;0;3;1;1;0;1;2;3;1;4;2;Yes
Bookkeeper;/home/denni/isw2/bookkeeper/bookkeeper-server/src/main/java/org/apache/bookkeeper/client/LedgerRecoveryOp.java/addComplete;4.1.0;7;2;1;0;4;1;2;0;1;4;6;9;15;3;No
Bookkeeper;/home/denni/isw2/bookkeeper/bookkeeper-server/src/main/java/org/apache/bookkeeper/client/LedgerMetadata.java/getEnsembles;4.1.0;9;1;0;0;0;0;1;0;4;1;2;0;2;1;Yes
Bookkeeper;/home/denni/isw2/bookkeeper/bookkeeper-server/src/main/java/org/apache/bookkeeper/client/LedgerMetadata.java/addEnsemble;4.1.0;4;1;0;0;2;0;3;0;1;2;10;0;10;1;Yes
Bookkeeper;/home/denni/isw2/bookkeeper/bookkeeper-server/src/main/java/org/apache/bookkeeper/client/LedgerMetadata.java/getEnsemble;4.1.0;2;1;0;0;1;0;1;0;2;5;13;2;15;3;Yes
Bookkeeper;/home/denni/isw2/bookkeeper/bookkeeper-server/src/main/java/org/apache/bookkeeper/client/LedgerMetadata.java/getNextEnsembleChange;4.1.0;13;2;1;0;1;1;2;1;1;5;19;3;22;4;Yes
Bookkeeper;/home/denni/isw2/bookkeeper/bookkeeper-server/src/main/java/org/apache/bookkeeper/client/LedgerMetadata.java/serialize;4.1.0;19;5;5;0;0;2;7;3;2;2;2;2;4;2;No
Bookkeeper;/home/denni/isw2/bookkeeper/bookkeeper-server/src/main/java/org/apache/bookkeeper/client/LedgerMetadata.java/parseConfig;4.1.0;43;9;10;0;2;3;6;8;1;6;83;9;92;3;Yes
Bookkeeper;/home/denni/isw2/bookkeeper/bookkeeper-server/src/main/java/org/apache/bookkeeper/client/LedgerMetadata.java/resolveConflict;4.1.0;32;6;6;0;1;2;9;5;1;7;86;10;96;4;Yes
Bookkeeper;/home/denni/isw2/bookkeeper/bookkeeper-server/src/main/java/org/apache/bookkeeper/client/ReadLastConfirmedOp.java/initiate;4.1.0;3;2;1;0;0;1;1;1;1;3;14;2;16;2;No
Bookkeeper;/home/denni/isw2/bookkeeper/bookkeeper-server/src/main/java/org/apache/bookkeeper/client/ReadLastConfirmedOp.java/initiateWithFencing;4.1.0;3;2;1;0;0;1;1;1;1;2;8;3;11;1;No
Bookkeeper;/home/denni/isw2/bookkeeper/bookkeeper-server/src/main/java/org/apache/bookkeeper/client/ReadLastConfirmedOp.java/readEntryComplete;4.1.0;26;9;10;0;5;3;8;3;1;7;34;20;54;3;Yes
Bookkeeper;/home/denni/isw2/bookkeeper/bookkeeper-server/src/main/java/org/apache/bookkeeper/client/ReadOnlyLedgerHandle.java/addEntry;4.1.0;4;1;0;0;3;0;2;0;1;1;1;1;2;1;Yes
Bookkeeper;/home/denni/isw2/bookkeeper/bookkeeper-server/src/main/java/org/apache/bookkeeper/client/ReadOnlyLedgerHandle.java/asyncAddEntry;4.1.0;4;1;0;0;5;0;2;0;1;1;2;1;3;1;No
Bookkeeper;/home/denni/isw2/bookkeeper/bookkeeper-server/src/main/java/org/apache/bookkeeper/client/PendingReadOp.java/initiate;4.1.0;15;4;4;0;0;2;3;4;1;7;61;7;68;3;Yes
Bookkeeper;/home/denni/isw2/bookkeeper/bookkeeper-server/src/main/java/org/apache/bookkeeper/client/PendingReadOp.java/sendRead;4.1.0;8;2;1;0;3;1;4;1;1;10;58;5;63;2;Yes
Bookkeeper;/home/denni/isw2/bookkeeper/bookkeeper-server/src/main/java/org/apache/bookkeeper/client/PendingReadOp.java/logErrorAndReattemptRead;4.1.0;6;1;0;0;3;0;5;2;1;4;22;1;23;1;Yes
Bookkeeper;/home/denni/isw2/bookkeeper/bookkeeper-server/src/main/java/org/apache/bookkeeper/client/PendingReadOp.java/readEntryComplete;4.1.0;31;8;8;0;5;2;12;2;1;10;120;14;134;3;Yes
Bookkeeper;/home/denni/isw2/bookkeeper/bookkeeper-server/src/main/java/org/apache/bookkeeper/client/PendingReadOp.java/hasMoreElements;4.1.0;2;1;0;0;0;0;1;0;1;1;2;0;2;1;Yes
Bookkeeper;/home/denni/isw2/bookkeeper/bookkeeper-server/src/main/java/org/apache/bookkeeper/client/PendingReadOp.java/nextElement;4.1.0;2;1;0;0;0;0;1;0;1;1;2;0;2;1;Yes
Bookkeeper;/home/denni/isw2/bookkeeper/bookkeeper-server/src/main/java/org/apache/bookkeeper/util/LocalBookKeeper.java/runZookeeper;4.1.0;17;3;3;0;1;2;6;1;1;5;36;35;71;4;Yes
Bookkeeper;/home/denni/isw2/bookkeeper/bookkeeper-server/src/main/java/org/apache/bookkeeper/util/LocalBookKeeper.java/main;4.1.0;18;5;6;0;1;3;8;3;1;5;30;12;42;3;Yes
Bookkeeper;/home/denni/isw2/bookkeeper/bookkeeper-server/src/main/java/org/apache/bookkeeper/util/LocalBookKeeper.java/usage;4.1.0;2;1;0;0;0;0;1;0;1;0;0;0;0;0;No
Bookkeeper;/home/denni/isw2/bookkeeper/bookkeeper-server/src/main/java/org/apache/bookkeeper/util/LocalBookKeeper.java/waitForServerUp;4.1.0;30;7;9;0;2;4;6;8;1;2;3;3;6;2;Yes
Bookkeeper;/home/denni/isw2/bookkeeper/bookkeeper-server/src/main/java/org/apache/bookkeeper/util/StringUtils.java/parseAddr;4.1.0;17;3;3;0;1;2;6;3;1;0;0;0;0;0;No
Bookkeeper;/home/denni/isw2/bookkeeper/bookkeeper-server/src/main/java/org/apache/bookkeeper/util/HardLink.java/getOSType;4.1.0;10;4;5;0;0;3;2;1;1;0;0;0;0;0;No
Bookkeeper;/home/denni/isw2/bookkeeper/bookkeeper-server/src/main/java/org/apache/bookkeeper/util/HardLink.java/setLinkCountCmdTemplate;4.1.0;2;1;0;0;1;0;1;0;1;0;0;0;0;0;No
Bookkeeper;/home/denni/isw2/bookkeeper/bookkeeper-server/src/main/java/org/apache/bookkeeper/util/HardLink.java/createHardLink;4.1.0;30;7;8;0;2;3;5;4;1;1;2;2;4;1;No
Bookkeeper;/home/denni/isw2/bookkeeper/bookkeeper-server/src/main/java/org/apache/bookkeeper/util/HardLink.java/createHardLinkMult;4.1.0;43;11;12;0;4;3;11;7;1;1;2;2;4;1;No
Bookkeeper;/home/denni/isw2/bookkeeper/bookkeeper-server/src/main/java/org/apache/bookkeeper/util/HardLink.java/getLinkCount;4.1.0;38;9;9;0;1;2;10;8;1;1;2;2;4;1;No
Bookkeeper;/home/denni/isw2/bookkeeper/bookkeeper-server/src/main/java/org/apache/bookkeeper/util/Main.java/usage;4.1.0;2;1;0;0;0;0;1;0;1;0;0;0;0;0;No
Bookkeeper;/home/denni/isw2/bookkeeper/bookkeeper-server/src/main/java/org/apache/bookkeeper/util/Main.java/main;4.1.0;15;3;2;0;1;1;4;1;1;0;0;0;0;0;No
Bookkeeper;/home/denni/isw2/bookkeeper/bookkeeper-server/src/main/java/org/apache/bookkeeper/util/OrderedSafeExecutor.java/shutdown;4.1.0;3;2;1;0;0;1;1;1;1;0;0;0;0;0;No
Bookkeeper;/home/denni/isw2/bookkeeper/bookkeeper-server/src/main/java/org/apache/bookkeeper/streaming/LedgerOutputStream.java/flush;4.1.0;13;4;5;0;0;3;1;1;1;0;0;0;0;0;No
Bookkeeper;/home/denni/isw2/bookkeeper/bookkeeper-server/src/main/java/org/apache/bookkeeper/proto/BookieClient.java/closeClients;4.1.0;14;5;5;0;1;2;4;4;1;5;39;4;43;3;Yes
Bookkeeper;/home/denni/isw2/bookkeeper/bookkeeper-server/src/main/java/org/apache/bookkeeper/proto/BookieClient.java/addEntry;4.1.0;10;2;1;0;8;1;2;1;1;4;20;4;24;2;Yes
Bookkeeper;/home/denni/isw2/bookkeeper/bookkeeper-server/src/main/java/org/apache/bookkeeper/proto/BookieClient.java/operationComplete;4.1.0;6;2;1;0;2;1;2;0;1;4;14;4;18;2;Yes
Bookkeeper;/home/denni/isw2/bookkeeper/bookkeeper-server/src/main/java/org/apache/bookkeeper/proto/BookieClient.java/readEntryAndFenceLedger;4.1.0;10;2;1;0;6;1;2;1;1;3;8;2;10;2;Yes
Bookkeeper;/home/denni/isw2/bookkeeper/bookkeeper-server/src/main/java/org/apache/bookkeeper/proto/BookieClient.java/operationComplete;4.1.0;6;2;1;0;2;1;2;0;1;1;1;1;2;1;Yes
Bookkeeper;/home/denni/isw2/bookkeeper/bookkeeper-server/src/main/java/org/apache/bookkeeper/proto/BookieClient.java/readEntry;4.1.0;10;2;1;0;5;1;2;1;1;2;7;0;7;1;Yes
Bookkeeper;/home/denni/isw2/bookkeeper/bookkeeper-server/src/main/java/org/apache/bookkeeper/proto/BookieClient.java/operationComplete;4.1.0;6;2;1;0;2;1;2;0;1;1;4;0;4;1;Yes
Bookkeeper;/home/denni/isw2/bookkeeper/bookkeeper-server/src/main/java/org/apache/bookkeeper/proto/BookieClient.java/main;4.1.0;31;4;3;0;1;1;14;10;1;1;8;0;8;1;Yes
Bookkeeper;/home/denni/isw2/bookkeeper/bookkeeper-server/src/main/java/org/apache/bookkeeper/proto/BookieClient.java/writeComplete;4.1.0;5;2;1;0;5;1;3;1;1;1;6;0;6;1;Yes
Bookkeeper;/home/denni/isw2/bookkeeper/bookkeeper-server/src/main/java/org/apache/bookkeeper/proto/PerChannelBookieClient.java/connect;4.1.0;33;5;4;0;0;1;9;5;1;6;20;17;37;3;Yes
Bookkeeper;/home/denni/isw2/bookkeeper/bookkeeper-server/src/main/java/org/apache/bookkeeper/proto/PerChannelBookieClient.java/operationComplete;4.1.0;20;3;2;0;1;1;4;3;1;4;13;7;20;2;Yes
Bookkeeper;/home/denni/isw2/bookkeeper/bookkeeper-server/src/main/java/org/apache/bookkeeper/proto/PerChannelBookieClient.java/addEntry;4.1.0;40;4;5;0;7;3;5;6;1;7;43;55;98;3;No
Bookkeeper;/home/denni/isw2/bookkeeper/bookkeeper-server/src/main/java/org/apache/bookkeeper/proto/PerChannelBookieClient.java/readEntryAndFenceLedger;4.1.0;25;3;3;0;5;2;11;4;1;7;88;44;132;3;No
Bookkeeper;/home/denni/isw2/bookkeeper/bookkeeper-server/src/main/java/org/apache/bookkeeper/proto/PerChannelBookieClient.java/errorOutReadKey;4.1.0;9;2;1;0;1;1;1;1;1;1;12;0;12;1;Yes
Bookkeeper;/home/denni/isw2/bookkeeper/bookkeeper-server/src/main/java/org/apache/bookkeeper/proto/PerChannelBookieClient.java/safeRun;4.1.0;6;2;1;0;0;1;2;1;1;1;10;0;10;1;Yes
Bookkeeper;/home/denni/isw2/bookkeeper/bookkeeper-server/src/main/java/org/apache/bookkeeper/proto/PerChannelBookieClient.java/errorOutAddKey;4.1.0;13;3;3;0;1;2;1;2;1;4;9;2;11;2;No
Bookkeeper;/home/denni/isw2/bookkeeper/bookkeeper-server/src/main/java/org/apache/bookkeeper/proto/PerChannelBookieClient.java/safeRun;4.1.0;10;3;3;0;0;2;2;2;1;4;7;2;9;2;No
Bookkeeper;/home/denni/isw2/bookkeeper/bookkeeper-server/src/main/java/org/apache/bookkeeper/proto/PerChannelBookieClient.java/channelDisconnected;4.1.0;10;1;0;0;2;0;4;0;1;2;3;2;5;2;No
Bookkeeper;/home/denni/isw2/bookkeeper/bookkeeper-server/src/main/java/org/apache/bookkeeper/proto/PerChannelBookieClient.java/exceptionCaught;4.1.0;21;8;9;0;2;3;5;3;1;5;34;9;43;3;Yes
Bookkeeper;/home/denni/isw2/bookkeeper/bookkeeper-server/src/main/java/org/apache/bookkeeper/proto/PerChannelBookieClient.java/messageReceived;4.1.0;33;6;4;0;2;2;7;6;1;4;17;7;24;3;Yes
Bookkeeper;/home/denni/isw2/bookkeeper/bookkeeper-server/src/main/java/org/apache/bookkeeper/proto/PerChannelBookieClient.java/safeRun;4.1.0;11;4;1;0;0;1;1;0;1;2;5;0;5;2;No
Bookkeeper;/home/denni/isw2/bookkeeper/bookkeeper-server/src/main/java/org/apache/bookkeeper/proto/PerChannelBookieClient.java/handleAddResponse;4.1.0;26;8;3;0;3;1;6;1;1;6;27;6;33;3;Yes
Bookkeeper;/home/denni/isw2/bookkeeper/bookkeeper-server/src/main/java/org/apache/bookkeeper/proto/PerChannelBookieClient.java/handleReadResponse;4.1.0;27;8;10;0;4;4;7;2;1;3;25;1;26;2;No
Bookkeeper;/home/denni/isw2/bookkeeper/bookkeeper-server/src/main/java/org/apache/bookkeeper/proto/PerChannelBookieClient.java/equals;4.1.0;6;2;1;0;1;1;3;1;1;0;0;0;0;0;No
Bookkeeper;/home/denni/isw2/bookkeeper/bookkeeper-server/src/main/java/org/apache/bookkeeper/proto/PerChannelBookieClient.java/toString;4.1.0;2;1;0;0;0;0;1;0;1;0;0;0;0;0;No
Bookkeeper;/home/denni/isw2/bookkeeper/bookkeeper-server/src/main/java/org/apache/bookkeeper/proto/BookieServerBean.java/getAddStats;4.1.0;3;1;0;0;0;0;1;0;1;1;1;0;1;1;No
Bookkeeper;/home/denni/isw2/bookkeeper/bookkeeper-server/src/main/java/org/apache/bookkeeper/proto/BookieServerBean.java/getReadStats;4.1.0;3;1;0;0;0;0;1;0;1;1;1;0;1;1;No
Bookkeeper;/home/denni/isw2/bookkeeper/bookkeeper-server/src/main/java/org/apache/bookkeeper/proto/BookieServerBean.java/getServerState;4.1.0;3;1;0;0;0;0;1;0;1;1;0;1;1;1;No
Bookkeeper;/home/denni/isw2/bookkeeper/bookkeeper-server/src/main/java/org/apache/bookkeeper/proto/NIOServerFactory.java/getLocalAddress;4.1.0;2;1;0;0;0;0;1;0;1;0;0;0;0;0;No
Bookkeeper;/home/denni/isw2/bookkeeper/bookkeeper-server/src/main/java/org/apache/bookkeeper/proto/NIOServerFactory.java/run;4.1.0;26;6;9;0;0;5;3;7;1;3;25;4;29;1;Yes
Bookkeeper;/home/denni/isw2/bookkeeper/bookkeeper-server/src/main/java/org/apache/bookkeeper/proto/NIOServerFactory.java/clear;4.1.0;12;3;4;0;0;3;2;2;1;0;0;0;0;0;No
Bookkeeper;/home/denni/isw2/bookkeeper/bookkeeper-server/src/main/java/org/apache/bookkeeper/proto/NIOServerFactory.java/shutdown;4.1.0;10;3;3;0;0;2;1;0;1;0;0;0;0;0;No
Bookkeeper;/home/denni/isw2/bookkeeper/bookkeeper-server/src/main/java/org/apache/bookkeeper/proto/NIOServerFactory.java/doIO;4.1.0;85;18;21;0;1;5;1;6;1;1;1;1;2;1;No
Bookkeeper;/home/denni/isw2/bookkeeper/bookkeeper-server/src/main/java/org/apache/bookkeeper/proto/NIOServerFactory.java/readLength;4.1.0;5;2;1;0;1;1;3;1;1;0;0;0;0;0;No
Bookkeeper;/home/denni/isw2/bookkeeper/bookkeeper-server/src/main/java/org/apache/bookkeeper/proto/NIOServerFactory.java/close;4.1.0;37;8;9;0;0;3;10;0;1;1;1;1;2;1;Yes
Bookkeeper;/home/denni/isw2/bookkeeper/bookkeeper-server/src/main/java/org/apache/bookkeeper/proto/NIOServerFactory.java/makeWritable;4.1.0;8;3;3;0;1;2;1;0;1;0;0;0;0;0;No
Bookkeeper;/home/denni/isw2/bookkeeper/bookkeeper-server/src/main/java/org/apache/bookkeeper/proto/NIOServerFactory.java/sendBuffers;4.1.0;15;6;6;0;1;2;9;4;1;2;2;4;6;2;Yes
Bookkeeper;/home/denni/isw2/bookkeeper/bookkeeper-server/src/main/java/org/apache/bookkeeper/proto/NIOServerFactory.java/getRemoteAddress;4.1.0;2;1;0;0;0;0;1;0;1;0;0;0;0;0;No
Bookkeeper;/home/denni/isw2/bookkeeper/bookkeeper-server/src/main/java/org/apache/bookkeeper/proto/BookieServer.java/registerJMX;4.1.0;8;2;2;0;0;2;1;0;1;4;27;0;27;2;Yes
Bookkeeper;/home/denni/isw2/bookkeeper/bookkeeper-server/src/main/java/org/apache/bookkeeper/proto/BookieServer.java/unregisterJMX;4.1.0;8;3;3;0;0;2;2;0;1;2;3;0;3;2;Yes
Bookkeeper;/home/denni/isw2/bookkeeper/bookkeeper-server/src/main/java/org/apache/bookkeeper/proto/BookieServer.java/loadConfFile;4.1.0;10;3;3;0;2;2;2;0;1;5;15;2;17;1;No
Bookkeeper;/home/denni/isw2/bookkeeper/bookkeeper-server/src/main/java/org/apache/bookkeeper/proto/BookieServer.java/parseArgs;4.1.0;26;6;7;0;1;3;1;6;1;6;41;4;45;2;Yes
Bookkeeper;/home/denni/isw2/bookkeeper/bookkeeper-server/src/main/java/org/apache/bookkeeper/proto/BookieServer.java/main;4.1.0;37;5;5;0;1;2;8;6;1;3;27;12;39;1;Yes
Bookkeeper;/home/denni/isw2/bookkeeper/bookkeeper-server/src/main/java/org/apache/bookkeeper/proto/BookieServer.java/processPacket;4.1.0;101;26;25;0;2;4;13;13;1;10;104;97;201;4;Yes
Bookkeeper;/home/denni/isw2/bookkeeper/bookkeeper-server/src/main/java/org/apache/bookkeeper/proto/BookieServer.java/writeComplete;4.1.0;19;4;4;0;5;2;12;5;1;2;19;1;20;2;Yes
Bookkeeper;/home/denni/isw2/bookkeeper/bookkeeper-server/src/main/java/org/apache/bookkeeper/proto/BookieProtocol.java/fromInt;4.1.0;10;2;1;0;1;1;5;3;1;1;7;0;7;1;No
Bookkeeper;/home/denni/isw2/bookkeeper/bookkeeper-server/src/main/java/org/apache/bookkeeper/proto/BookkeeperInternalCallbacks.java/processResult;4.1.0;6;2;1;0;3;1;2;0;1;2;8;1;9;2;No
Bookkeeper;/home/denni/isw2/bookkeeper/hedwig-server/src/main/java/org/apache/hedwig/zookeeper/ZkUtils.java/logErrorAndCreateZKException;4.1.0;4;1;0;0;3;0;3;1;1;1;1;0;1;1;Yes
Bookkeeper;/home/denni/isw2/bookkeeper/hedwig-server/src/main/java/org/apache/hedwig/server/topics/ZkTopicManager.java/safeProcessResult;4.1.0;4;2;1;0;4;1;1;0;1;0;0;0;0;0;No
Bookkeeper;/home/denni/isw2/bookkeeper/hedwig-server/src/main/java/org/apache/hedwig/server/topics/ZkTopicManager.java/process;4.1.0;13;6;8;0;1;4;2;0;1;3;21;26;47;2;Yes
Bookkeeper;/home/denni/isw2/bookkeeper/hedwig-server/src/main/java/org/apache/hedwig/server/topics/ZkTopicManager.java/chooseLeastLoadedNode;4.1.0;31;9;10;0;1;3;2;7;1;3;9;6;15;3;Yes
Bookkeeper;/home/denni/isw2/bookkeeper/hedwig-server/src/main/java/org/apache/hedwig/server/topics/ZkTopicManager.java/safeProcessResult;4.1.0;23;8;9;0;5;3;1;2;1;3;9;6;15;3;Yes
Bookkeeper;/home/denni/isw2/bookkeeper/hedwig-server/src/main/java/org/apache/hedwig/server/topics/ZkTopicManager.java/read;4.1.0;28;6;6;0;0;2;1;3;1;3;19;3;22;3;Yes
Bookkeeper;/home/denni/isw2/bookkeeper/hedwig-server/src/main/java/org/apache/hedwig/server/topics/ZkTopicManager.java/safeProcessResult;4.1.0;25;6;6;0;5;2;6;3;1;3;17;2;19;3;Yes
Bookkeeper;/home/denni/isw2/bookkeeper/hedwig-server/src/main/java/org/apache/hedwig/server/topics/ZkTopicManager.java/postReleaseCleanup;4.1.0;28;5;4;0;3;1;1;3;1;1;4;4;8;1;No
Bookkeeper;/home/denni/isw2/bookkeeper/hedwig-server/src/main/java/org/apache/hedwig/server/topics/ZkTopicManager.java/safeProcessResult;4.1.0;24;5;4;0;5;1;5;3;1;1;4;4;8;1;No
Bookkeeper;/home/denni/isw2/bookkeeper/hedwig-server/src/main/java/org/apache/hedwig/server/topics/AbstractTopicManager.java/notifyListenersAndAddToOwnedTopics;4.1.0;33;3;2;0;3;1;3;4;1;4;54;5;59;3;Yes
Bookkeeper;/home/denni/isw2/bookkeeper/hedwig-server/src/main/java/org/apache/hedwig/server/topics/AbstractTopicManager.java/operationFinished;4.1.0;17;2;1;0;2;1;3;0;1;3;21;2;23;3;Yes
Bookkeeper;/home/denni/isw2/bookkeeper/hedwig-server/src/main/java/org/apache/hedwig/server/topics/AbstractTopicManager.java/run;4.1.0;10;1;0;0;0;0;1;0;1;3;19;2;21;3;Yes
Bookkeeper;/home/denni/isw2/bookkeeper/hedwig-server/src/main/java/org/apache/hedwig/server/topics/AbstractTopicManager.java/operationFailed;4.1.0;3;1;0;0;2;0;1;0;1;2;5;1;6;2;No
Bookkeeper;/home/denni/isw2/bookkeeper/hedwig-server/src/main/java/org/apache/hedwig/server/topics/AbstractTopicManager.java/operationFinished;4.1.0;3;1;0;0;2;0;1;0;1;2;4;1;5;2;Yes
Bookkeeper;/home/denni/isw2/bookkeeper/hedwig-server/src/main/java/org/apache/hedwig/server/topics/AbstractTopicManager.java/realReleaseTopic;4.1.0;4;2;1;0;3;1;3;1;1;1;5;0;5;1;No
Bookkeeper;/home/denni/isw2/bookkeeper/hedwig-server/src/main/java/org/apache/hedwig/server/proxy/HedwigProxy.java/start;4.1.0;12;1;0;0;0;0;3;1;1;1;1;0;1;1;Yes
Bookkeeper;/home/denni/isw2/bookkeeper/hedwig-server/src/main/java/org/apache/hedwig/server/proxy/HedwigProxy.java/main;4.1.0;21;5;6;0;1;3;4;4;1;1;1;1;2;1;No
Bookkeeper;/home/denni/isw2/bookkeeper/hedwig-server/src/main/java/org/apache/hedwig/server/proxy/ProxyStartDeliveryHandler.java/handleRequest;4.1.0;34;6;6;0;2;2;4;6;1;4;13;12;25;2;Yes
Bookkeeper;/home/denni/isw2/bookkeeper/hedwig-server/src/main/java/org/apache/hedwig/server/persistence/ReadAheadCacheBean.java/getMaxCacheSize;4.1.0;3;1;0;0;0;0;1;0;1;0;0;0;0;0;No
Bookkeeper;/home/denni/isw2/bookkeeper/hedwig-server/src/main/java/org/apache/hedwig/server/persistence/ReadAheadCacheBean.java/getNumCachedEntries;4.1.0;3;1;0;0;0;0;1;0;1;0;0;0;0;0;No
Bookkeeper;/home/denni/isw2/bookkeeper/hedwig-server/src/main/java/org/apache/hedwig/server/persistence/ReadAheadCacheBean.java/getNumPendingCacheRequests;4.1.0;3;1;0;0;0;0;1;0;1;1;1;1;2;1;Yes
Bookkeeper;/home/denni/isw2/bookkeeper/hedwig-server/src/main/java/org/apache/hedwig/server/persistence/BookkeeperPersistenceManager.java/runInternal;4.1.0;7;3;2;0;0;1;3;0;1;3;21;14;35;2;Yes
Bookkeeper;/home/denni/isw2/bookkeeper/hedwig-server/src/main/java/org/apache/hedwig/server/persistence/BookkeeperPersistenceManager.java/read;4.1.0;54;10;11;0;3;3;4;7;1;7;35;20;55;3;Yes
Bookkeeper;/home/denni/isw2/bookkeeper/hedwig-server/src/main/java/org/apache/hedwig/server/persistence/BookkeeperPersistenceManager.java/safeOpenComplete;4.1.0;10;2;1;0;3;1;5;1;1;1;3;3;6;1;No
Bookkeeper;/home/denni/isw2/bookkeeper/hedwig-server/src/main/java/org/apache/hedwig/server/persistence/BookkeeperPersistenceManager.java/safeReadComplete;4.1.0;33;7;8;0;4;3;4;4;1;6;24;14;38;3;Yes
Bookkeeper;/home/denni/isw2/bookkeeper/hedwig-server/src/main/java/org/apache/hedwig/server/persistence/BookkeeperPersistenceManager.java/startReadingFrom;4.1.0;10;3;3;0;1;2;2;2;1;1;1;0;1;1;Yes
Bookkeeper;/home/denni/isw2/bookkeeper/hedwig-server/src/main/java/org/apache/hedwig/server/persistence/BookkeeperPersistenceManager.java/run;4.1.0;29;6;6;0;0;2;8;7;1;5;67;20;87;2;Yes
Bookkeeper;/home/denni/isw2/bookkeeper/hedwig-server/src/main/java/org/apache/hedwig/server/persistence/BookkeeperPersistenceManager.java/operationFinished;4.1.0;5;2;1;0;2;1;3;1;1;3;18;7;25;1;Yes
Bookkeeper;/home/denni/isw2/bookkeeper/hedwig-server/src/main/java/org/apache/hedwig/server/persistence/BookkeeperPersistenceManager.java/runInternal;4.1.0;21;5;7;0;0;4;3;4;1;5;68;14;82;2;Yes
Bookkeeper;/home/denni/isw2/bookkeeper/hedwig-server/src/main/java/org/apache/hedwig/server/persistence/BookkeeperPersistenceManager.java/getMinSeqIdForTopic;4.1.0;6;2;1;0;1;1;2;1;1;1;3;0;3;1;Yes
Bookkeeper;/home/denni/isw2/bookkeeper/hedwig-server/src/main/java/org/apache/hedwig/server/persistence/BookkeeperPersistenceManager.java/runInternal;4.1.0;42;7;7;0;0;2;10;6;1;5;100;80;180;3;Yes
Bookkeeper;/home/denni/isw2/bookkeeper/hedwig-server/src/main/java/org/apache/hedwig/server/persistence/BookkeeperPersistenceManager.java/safeAddComplete;4.1.0;22;4;4;0;4;2;4;2;1;5;43;43;86;3;Yes
Bookkeeper;/home/denni/isw2/bookkeeper/hedwig-server/src/main/java/org/apache/hedwig/server/persistence/BookkeeperPersistenceManager.java/operationFailed;4.1.0;3;1;0;0;2;0;1;0;1;1;4;0;4;1;Yes
Bookkeeper;/home/denni/isw2/bookkeeper/hedwig-server/src/main/java/org/apache/hedwig/server/persistence/BookkeeperPersistenceManager.java/operationFinished;4.1.0;3;1;0;0;2;0;1;0;1;1;4;0;4;1;Yes
Bookkeeper;/home/denni/isw2/bookkeeper/hedwig-server/src/main/java/org/apache/hedwig/server/persistence/BookkeeperPersistenceManager.java/scanSingleMessage;4.1.0;2;1;0;0;1;0;1;0;1;1;2;0;2;1;Yes
Bookkeeper;/home/denni/isw2/bookkeeper/hedwig-server/src/main/java/org/apache/hedwig/server/persistence/BookkeeperPersistenceManager.java/processTopicLedgersNodeData;4.1.0;27;5;5;0;2;2;7;8;1;4;76;29;105;2;Yes
Bookkeeper;/home/denni/isw2/bookkeeper/hedwig-server/src/main/java/org/apache/hedwig/server/persistence/BookkeeperPersistenceManager.java/recoverLastTopicLedgerAndOpenNewOne;4.1.0;45;6;6;0;3;2;1;7;1;5;8;3;11;2;Yes
Bookkeeper;/home/denni/isw2/bookkeeper/hedwig-server/src/main/java/org/apache/hedwig/server/persistence/BookkeeperPersistenceManager.java/safeOpenComplete;4.1.0;35;6;6;0;3;2;4;7;1;5;8;3;11;2;Yes
Bookkeeper;/home/denni/isw2/bookkeeper/hedwig-server/src/main/java/org/apache/hedwig/server/persistence/BookkeeperPersistenceManager.java/safeReadComplete;4.1.0;20;4;4;0;4;2;8;5;1;3;3;1;4;2;Yes
Bookkeeper;/home/denni/isw2/bookkeeper/hedwig-server/src/main/java/org/apache/hedwig/server/persistence/BookkeeperPersistenceManager.java/openNewTopicLedger;4.1.0;36;5;4;0;2;1;1;5;1;4;55;12;67;1;Yes
Bookkeeper;/home/denni/isw2/bookkeeper/hedwig-server/src/main/java/org/apache/hedwig/server/persistence/BookkeeperPersistenceManager.java/safeCreateComplete;4.1.0;27;5;4;0;3;1;10;4;1;4;48;12;60;1;Yes
Bookkeeper;/home/denni/isw2/bookkeeper/hedwig-server/src/main/java/org/apache/hedwig/server/persistence/BookkeeperPersistenceManager.java/updateLedgerRangesNode;4.1.0;11;2;1;0;5;1;2;2;1;3;18;0;18;1;Yes
Bookkeeper;/home/denni/isw2/bookkeeper/hedwig-server/src/main/java/org/apache/hedwig/server/persistence/BookkeeperPersistenceManager.java/safeProcessResult;4.1.0;7;2;1;0;4;1;2;1;1;2;10;0;10;1;Yes
Bookkeeper;/home/denni/isw2/bookkeeper/hedwig-server/src/main/java/org/apache/hedwig/server/persistence/BookkeeperPersistenceManager.java/runInternal;4.1.0;10;5;5;0;0;2;4;2;1;3;33;0;33;1;Yes
Bookkeeper;/home/denni/isw2/bookkeeper/hedwig-server/src/main/java/org/apache/hedwig/server/persistence/LocalDBPersistenceManager.java/adjustTopicSeqIdForPublish;4.1.0;32;3;3;0;2;2;5;3;1;0;0;0;0;0;No
Bookkeeper;/home/denni/isw2/bookkeeper/hedwig-server/src/main/java/org/apache/hedwig/server/persistence/LocalDBPersistenceManager.java/persistMessage;4.1.0;40;7;9;0;1;4;12;10;1;2;2;2;4;2;Yes
Bookkeeper;/home/denni/isw2/bookkeeper/hedwig-server/src/main/java/org/apache/hedwig/server/persistence/LocalDBPersistenceManager.java/scanMessagesInternal;4.1.0;65;14;17;0;7;5;6;11;1;4;18;2;20;3;No
Bookkeeper;/home/denni/isw2/bookkeeper/hedwig-server/src/main/java/org/apache/hedwig/server/persistence/LocalDBPersistenceManager.java/consumedUntil;4.1.0;23;6;7;0;2;3;4;4;1;2;13;1;14;2;Yes
Bookkeeper;/home/denni/isw2/bookkeeper/hedwig-server/src/main/java/org/apache/hedwig/server/persistence/LocalDBPersistenceManager.java/finalize;4.1.0;14;5;7;0;0;4;2;1;1;0;0;0;0;0;No
Bookkeeper;/home/denni/isw2/bookkeeper/hedwig-server/src/main/java/org/apache/hedwig/server/persistence/ReadAheadCache.java/run;4.1.0;16;3;4;0;0;3;1;1;1;2;1;1;2;2;Yes
Bookkeeper;/home/denni/isw2/bookkeeper/hedwig-server/src/main/java/org/apache/hedwig/server/persistence/ReadAheadCache.java/doReadAheadStartingFrom;4.1.0;29;5;5;0;3;2;9;8;1;2;2;4;6;2;Yes
Bookkeeper;/home/denni/isw2/bookkeeper/hedwig-server/src/main/java/org/apache/hedwig/server/persistence/ReadAheadCache.java/messageScanned;4.1.0;11;3;2;0;2;1;7;2;1;1;2;2;4;1;No
Bookkeeper;/home/denni/isw2/bookkeeper/hedwig-server/src/main/java/org/apache/hedwig/server/persistence/ReadAheadCache.java/scanFinished;4.1.0;3;2;1;0;2;1;1;0;1;1;1;0;1;1;Yes
Bookkeeper;/home/denni/isw2/bookkeeper/hedwig-server/src/main/java/org/apache/hedwig/server/persistence/ReadAheadCache.java/collectOldCacheEntries;4.1.0;19;4;5;0;0;3;2;5;1;4;32;20;52;3;Yes
Bookkeeper;/home/denni/isw2/bookkeeper/hedwig-server/src/main/java/org/apache/hedwig/server/persistence/ReadAheadCache.java/performRequest;4.1.0;11;1;0;0;0;0;1;0;1;2;5;4;9;1;Yes
Bookkeeper;/home/denni/isw2/bookkeeper/hedwig-server/src/main/java/org/apache/hedwig/server/persistence/ReadAheadCache.java/performRequest;4.1.0;2;1;0;0;0;0;1;0;1;1;2;0;2;1;Yes
Bookkeeper;/home/denni/isw2/bookkeeper/hedwig-server/src/main/java/org/apache/hedwig/server/persistence/ReadAheadCache.java/performRequest;4.1.0;18;5;5;0;0;2;5;5;1;2;6;9;15;2;Yes
Bookkeeper;/home/denni/isw2/bookkeeper/hedwig-server/src/main/java/org/apache/hedwig/server/persistence/ReadAheadCache.java/performRequest;4.1.0;15;2;1;0;0;1;4;2;1;1;15;0;15;1;Yes
Bookkeeper;/home/denni/isw2/bookkeeper/hedwig-server/src/main/java/org/apache/hedwig/server/persistence/ReadAheadCache.java/performRequest;4.1.0;2;1;0;0;0;0;1;0;1;1;2;0;2;1;Yes
Bookkeeper;/home/denni/isw2/bookkeeper/hedwig-server/src/main/java/org/apache/hedwig/server/persistence/ReadAheadCache.java/registerJMX;4.1.0;8;2;2;0;1;2;1;0;1;3;12;1;13;1;Yes
Bookkeeper;/home/denni/isw2/bookkeeper/hedwig-server/src/main/java/org/apache/hedwig/server/persistence/ReadAheadCache.java/unregisterJMX;4.1.0;7;3;3;0;0;2;1;0;1;1;9;0;9;1;No
Bookkeeper;/home/denni/isw2/bookkeeper/hedwig-server/src/main/java/org/apache/hedwig/server/netty/UmbrellaHandler.java/exceptionCaught;4.1.0;10;3;3;0;2;2;2;2;1;1;1;3;4;1;Yes
Bookkeeper;/home/denni/isw2/bookkeeper/hedwig-server/src/main/java/org/apache/hedwig/server/netty/UmbrellaHandler.java/channelConnected;4.1.0;12;4;5;0;2;3;1;0;1;2;2;4;6;1;Yes
Bookkeeper;/home/denni/isw2/bookkeeper/hedwig-server/src/main/java/org/apache/hedwig/server/netty/UmbrellaHandler.java/operationComplete;4.1.0;7;3;3;0;1;2;1;0;1;0;0;0;0;0;No
Bookkeeper;/home/denni/isw2/bookkeeper/hedwig-server/src/main/java/org/apache/hedwig/server/netty/PubSubServerPipelineFactory.java/getPipeline;4.1.0;10;2;1;0;0;1;8;1;1;1;1;1;2;1;No
Bookkeeper;/home/denni/isw2/bookkeeper/hedwig-server/src/main/java/org/apache/hedwig/server/netty/PubSubServer.java/instantiateZookeeperClient;4.1.0;12;4;4;0;0;2;1;1;1;4;12;4;16;3;Yes
Bookkeeper;/home/denni/isw2/bookkeeper/hedwig-server/src/main/java/org/apache/hedwig/server/netty/PubSubServer.java/initializeNetty;4.1.0;12;3;2;0;2;0;11;4;1;4;9;5;14;2;Yes
Bookkeeper;/home/denni/isw2/bookkeeper/hedwig-server/src/main/java/org/apache/hedwig/server/netty/PubSubServer.java/registerJMX;4.1.0;15;4;5;0;1;3;2;0;1;2;20;0;20;1;Yes
Bookkeeper;/home/denni/isw2/bookkeeper/hedwig-server/src/main/java/org/apache/hedwig/server/netty/PubSubServer.java/unregisterJMX;4.1.0;15;6;6;0;0;2;5;0;1;2;21;1;22;1;Yes
Bookkeeper;/home/denni/isw2/bookkeeper/hedwig-server/src/main/java/org/apache/hedwig/server/netty/PubSubServer.java/start;4.1.0;31;4;4;0;0;2;4;3;1;5;15;5;20;3;Yes
Bookkeeper;/home/denni/isw2/bookkeeper/hedwig-server/src/main/java/org/apache/hedwig/server/netty/PubSubServer.java/run;4.1.0;24;3;3;0;0;2;2;1;1;5;15;5;20;3;Yes
Bookkeeper;/home/denni/isw2/bookkeeper/hedwig-server/src/main/java/org/apache/hedwig/server/netty/PubSubServer.java/errorMsgAndExit;4.1.0;9;1;0;0;3;0;3;0;1;0;0;0;0;0;No
Bookkeeper;/home/denni/isw2/bookkeeper/hedwig-server/src/main/java/org/apache/hedwig/server/netty/PubSubServer.java/main;4.1.0;21;5;6;0;1;3;4;4;1;5;11;6;17;2;Yes
Bookkeeper;/home/denni/isw2/bookkeeper/hedwig-server/src/main/java/org/apache/hedwig/server/common/TerminateJVMExceptionHandler.java/uncaughtException;4.1.0;4;1;0;0;2;0;2;0;1;2;2;2;4;2;No
Bookkeeper;/home/denni/isw2/bookkeeper/hedwig-server/src/main/java/org/apache/hedwig/server/common/ServerConfiguration.java/refreshMyServerAddress;4.1.0;5;2;2;0;0;2;1;0;1;0;0;0;0;0;No
Bookkeeper;/home/denni/isw2/bookkeeper/hedwig-server/src/main/java/org/apache/hedwig/server/common/ServerConfiguration.java/validate;4.1.0;14;6;7;0;0;3;3;2;1;4;23;6;29;3;Yes
Bookkeeper;/home/denni/isw2/bookkeeper/hedwig-server/src/main/java/org/apache/hedwig/server/delivery/FIFODeliveryManager.java/run;4.1.0;15;4;5;0;0;3;1;1;1;6;50;4;54;2;Yes
Bookkeeper;/home/denni/isw2/bookkeeper/hedwig-server/src/main/java/org/apache/hedwig/server/delivery/FIFODeliveryManager.java/removeDeliveryPtr;4.1.0;12;5;4;0;4;1;7;2;1;4;25;1;26;2;Yes
Bookkeeper;/home/denni/isw2/bookkeeper/hedwig-server/src/main/java/org/apache/hedwig/server/delivery/FIFODeliveryManager.java/performRequest;4.1.0;11;2;1;0;0;1;5;1;1;3;9;2;11;3;Yes
Bookkeeper;/home/denni/isw2/bookkeeper/hedwig-server/src/main/java/org/apache/hedwig/server/delivery/FIFODeliveryManager.java/performRequest;4.1.0;2;1;0;0;0;0;1;0;1;2;2;1;3;2;Yes
Bookkeeper;/home/denni/isw2/bookkeeper/hedwig-server/src/main/java/org/apache/hedwig/server/delivery/ChannelEndPoint.java/operationComplete;4.1.0;9;3;2;0;1;1;4;1;1;0;0;0;0;0;No
Bookkeeper;/home/denni/isw2/bookkeeper/hedwig-server/src/main/java/org/apache/hedwig/server/regions/RegionManager.java/run;4.1.0;37;8;9;0;0;3;4;8;1;5;69;20;89;3;Yes
Bookkeeper;/home/denni/isw2/bookkeeper/hedwig-server/src/main/java/org/apache/hedwig/server/regions/RegionManager.java/putTopicInRetryMap;4.1.0;9;3;2;0;2;1;2;1;1;2;13;1;14;2;Yes
Bookkeeper;/home/denni/isw2/bookkeeper/hedwig-server/src/main/java/org/apache/hedwig/server/regions/RegionManager.java/doRemoteSubscribe;4.1.0;68;14;15;0;5;3;3;1;1;5;100;12;112;3;Yes
Bookkeeper;/home/denni/isw2/bookkeeper/hedwig-server/src/main/java/org/apache/hedwig/server/regions/RegionManager.java/operationFinished;4.1.0;33;9;10;0;2;3;2;0;1;3;60;8;68;2;Yes
Bookkeeper;/home/denni/isw2/bookkeeper/hedwig-server/src/main/java/org/apache/hedwig/server/regions/RegionManager.java/deliver;4.1.0;16;4;3;0;5;1;2;0;1;3;34;4;38;2;Yes
Bookkeeper;/home/denni/isw2/bookkeeper/hedwig-server/src/main/java/org/apache/hedwig/server/regions/RegionManager.java/operationFailed;4.1.0;5;2;1;0;2;1;2;0;1;2;7;1;8;2;Yes
Bookkeeper;/home/denni/isw2/bookkeeper/hedwig-server/src/main/java/org/apache/hedwig/server/regions/RegionManager.java/operationFailed;4.1.0;7;3;2;0;2;1;3;0;1;3;13;1;14;2;Yes
Bookkeeper;/home/denni/isw2/bookkeeper/hedwig-server/src/main/java/org/apache/hedwig/server/regions/RegionManager.java/retrySubscribe;4.1.0;12;3;2;0;3;1;2;1;1;2;17;1;18;2;Yes
Bookkeeper;/home/denni/isw2/bookkeeper/hedwig-server/src/main/java/org/apache/hedwig/server/regions/RegionManager.java/onLastLocalUnsubscribe;4.1.0;30;7;9;0;1;4;2;3;1;2;24;4;28;2;Yes
Bookkeeper;/home/denni/isw2/bookkeeper/hedwig-server/src/main/java/org/apache/hedwig/server/regions/RegionManager.java/operationFailed;4.1.0;4;2;1;0;2;1;1;0;1;1;1;1;2;1;Yes
Bookkeeper;/home/denni/isw2/bookkeeper/hedwig-server/src/main/java/org/apache/hedwig/server/regions/RegionManager.java/run;4.1.0;16;5;7;0;0;4;2;3;1;2;19;2;21;2;Yes
Bookkeeper;/home/denni/isw2/bookkeeper/hedwig-server/src/main/java/org/apache/hedwig/server/handlers/NettyHandlerBean.java/getNumSubscriptionChannels;4.1.0;3;1;0;0;0;0;1;0;1;0;0;0;0;0;No
Bookkeeper;/home/denni/isw2/bookkeeper/hedwig-server/src/main/java/org/apache/hedwig/server/benchmark/AbstractBenchmark.java/doOps;4.1.0;1;1;0;0;1;0;0;0;1;1;0;0;0;1;No
Bookkeeper;/home/denni/isw2/bookkeeper/hedwig-server/src/main/java/org/apache/hedwig/server/benchmark/AbstractBenchmark.java/tearDown;4.1.0;1;1;0;0;0;0;0;0;1;1;0;0;0;1;No
Bookkeeper;/home/denni/isw2/bookkeeper/hedwig-server/src/main/java/org/apache/hedwig/server/benchmark/AbstractBenchmark.java/handle;4.1.0;11;4;3;0;2;1;6;1;1;2;10;10;20;2;Yes
Bookkeeper;/home/denni/isw2/bookkeeper/hedwig-server/src/main/java/org/apache/hedwig/server/benchmark/AbstractBenchmark.java/runPhase;4.1.0;8;2;1;0;2;1;3;1;1;2;9;10;19;2;Yes
Bookkeeper;/home/denni/isw2/bookkeeper/hedwig-server/src/main/java/org/apache/hedwig/server/benchmark/AbstractBenchmark.java/run;4.1.0;9;1;0;0;0;0;8;2;1;1;6;6;12;1;No
Bookkeeper;/home/denni/isw2/bookkeeper/hedwig-server/src/main/java/org/apache/hedwig/server/benchmark/BookkeeperBenchmark.java/doOps;4.1.0;16;2;1;0;1;1;7;8;1;2;19;19;38;2;Yes
Bookkeeper;/home/denni/isw2/bookkeeper/hedwig-server/src/main/java/org/apache/hedwig/server/benchmark/BookkeeperBenchmark.java/addComplete;4.1.0;3;1;0;0;4;0;1;0;1;1;2;3;5;1;No
Bookkeeper;/home/denni/isw2/bookkeeper/hedwig-server/src/main/java/org/apache/hedwig/server/benchmark/BookkeeperBenchmark.java/main;4.1.0;3;1;0;0;1;0;2;1;1;0;0;0;0;0;No
Bookkeeper;/home/denni/isw2/bookkeeper/hedwig-server/src/main/java/org/apache/hedwig/server/benchmark/BookieBenchmark.java/doOps;4.1.0;24;2;1;0;1;1;7;11;1;3;23;23;46;3;Yes
Bookkeeper;/home/denni/isw2/bookkeeper/hedwig-server/src/main/java/org/apache/hedwig/server/benchmark/BookieBenchmark.java/writeComplete;4.1.0;3;1;0;0;5;0;1;0;1;1;2;2;4;1;No
Bookkeeper;/home/denni/isw2/bookkeeper/hedwig-server/src/main/java/org/apache/hedwig/server/benchmark/BookieBenchmark.java/main;4.1.0;3;1;0;0;1;0;2;1;1;0;0;0;0;0;No
Bookkeeper;/home/denni/isw2/bookkeeper/hedwig-server/src/main/java/org/apache/hedwig/server/subscriptions/ZkSubscriptionManager.java/readSubscriptions;4.1.0;49;11;12;0;3;3;2;11;1;1;7;7;14;1;No
Bookkeeper;/home/denni/isw2/bookkeeper/hedwig-server/src/main/java/org/apache/hedwig/server/subscriptions/ZkSubscriptionManager.java/safeProcessResult;4.1.0;44;11;12;0;4;3;6;10;1;1;6;6;12;1;No
Bookkeeper;/home/denni/isw2/bookkeeper/hedwig-server/src/main/java/org/apache/hedwig/server/subscriptions/AbstractSubscriptionManager.java/run;4.1.0;22;7;8;0;0;3;1;7;1;4;22;17;39;1;Yes
Bookkeeper;/home/denni/isw2/bookkeeper/hedwig-server/src/main/java/org/apache/hedwig/server/subscriptions/AbstractSubscriptionManager.java/run;4.1.0;31;5;5;0;0;2;2;3;1;5;13;13;26;3;Yes
Bookkeeper;/home/denni/isw2/bookkeeper/hedwig-server/src/main/java/org/apache/hedwig/server/subscriptions/AbstractSubscriptionManager.java/operationFinished;4.1.0;22;4;4;0;2;2;6;3;1;4;7;11;18;2;Yes
Bookkeeper;/home/denni/isw2/bookkeeper/hedwig-server/src/main/java/org/apache/hedwig/server/subscriptions/AbstractSubscriptionManager.java/operationFailed;4.1.0;4;1;0;0;2;0;2;0;1;0;0;0;0;0;No
Bookkeeper;/home/denni/isw2/bookkeeper/hedwig-server/src/main/java/org/apache/hedwig/server/subscriptions/AbstractSubscriptionManager.java/operationFinished;4.1.0;5;1;0;0;2;0;3;0;1;0;0;0;0;0;No
Bookkeeper;/home/denni/isw2/bookkeeper/hedwig-server/src/main/java/org/apache/hedwig/server/subscriptions/AbstractSubscriptionManager.java/notifySubscribe;4.1.0;4;2;1;0;4;1;2;2;1;2;2;1;3;2;No
Bookkeeper;/home/denni/isw2/bookkeeper/hedwig-server/src/main/java/org/apache/hedwig/server/subscriptions/AbstractSubscriptionManager.java/run;4.1.0;18;2;1;0;0;1;3;1;1;4;38;8;46;2;Yes
Bookkeeper;/home/denni/isw2/bookkeeper/hedwig-server/src/main/java/org/apache/hedwig/server/subscriptions/AbstractSubscriptionManager.java/operationFailed;4.1.0;4;1;0;0;2;0;2;0;1;2;6;0;6;1;Yes
Bookkeeper;/home/denni/isw2/bookkeeper/hedwig-server/src/main/java/org/apache/hedwig/server/subscriptions/AbstractSubscriptionManager.java/notifyUnsubcribe;4.1.0;2;2;1;0;1;1;1;1;1;1;3;0;3;1;No
Bookkeeper;/home/denni/isw2/bookkeeper/hedwig-server/src/main/java/org/apache/hedwig/server/subscriptions/AbstractSubscriptionManager.java/run;4.1.0;65;10;10;0;0;2;11;11;1;9;93;24;117;2;Yes
Bookkeeper;/home/denni/isw2/bookkeeper/hedwig-server/src/main/java/org/apache/hedwig/server/subscriptions/AbstractSubscriptionManager.java/operationFinished;4.1.0;32;4;4;0;2;2;3;3;1;5;33;5;38;1;Yes
Bookkeeper;/home/denni/isw2/bookkeeper/hedwig-server/src/main/java/org/apache/hedwig/server/subscriptions/AbstractSubscriptionManager.java/operationFailed;4.1.0;18;3;3;0;2;2;2;1;1;4;19;2;21;1;Yes
Bookkeeper;/home/denni/isw2/bookkeeper/hedwig-server/src/main/java/org/apache/hedwig/server/subscriptions/AbstractSubscriptionManager.java/operationFailed;4.1.0;4;1;0;0;2;0;2;0;1;1;1;0;1;1;Yes
Bookkeeper;/home/denni/isw2/bookkeeper/hedwig-server/src/main/java/org/apache/hedwig/server/subscriptions/AbstractSubscriptionManager.java/stop;4.1.0;21;3;3;0;0;2;2;3;1;3;23;0;23;1;Yes
Bookkeeper;/home/denni/isw2/bookkeeper/hedwig-server/src/main/java/org/apache/hedwig/server/subscriptions/AllToAllTopologyFilter.java/testMessage;4.1.0;5;2;1;0;1;1;1;0;1;2;4;0;4;1;Yes
Bookkeeper;/home/denni/isw2/bookkeeper/hedwig-server/src/main/java/org/apache/hedwig/admin/HedwigAdmin.java/close;4.1.0;8;1;0;0;0;0;2;0;1;1;3;0;3;1;Yes
Bookkeeper;/home/denni/isw2/bookkeeper/hedwig-server/src/main/java/org/apache/hedwig/admin/HedwigAdmin.java/hasTopic;4.1.0;12;1;0;0;1;0;3;2;1;1;2;4;6;1;Yes
Bookkeeper;/home/denni/isw2/bookkeeper/hedwig-server/src/main/java/org/apache/hedwig/admin/HedwigAdmin.java/getAvailableHubs;4.1.0;24;5;6;0;0;3;5;8;3;3;13;5;18;2;Yes
Bookkeeper;/home/denni/isw2/bookkeeper/hedwig-server/src/main/java/org/apache/hedwig/admin/HedwigAdmin.java/getTopics;4.1.0;8;1;0;0;0;0;1;0;2;0;0;0;0;0;No
Bookkeeper;/home/denni/isw2/bookkeeper/hedwig-server/src/main/java/org/apache/hedwig/admin/HedwigAdmin.java/getTopicOwner;4.1.0;17;3;3;0;1;2;5;2;1;1;6;0;6;1;Yes
Bookkeeper;/home/denni/isw2/bookkeeper/hedwig-server/src/main/java/org/apache/hedwig/admin/HedwigAdmin.java/getTopicLedgers;4.1.0;38;8;8;0;1;2;9;8;2;1;23;0;23;1;Yes
Bookkeeper;/home/denni/isw2/bookkeeper/hedwig-server/src/main/java/org/apache/hedwig/admin/HedwigAdmin.java/getTopicSubscriptions;4.1.0;24;4;5;0;1;3;3;9;3;2;17;0;17;1;Yes
Bookkeeper;/home/denni/isw2/bookkeeper/hedwig-server/src/main/java/org/apache/hedwig/admin/HedwigAdmin.java/getSubscription;4.1.0;20;3;3;0;2;2;6;3;1;2;6;9;15;1;Yes
Bookkeeper;/home/denni/isw2/bookkeeper/hedwig-server/src/main/java/org/apache/hedwig/admin/console/JLineHedwigCompletor.java/complete;4.1.0;15;4;4;0;3;2;6;3;1;0;0;0;0;0;No
Bookkeeper;/home/denni/isw2/bookkeeper/hedwig-server/src/main/java/org/apache/hedwig/admin/console/JLineHedwigCompletor.java/completeTopic;4.1.0;9;5;6;0;3;3;2;2;1;2;8;3;11;2;Yes
Bookkeeper;/home/denni/isw2/bookkeeper/hedwig-server/src/main/java/org/apache/hedwig/admin/console/HedwigCommands.java/printUsage;4.1.0;5;2;1;0;0;1;3;1;1;0;0;0;0;0;No
Bookkeeper;/home/denni/isw2/bookkeeper/hedwig-server/src/main/java/org/apache/hedwig/admin/console/HedwigCommands.java/findCandidateCommands;4.1.0;18;3;3;0;1;2;5;4;2;0;0;0;0;0;No
Bookkeeper;/home/denni/isw2/bookkeeper/hedwig-server/src/main/java/org/apache/hedwig/admin/console/ReadTopic.java/checkTopic;4.1.0;8;2;1;0;0;0;1;0;1;0;0;0;0;0;No
Bookkeeper;/home/denni/isw2/bookkeeper/hedwig-server/src/main/java/org/apache/hedwig/admin/console/ReadTopic.java/getTopicLedgers;4.1.0;22;5;5;0;0;2;6;5;1;0;0;0;0;0;No
Bookkeeper;/home/denni/isw2/bookkeeper/hedwig-server/src/main/java/org/apache/hedwig/admin/console/ReadTopic.java/getLeastSubscription;4.1.0;12;5;5;0;0;2;5;4;1;2;4;5;9;1;Yes
Bookkeeper;/home/denni/isw2/bookkeeper/hedwig-server/src/main/java/org/apache/hedwig/admin/console/ReadTopic.java/readTopic;4.1.0;15;5;3;0;0;2;1;1;1;1;3;0;3;1;Yes
Bookkeeper;/home/denni/isw2/bookkeeper/hedwig-server/src/main/java/org/apache/hedwig/admin/console/ReadTopic.java/_readTopic;4.1.0;25;9;10;0;0;3;9;4;1;1;7;1;8;1;Yes
Bookkeeper;/home/denni/isw2/bookkeeper/hedwig-server/src/main/java/org/apache/hedwig/admin/console/ReadTopic.java/readLedger;4.1.0;56;14;18;0;2;6;12;8;1;1;3;2;5;1;Yes
Bookkeeper;/home/denni/isw2/bookkeeper/hedwig-server/src/main/java/org/apache/hedwig/admin/console/ReadTopic.java/formatMessage;4.1.0;36;7;9;0;1;4;9;7;1;1;1;1;2;1;No
Bookkeeper;/home/denni/isw2/bookkeeper/hedwig-server/src/main/java/org/apache/hedwig/admin/console/ReadTopic.java/pressKeyToContinue;4.1.0;7;2;1;0;0;1;5;2;1;0;0;0;0;0;No
Bookkeeper;/home/denni/isw2/bookkeeper/hedwig-server/src/main/java/org/apache/hedwig/admin/console/HedwigConsole.java/runCmd;4.1.0;1;1;0;0;1;0;0;0;1;0;0;0;0;0;No
Bookkeeper;/home/denni/isw2/bookkeeper/hedwig-server/src/main/java/org/apache/hedwig/admin/console/HedwigConsole.java/runCmd;4.1.0;19;5;5;0;1;2;8;1;1;0;0;0;0;0;No
Bookkeeper;/home/denni/isw2/bookkeeper/hedwig-server/src/main/java/org/apache/hedwig/admin/console/HedwigConsole.java/runCmd;4.1.0;7;3;3;0;1;2;2;1;1;0;0;0;0;0;No
Bookkeeper;/home/denni/isw2/bookkeeper/hedwig-server/src/main/java/org/apache/hedwig/admin/console/HedwigConsole.java/runCmd;4.1.0;9;4;4;0;1;2;2;0;1;0;0;0;0;0;No
Bookkeeper;/home/denni/isw2/bookkeeper/hedwig-server/src/main/java/org/apache/hedwig/admin/console/HedwigConsole.java/runCmd;4.1.0;19;5;5;0;1;2;8;5;1;0;0;0;0;0;No
Bookkeeper;/home/denni/isw2/bookkeeper/hedwig-server/src/main/java/org/apache/hedwig/admin/console/HedwigConsole.java/deliver;4.1.0;4;1;0;0;5;0;2;0;1;0;0;0;0;0;No
Bookkeeper;/home/denni/isw2/bookkeeper/hedwig-server/src/main/java/org/apache/hedwig/admin/console/HedwigConsole.java/runCmd;4.1.0;36;9;12;0;1;5;8;4;1;1;9;0;9;1;Yes
Bookkeeper;/home/denni/isw2/bookkeeper/hedwig-server/src/main/java/org/apache/hedwig/admin/console/HedwigConsole.java/runCmd;4.1.0;14;3;3;0;1;2;5;2;1;0;0;0;0;0;No
Bookkeeper;/home/denni/isw2/bookkeeper/hedwig-server/src/main/java/org/apache/hedwig/admin/console/HedwigConsole.java/runCmd;4.1.0;24;6;7;0;1;3;10;10;1;0;0;0;0;0;No
Bookkeeper;/home/denni/isw2/bookkeeper/hedwig-server/src/main/java/org/apache/hedwig/admin/console/HedwigConsole.java/runCmd;4.1.0;12;3;3;0;1;2;5;2;1;1;3;1;4;1;No
Bookkeeper;/home/denni/isw2/bookkeeper/hedwig-server/src/main/java/org/apache/hedwig/admin/console/HedwigConsole.java/runCmd;4.1.0;13;3;3;0;1;2;7;4;1;0;0;0;0;0;No
Bookkeeper;/home/denni/isw2/bookkeeper/hedwig-server/src/main/java/org/apache/hedwig/admin/console/HedwigConsole.java/runCmd;4.1.0;20;4;4;0;1;2;12;7;1;1;3;2;5;1;Yes
Bookkeeper;/home/denni/isw2/bookkeeper/hedwig-server/src/main/java/org/apache/hedwig/admin/console/HedwigConsole.java/runCmd;4.1.0;50;8;9;0;1;3;16;12;1;3;8;12;20;2;Yes
Bookkeeper;/home/denni/isw2/bookkeeper/hedwig-server/src/main/java/org/apache/hedwig/admin/console/HedwigConsole.java/deliver;4.1.0;6;2;1;0;5;1;2;0;1;2;4;5;9;2;No
Bookkeeper;/home/denni/isw2/bookkeeper/hedwig-server/src/main/java/org/apache/hedwig/admin/console/HedwigConsole.java/runCmd;4.1.0;20;6;7;0;1;3;4;1;1;1;2;0;2;1;Yes
Bookkeeper;/home/denni/isw2/bookkeeper/hedwig-server/src/main/java/org/apache/hedwig/admin/console/HedwigConsole.java/showHubs;4.1.0;5;2;1;0;0;1;3;2;1;1;2;2;4;1;Yes
Bookkeeper;/home/denni/isw2/bookkeeper/hedwig-server/src/main/java/org/apache/hedwig/admin/console/HedwigConsole.java/showTopics;4.1.0;4;1;0;0;0;0;3;1;1;1;1;1;2;1;Yes
Bookkeeper;/home/denni/isw2/bookkeeper/hedwig-server/src/main/java/org/apache/hedwig/admin/console/HedwigConsole.java/runCmd;4.1.0;8;3;2;0;1;1;2;0;1;1;10;0;10;1;Yes
Bookkeeper;/home/denni/isw2/bookkeeper/hedwig-server/src/main/java/org/apache/hedwig/admin/console/HedwigConsole.java/describeTopic;4.1.0;12;2;1;0;1;0;11;4;1;1;3;0;3;1;Yes
Bookkeeper;/home/denni/isw2/bookkeeper/hedwig-server/src/main/java/org/apache/hedwig/admin/console/HedwigConsole.java/printTopicLedgers;4.1.0;18;6;6;0;1;2;7;4;1;2;4;1;5;1;Yes
Bookkeeper;/home/denni/isw2/bookkeeper/hedwig-server/src/main/java/org/apache/hedwig/admin/console/HedwigConsole.java/printTopicSubscriptions;4.1.0;8;3;2;0;1;1;4;1;1;0;0;0;0;0;No
Bookkeeper;/home/denni/isw2/bookkeeper/hedwig-server/src/main/java/org/apache/hedwig/admin/console/HedwigConsole.java/usage;4.1.0;7;2;1;0;0;1;5;1;1;1;1;0;1;1;Yes
Bookkeeper;/home/denni/isw2/bookkeeper/hedwig-server/src/main/java/org/apache/hedwig/admin/console/HedwigConsole.java/parseOptions;4.1.0;25;5;7;0;1;4;4;3;1;1;1;0;1;1;Yes
Bookkeeper;/home/denni/isw2/bookkeeper/hedwig-server/src/main/java/org/apache/hedwig/admin/console/HedwigConsole.java/printMessage;4.1.0;3;2;1;0;1;1;1;0;1;0;0;0;0;0;No
Bookkeeper;/home/denni/isw2/bookkeeper/hedwig-server/src/main/java/org/apache/hedwig/admin/console/HedwigConsole.java/executeLine;4.1.0;6;2;1;0;1;1;1;0;1;0;0;0;0;0;No
Bookkeeper;/home/denni/isw2/bookkeeper/hedwig-server/src/main/java/org/apache/hedwig/admin/console/HedwigConsole.java/processCmd;4.1.0;32;9;10;0;1;3;13;7;1;3;20;2;22;2;Yes
Bookkeeper;/home/denni/isw2/bookkeeper/hedwig-server/src/main/java/org/apache/hedwig/admin/console/HedwigConsole.java/run;4.1.0;92;20;23;0;0;5;6;21;1;4;48;117;165;2;Yes
Bookkeeper;/home/denni/isw2/bookkeeper/hedwig-protocol/src/main/java/org/apache/hedwig/protocol/PubSubProtocol.java/valueOf;4.1.0;28;14;1;0;1;1;1;0;1;7;80;27;107;2;Yes
Bookkeeper;/home/denni/isw2/bookkeeper/hedwig-protocol/src/main/java/org/apache/hedwig/protocol/PubSubProtocol.java/isInitialized;4.1.0;7;4;4;0;0;2;3;0;1;3;16;6;22;2;Yes
Bookkeeper;/home/denni/isw2/bookkeeper/hedwig-protocol/src/main/java/org/apache/hedwig/protocol/PubSubProtocol.java/create;4.1.0;4;1;0;0;0;0;3;1;1;3;12;0;12;2;Yes
Bookkeeper;/home/denni/isw2/bookkeeper/hedwig-protocol/src/main/java/org/apache/hedwig/protocol/PubSubProtocol.java/clone;4.1.0;2;1;0;0;0;0;1;0;1;3;6;0;6;2;Yes
Bookkeeper;/home/denni/isw2/bookkeeper/hedwig-protocol/src/main/java/org/apache/hedwig/protocol/PubSubProtocol.java/buildParsed;4.1.0;4;2;1;0;0;1;2;0;1;3;21;0;21;2;Yes
Bookkeeper;/home/denni/isw2/bookkeeper/hedwig-protocol/src/main/java/org/apache/hedwig/protocol/PubSubProtocol.java/mergeFrom;4.1.0;26;9;6;0;2;3;2;3;1;4;142;3;145;2;Yes
Bookkeeper;/home/denni/isw2/bookkeeper/hedwig-protocol/src/main/java/org/apache/hedwig/protocol/PubSubProtocol.java/setBody;4.1.0;6;2;1;0;1;1;4;0;1;4;24;0;24;2;Yes
Bookkeeper;/home/denni/isw2/bookkeeper/hedwig-protocol/src/main/java/org/apache/hedwig/protocol/PubSubProtocol.java/clearBody;4.1.0;4;1;0;0;0;0;3;0;1;4;14;0;14;2;Yes
Bookkeeper;/home/denni/isw2/bookkeeper/hedwig-protocol/src/main/java/org/apache/hedwig/protocol/PubSubProtocol.java/setSrcRegion;4.1.0;6;2;1;0;1;1;4;0;1;4;28;0;28;2;Yes
Bookkeeper;/home/denni/isw2/bookkeeper/hedwig-protocol/src/main/java/org/apache/hedwig/protocol/PubSubProtocol.java/clearSrcRegion;4.1.0;4;1;0;0;0;0;3;0;1;4;15;0;15;2;Yes
Bookkeeper;/home/denni/isw2/bookkeeper/hedwig-protocol/src/main/java/org/apache/hedwig/protocol/PubSubProtocol.java/setMsgId;4.1.0;6;2;1;0;1;1;4;0;1;3;20;0;20;2;Yes
Bookkeeper;/home/denni/isw2/bookkeeper/hedwig-protocol/src/main/java/org/apache/hedwig/protocol/PubSubProtocol.java/setMsgId;4.1.0;4;1;0;0;1;0;3;0;1;3;12;0;12;2;Yes
Bookkeeper;/home/denni/isw2/bookkeeper/hedwig-protocol/src/main/java/org/apache/hedwig/protocol/PubSubProtocol.java/mergeMsgId;4.1.0;7;2;1;0;1;1;3;0;1;4;34;0;34;2;Yes
Bookkeeper;/home/denni/isw2/bookkeeper/hedwig-protocol/src/main/java/org/apache/hedwig/protocol/PubSubProtocol.java/clearMsgId;4.1.0;4;1;0;0;0;0;3;0;1;4;15;0;15;2;Yes
Bookkeeper;/home/denni/isw2/bookkeeper/hedwig-protocol/src/main/java/org/apache/hedwig/protocol/PubSubProtocol.java/isInitialized;4.1.0;6;3;2;0;0;1;3;0;1;3;11;0;11;2;Yes
Bookkeeper;/home/denni/isw2/bookkeeper/hedwig-protocol/src/main/java/org/apache/hedwig/protocol/PubSubProtocol.java/create;4.1.0;4;1;0;0;0;0;3;1;1;4;16;0;16;2;Yes
Bookkeeper;/home/denni/isw2/bookkeeper/hedwig-protocol/src/main/java/org/apache/hedwig/protocol/PubSubProtocol.java/clone;4.1.0;2;1;0;0;0;0;1;0;1;3;6;0;6;2;Yes
Bookkeeper;/home/denni/isw2/bookkeeper/hedwig-protocol/src/main/java/org/apache/hedwig/protocol/PubSubProtocol.java/buildParsed;4.1.0;4;2;1;0;0;1;2;0;1;3;21;0;21;2;Yes
Bookkeeper;/home/denni/isw2/bookkeeper/hedwig-protocol/src/main/java/org/apache/hedwig/protocol/PubSubProtocol.java/mergeFrom;4.1.0;19;7;5;0;2;3;2;2;1;4;113;0;113;2;Yes
Bookkeeper;/home/denni/isw2/bookkeeper/hedwig-protocol/src/main/java/org/apache/hedwig/protocol/PubSubProtocol.java/setRegion;4.1.0;6;2;1;0;1;1;4;0;1;4;25;0;25;2;Yes
Bookkeeper;/home/denni/isw2/bookkeeper/hedwig-protocol/src/main/java/org/apache/hedwig/protocol/PubSubProtocol.java/clearRegion;4.1.0;4;1;0;0;0;0;3;0;1;3;12;0;12;2;Yes
Bookkeeper;/home/denni/isw2/bookkeeper/hedwig-protocol/src/main/java/org/apache/hedwig/protocol/PubSubProtocol.java/create;4.1.0;4;1;0;0;0;0;3;1;1;4;16;0;16;2;Yes
Bookkeeper;/home/denni/isw2/bookkeeper/hedwig-protocol/src/main/java/org/apache/hedwig/protocol/PubSubProtocol.java/clone;4.1.0;2;1;0;0;0;0;1;0;1;3;6;0;6;2;Yes
Bookkeeper;/home/denni/isw2/bookkeeper/hedwig-protocol/src/main/java/org/apache/hedwig/protocol/PubSubProtocol.java/buildParsed;4.1.0;4;2;1;0;0;1;2;0;1;4;22;0;22;2;Yes
Bookkeeper;/home/denni/isw2/bookkeeper/hedwig-protocol/src/main/java/org/apache/hedwig/protocol/PubSubProtocol.java/buildPartial;4.1.0;8;3;2;0;0;1;5;1;1;4;41;0;41;2;Yes
Bookkeeper;/home/denni/isw2/bookkeeper/hedwig-protocol/src/main/java/org/apache/hedwig/protocol/PubSubProtocol.java/mergeFrom;4.1.0;11;5;5;0;1;2;5;0;1;4;44;0;44;2;Yes
Bookkeeper;/home/denni/isw2/bookkeeper/hedwig-protocol/src/main/java/org/apache/hedwig/protocol/PubSubProtocol.java/mergeFrom;4.1.0;21;7;5;0;2;3;2;3;1;4;117;0;117;2;Yes
Bookkeeper;/home/denni/isw2/bookkeeper/hedwig-protocol/src/main/java/org/apache/hedwig/protocol/PubSubProtocol.java/setRemoteComponents;4.1.0;5;2;1;0;2;1;3;0;1;4;24;0;24;2;Yes
Bookkeeper;/home/denni/isw2/bookkeeper/hedwig-protocol/src/main/java/org/apache/hedwig/protocol/PubSubProtocol.java/setRemoteComponents;4.1.0;3;1;0;0;2;0;2;0;1;4;10;0;10;2;Yes
Bookkeeper;/home/denni/isw2/bookkeeper/hedwig-protocol/src/main/java/org/apache/hedwig/protocol/PubSubProtocol.java/addRemoteComponents;4.1.0;7;3;2;0;1;1;4;0;1;4;34;0;34;2;Yes
Bookkeeper;/home/denni/isw2/bookkeeper/hedwig-protocol/src/main/java/org/apache/hedwig/protocol/PubSubProtocol.java/addRemoteComponents;4.1.0;5;2;1;0;1;1;3;0;1;4;22;0;22;2;Yes
Bookkeeper;/home/denni/isw2/bookkeeper/hedwig-protocol/src/main/java/org/apache/hedwig/protocol/PubSubProtocol.java/addAllRemoteComponents;4.1.0;5;2;1;0;1;1;3;0;1;4;25;0;25;2;Yes
Bookkeeper;/home/denni/isw2/bookkeeper/hedwig-protocol/src/main/java/org/apache/hedwig/protocol/PubSubProtocol.java/clearRemoteComponents;4.1.0;3;1;0;0;0;0;2;0;1;4;12;0;12;2;Yes
Bookkeeper;/home/denni/isw2/bookkeeper/hedwig-protocol/src/main/java/org/apache/hedwig/protocol/PubSubProtocol.java/isInitialized;4.1.0;28;17;17;0;0;2;11;0;1;4;93;0;93;2;Yes
Bookkeeper;/home/denni/isw2/bookkeeper/hedwig-protocol/src/main/java/org/apache/hedwig/protocol/PubSubProtocol.java/writeTo;4.1.0;27;13;12;0;1;1;14;1;1;4;131;0;131;2;Yes
Bookkeeper;/home/denni/isw2/bookkeeper/hedwig-protocol/src/main/java/org/apache/hedwig/protocol/PubSubProtocol.java/getSerializedSize;4.1.0;35;14;13;0;0;1;18;3;1;4;221;0;221;2;Yes
Bookkeeper;/home/denni/isw2/bookkeeper/hedwig-protocol/src/main/java/org/apache/hedwig/protocol/PubSubProtocol.java/create;4.1.0;4;1;0;0;0;0;3;1;1;4;16;0;16;2;Yes
Bookkeeper;/home/denni/isw2/bookkeeper/hedwig-protocol/src/main/java/org/apache/hedwig/protocol/PubSubProtocol.java/clone;4.1.0;2;1;0;0;0;0;1;0;1;4;8;0;8;2;Yes
Bookkeeper;/home/denni/isw2/bookkeeper/hedwig-protocol/src/main/java/org/apache/hedwig/protocol/PubSubProtocol.java/buildParsed;4.1.0;4;2;1;0;0;1;2;0;1;4;25;0;25;2;Yes
Bookkeeper;/home/denni/isw2/bookkeeper/hedwig-protocol/src/main/java/org/apache/hedwig/protocol/PubSubProtocol.java/buildPartial;4.1.0;8;3;2;0;0;1;5;1;1;4;45;0;45;2;Yes
Bookkeeper;/home/denni/isw2/bookkeeper/hedwig-protocol/src/main/java/org/apache/hedwig/protocol/PubSubProtocol.java/mergeFrom;4.1.0;31;15;15;0;1;2;15;0;1;4;154;0;154;2;Yes
Bookkeeper;/home/denni/isw2/bookkeeper/hedwig-protocol/src/main/java/org/apache/hedwig/protocol/PubSubProtocol.java/mergeFrom;4.1.0;83;25;13;0;2;3;2;12;1;4;346;0;346;2;Yes
Bookkeeper;/home/denni/isw2/bookkeeper/hedwig-protocol/src/main/java/org/apache/hedwig/protocol/PubSubProtocol.java/setProtocolVersion;4.1.0;6;2;1;0;1;1;4;0;1;4;20;0;20;2;Yes
Bookkeeper;/home/denni/isw2/bookkeeper/hedwig-protocol/src/main/java/org/apache/hedwig/protocol/PubSubProtocol.java/clearProtocolVersion;4.1.0;4;1;0;0;0;0;3;0;1;2;8;0;8;2;No
Bookkeeper;/home/denni/isw2/bookkeeper/hedwig-protocol/src/main/java/org/apache/hedwig/protocol/PubSubProtocol.java/setType;4.1.0;6;2;1;0;1;1;4;0;1;4;19;0;19;2;Yes
Bookkeeper;/home/denni/isw2/bookkeeper/hedwig-protocol/src/main/java/org/apache/hedwig/protocol/PubSubProtocol.java/clearType;4.1.0;4;1;0;0;0;0;3;0;1;3;11;0;11;2;Yes
Bookkeeper;/home/denni/isw2/bookkeeper/hedwig-protocol/src/main/java/org/apache/hedwig/protocol/PubSubProtocol.java/setTriedServers;4.1.0;5;2;1;0;2;1;3;0;1;3;15;0;15;2;Yes
Bookkeeper;/home/denni/isw2/bookkeeper/hedwig-protocol/src/main/java/org/apache/hedwig/protocol/PubSubProtocol.java/addTriedServers;4.1.0;7;3;2;0;1;1;4;0;1;3;21;0;21;2;Yes
Bookkeeper;/home/denni/isw2/bookkeeper/hedwig-protocol/src/main/java/org/apache/hedwig/protocol/PubSubProtocol.java/addAllTriedServers;4.1.0;5;2;1;0;1;1;3;0;1;3;20;0;20;2;Yes
Bookkeeper;/home/denni/isw2/bookkeeper/hedwig-protocol/src/main/java/org/apache/hedwig/protocol/PubSubProtocol.java/clearTriedServers;4.1.0;3;1;0;0;0;0;2;0;1;2;6;0;6;2;No
Bookkeeper;/home/denni/isw2/bookkeeper/hedwig-protocol/src/main/java/org/apache/hedwig/protocol/PubSubProtocol.java/setTopic;4.1.0;6;2;1;0;1;1;4;0;1;3;19;0;19;2;Yes
Bookkeeper;/home/denni/isw2/bookkeeper/hedwig-protocol/src/main/java/org/apache/hedwig/protocol/PubSubProtocol.java/clearTopic;4.1.0;4;1;0;0;0;0;3;0;1;3;11;0;11;2;Yes
Bookkeeper;/home/denni/isw2/bookkeeper/hedwig-protocol/src/main/java/org/apache/hedwig/protocol/PubSubProtocol.java/setPublishRequest;4.1.0;6;2;1;0;1;1;4;0;1;4;18;0;18;2;Yes
Bookkeeper;/home/denni/isw2/bookkeeper/hedwig-protocol/src/main/java/org/apache/hedwig/protocol/PubSubProtocol.java/setPublishRequest;4.1.0;4;1;0;0;1;0;3;0;1;3;12;0;12;2;Yes
Bookkeeper;/home/denni/isw2/bookkeeper/hedwig-protocol/src/main/java/org/apache/hedwig/protocol/PubSubProtocol.java/mergePublishRequest;4.1.0;7;2;1;0;1;1;3;0;1;3;26;0;26;2;Yes
Bookkeeper;/home/denni/isw2/bookkeeper/hedwig-protocol/src/main/java/org/apache/hedwig/protocol/PubSubProtocol.java/clearPublishRequest;4.1.0;4;1;0;0;0;0;3;0;1;4;15;0;15;2;Yes
Bookkeeper;/home/denni/isw2/bookkeeper/hedwig-protocol/src/main/java/org/apache/hedwig/protocol/PubSubProtocol.java/setSubscribeRequest;4.1.0;6;2;1;0;1;1;4;0;1;2;14;0;14;2;No
Bookkeeper;/home/denni/isw2/bookkeeper/hedwig-protocol/src/main/java/org/apache/hedwig/protocol/PubSubProtocol.java/setSubscribeRequest;4.1.0;4;1;0;0;1;0;3;0;1;3;11;0;11;2;Yes
Bookkeeper;/home/denni/isw2/bookkeeper/hedwig-protocol/src/main/java/org/apache/hedwig/protocol/PubSubProtocol.java/mergeSubscribeRequest;4.1.0;7;2;1;0;1;1;3;0;1;3;30;0;30;2;Yes
Bookkeeper;/home/denni/isw2/bookkeeper/hedwig-protocol/src/main/java/org/apache/hedwig/protocol/PubSubProtocol.java/clearSubscribeRequest;4.1.0;4;1;0;0;0;0;3;0;1;3;12;0;12;2;Yes
Bookkeeper;/home/denni/isw2/bookkeeper/hedwig-protocol/src/main/java/org/apache/hedwig/protocol/PubSubProtocol.java/setConsumeRequest;4.1.0;6;2;1;0;1;1;4;0;1;3;19;0;19;2;Yes
Bookkeeper;/home/denni/isw2/bookkeeper/hedwig-protocol/src/main/java/org/apache/hedwig/protocol/PubSubProtocol.java/setConsumeRequest;4.1.0;4;1;0;0;1;0;3;0;1;4;11;0;11;2;Yes
Bookkeeper;/home/denni/isw2/bookkeeper/hedwig-protocol/src/main/java/org/apache/hedwig/protocol/PubSubProtocol.java/mergeConsumeRequest;4.1.0;7;2;1;0;1;1;3;0;1;4;32;0;32;2;Yes
Bookkeeper;/home/denni/isw2/bookkeeper/hedwig-protocol/src/main/java/org/apache/hedwig/protocol/PubSubProtocol.java/clearConsumeRequest;4.1.0;4;1;0;0;0;0;3;0;1;3;11;0;11;2;Yes
Bookkeeper;/home/denni/isw2/bookkeeper/hedwig-protocol/src/main/java/org/apache/hedwig/protocol/PubSubProtocol.java/setUnsubscribeRequest;4.1.0;6;2;1;0;1;1;4;0;1;3;19;0;19;2;Yes
Bookkeeper;/home/denni/isw2/bookkeeper/hedwig-protocol/src/main/java/org/apache/hedwig/protocol/PubSubProtocol.java/setUnsubscribeRequest;4.1.0;4;1;0;0;1;0;3;0;1;4;12;0;12;2;Yes
Bookkeeper;/home/denni/isw2/bookkeeper/hedwig-protocol/src/main/java/org/apache/hedwig/protocol/PubSubProtocol.java/mergeUnsubscribeRequest;4.1.0;7;2;1;0;1;1;3;0;1;3;27;0;27;2;Yes
Bookkeeper;/home/denni/isw2/bookkeeper/hedwig-protocol/src/main/java/org/apache/hedwig/protocol/PubSubProtocol.java/clearUnsubscribeRequest;4.1.0;4;1;0;0;0;0;3;0;1;3;11;0;11;2;Yes
Bookkeeper;/home/denni/isw2/bookkeeper/hedwig-protocol/src/main/java/org/apache/hedwig/protocol/PubSubProtocol.java/setStopDeliveryRequest;4.1.0;6;2;1;0;1;1;4;0;1;3;15;0;15;2;Yes
Bookkeeper;/home/denni/isw2/bookkeeper/hedwig-protocol/src/main/java/org/apache/hedwig/protocol/PubSubProtocol.java/setStopDeliveryRequest;4.1.0;4;1;0;0;1;0;3;0;1;3;10;0;10;2;Yes
Bookkeeper;/home/denni/isw2/bookkeeper/hedwig-protocol/src/main/java/org/apache/hedwig/protocol/PubSubProtocol.java/mergeStopDeliveryRequest;4.1.0;7;2;1;0;1;1;3;0;1;3;23;0;23;2;Yes
Bookkeeper;/home/denni/isw2/bookkeeper/hedwig-protocol/src/main/java/org/apache/hedwig/protocol/PubSubProtocol.java/clearStopDeliveryRequest;4.1.0;4;1;0;0;0;0;3;0;1;3;10;0;10;2;Yes
Bookkeeper;/home/denni/isw2/bookkeeper/hedwig-protocol/src/main/java/org/apache/hedwig/protocol/PubSubProtocol.java/setStartDeliveryRequest;4.1.0;6;2;1;0;1;1;4;0;1;4;22;0;22;2;Yes
Bookkeeper;/home/denni/isw2/bookkeeper/hedwig-protocol/src/main/java/org/apache/hedwig/protocol/PubSubProtocol.java/setStartDeliveryRequest;4.1.0;4;1;0;0;1;0;3;0;1;3;10;0;10;2;Yes
Bookkeeper;/home/denni/isw2/bookkeeper/hedwig-protocol/src/main/java/org/apache/hedwig/protocol/PubSubProtocol.java/mergeStartDeliveryRequest;4.1.0;7;2;1;0;1;1;3;0;1;3;24;0;24;2;Yes
Bookkeeper;/home/denni/isw2/bookkeeper/hedwig-protocol/src/main/java/org/apache/hedwig/protocol/PubSubProtocol.java/clearStartDeliveryRequest;4.1.0;4;1;0;0;0;0;3;0;1;3;10;0;10;2;Yes
Bookkeeper;/home/denni/isw2/bookkeeper/hedwig-protocol/src/main/java/org/apache/hedwig/protocol/PubSubProtocol.java/isInitialized;4.1.0;6;3;2;0;0;1;3;0;1;2;8;0;8;2;No
Bookkeeper;/home/denni/isw2/bookkeeper/hedwig-protocol/src/main/java/org/apache/hedwig/protocol/PubSubProtocol.java/create;4.1.0;4;1;0;0;0;0;3;1;1;4;16;0;16;2;Yes
Bookkeeper;/home/denni/isw2/bookkeeper/hedwig-protocol/src/main/java/org/apache/hedwig/protocol/PubSubProtocol.java/clone;4.1.0;2;1;0;0;0;0;1;0;1;3;6;0;6;2;Yes
Bookkeeper;/home/denni/isw2/bookkeeper/hedwig-protocol/src/main/java/org/apache/hedwig/protocol/PubSubProtocol.java/buildParsed;4.1.0;4;2;1;0;0;1;2;0;1;4;26;0;26;2;Yes
Bookkeeper;/home/denni/isw2/bookkeeper/hedwig-protocol/src/main/java/org/apache/hedwig/protocol/PubSubProtocol.java/mergeFrom;4.1.0;20;7;6;0;2;3;2;3;1;3;96;0;96;2;Yes
Bookkeeper;/home/denni/isw2/bookkeeper/hedwig-protocol/src/main/java/org/apache/hedwig/protocol/PubSubProtocol.java/setMsg;4.1.0;6;2;1;0;1;1;4;0;1;3;16;0;16;2;Yes
Bookkeeper;/home/denni/isw2/bookkeeper/hedwig-protocol/src/main/java/org/apache/hedwig/protocol/PubSubProtocol.java/setMsg;4.1.0;4;1;0;0;1;0;3;0;1;2;8;0;8;2;No
Bookkeeper;/home/denni/isw2/bookkeeper/hedwig-protocol/src/main/java/org/apache/hedwig/protocol/PubSubProtocol.java/mergeMsg;4.1.0;7;2;1;0;1;1;3;0;1;3;21;0;21;2;Yes
Bookkeeper;/home/denni/isw2/bookkeeper/hedwig-protocol/src/main/java/org/apache/hedwig/protocol/PubSubProtocol.java/clearMsg;4.1.0;4;1;0;0;0;0;3;0;1;3;12;0;12;2;Yes
Bookkeeper;/home/denni/isw2/bookkeeper/hedwig-protocol/src/main/java/org/apache/hedwig/protocol/PubSubProtocol.java/isInitialized;4.1.0;4;2;1;0;0;1;2;0;1;3;8;0;8;2;Yes
Bookkeeper;/home/denni/isw2/bookkeeper/hedwig-protocol/src/main/java/org/apache/hedwig/protocol/PubSubProtocol.java/create;4.1.0;4;1;0;0;0;0;3;1;1;3;9;0;9;2;Yes
Bookkeeper;/home/denni/isw2/bookkeeper/hedwig-protocol/src/main/java/org/apache/hedwig/protocol/PubSubProtocol.java/clone;4.1.0;2;1;0;0;0;0;1;0;1;2;3;0;3;2;No
Bookkeeper;/home/denni/isw2/bookkeeper/hedwig-protocol/src/main/java/org/apache/hedwig/protocol/PubSubProtocol.java/buildParsed;4.1.0;4;2;1;0;0;1;2;0;1;3;17;0;17;2;Yes
Bookkeeper;/home/denni/isw2/bookkeeper/hedwig-protocol/src/main/java/org/apache/hedwig/protocol/PubSubProtocol.java/mergeFrom;4.1.0;30;10;6;0;2;3;2;4;1;3;115;0;115;2;Yes
Bookkeeper;/home/denni/isw2/bookkeeper/hedwig-protocol/src/main/java/org/apache/hedwig/protocol/PubSubProtocol.java/setSubscriberId;4.1.0;6;2;1;0;1;1;4;0;1;3;18;0;18;2;Yes
Bookkeeper;/home/denni/isw2/bookkeeper/hedwig-protocol/src/main/java/org/apache/hedwig/protocol/PubSubProtocol.java/clearSubscriberId;4.1.0;4;1;0;0;0;0;3;0;1;3;12;0;12;2;Yes
Bookkeeper;/home/denni/isw2/bookkeeper/hedwig-protocol/src/main/java/org/apache/hedwig/protocol/PubSubProtocol.java/setCreateOrAttach;4.1.0;6;2;1;0;1;1;4;0;1;3;18;0;18;2;Yes
Bookkeeper;/home/denni/isw2/bookkeeper/hedwig-protocol/src/main/java/org/apache/hedwig/protocol/PubSubProtocol.java/clearCreateOrAttach;4.1.0;4;1;0;0;0;0;3;0;1;3;11;0;11;2;Yes
Bookkeeper;/home/denni/isw2/bookkeeper/hedwig-protocol/src/main/java/org/apache/hedwig/protocol/PubSubProtocol.java/create;4.1.0;4;1;0;0;0;0;3;1;1;3;12;0;12;2;Yes
Bookkeeper;/home/denni/isw2/bookkeeper/hedwig-protocol/src/main/java/org/apache/hedwig/protocol/PubSubProtocol.java/clone;4.1.0;2;1;0;0;0;0;1;0;1;3;5;0;5;2;Yes
Bookkeeper;/home/denni/isw2/bookkeeper/hedwig-protocol/src/main/java/org/apache/hedwig/protocol/PubSubProtocol.java/buildParsed;4.1.0;4;2;1;0;0;1;2;0;1;3;17;7;24;2;Yes
Bookkeeper;/home/denni/isw2/bookkeeper/hedwig-protocol/src/main/java/org/apache/hedwig/protocol/PubSubProtocol.java/mergeFrom;4.1.0;24;8;6;0;2;3;2;4;1;3;101;0;101;2;Yes
Bookkeeper;/home/denni/isw2/bookkeeper/hedwig-protocol/src/main/java/org/apache/hedwig/protocol/PubSubProtocol.java/setCreateOrAttach;4.1.0;6;2;1;0;1;1;4;0;1;3;17;0;17;2;Yes
Bookkeeper;/home/denni/isw2/bookkeeper/hedwig-protocol/src/main/java/org/apache/hedwig/protocol/PubSubProtocol.java/clearCreateOrAttach;4.1.0;4;1;0;0;0;0;3;0;1;3;12;0;12;2;Yes
Bookkeeper;/home/denni/isw2/bookkeeper/hedwig-protocol/src/main/java/org/apache/hedwig/protocol/PubSubProtocol.java/isInitialized;4.1.0;8;4;3;0;0;1;4;0;1;3;14;0;14;2;Yes
Bookkeeper;/home/denni/isw2/bookkeeper/hedwig-protocol/src/main/java/org/apache/hedwig/protocol/PubSubProtocol.java/create;4.1.0;4;1;0;0;0;0;3;1;1;3;12;0;12;2;Yes
Bookkeeper;/home/denni/isw2/bookkeeper/hedwig-protocol/src/main/java/org/apache/hedwig/protocol/PubSubProtocol.java/clone;4.1.0;2;1;0;0;0;0;1;0;1;2;3;0;3;2;No
Bookkeeper;/home/denni/isw2/bookkeeper/hedwig-protocol/src/main/java/org/apache/hedwig/protocol/PubSubProtocol.java/buildParsed;4.1.0;4;2;1;0;0;1;2;0;1;2;13;7;20;2;No
Bookkeeper;/home/denni/isw2/bookkeeper/hedwig-protocol/src/main/java/org/apache/hedwig/protocol/PubSubProtocol.java/mergeFrom;4.1.0;23;8;6;0;2;3;2;3;1;4;83;0;83;2;Yes
Bookkeeper;/home/denni/isw2/bookkeeper/hedwig-protocol/src/main/java/org/apache/hedwig/protocol/PubSubProtocol.java/setSubscriberId;4.1.0;6;2;1;0;1;1;4;0;1;3;21;0;21;2;Yes
Bookkeeper;/home/denni/isw2/bookkeeper/hedwig-protocol/src/main/java/org/apache/hedwig/protocol/PubSubProtocol.java/clearSubscriberId;4.1.0;4;1;0;0;0;0;3;0;1;3;12;0;12;2;Yes
Bookkeeper;/home/denni/isw2/bookkeeper/hedwig-protocol/src/main/java/org/apache/hedwig/protocol/PubSubProtocol.java/setMsgId;4.1.0;6;2;1;0;1;1;4;0;1;3;19;0;19;2;Yes
Bookkeeper;/home/denni/isw2/bookkeeper/hedwig-protocol/src/main/java/org/apache/hedwig/protocol/PubSubProtocol.java/setMsgId;4.1.0;4;1;0;0;1;0;3;0;1;2;8;0;8;2;No
Bookkeeper;/home/denni/isw2/bookkeeper/hedwig-protocol/src/main/java/org/apache/hedwig/protocol/PubSubProtocol.java/mergeMsgId;4.1.0;7;2;1;0;1;1;3;0;1;2;17;0;17;2;No
Bookkeeper;/home/denni/isw2/bookkeeper/hedwig-protocol/src/main/java/org/apache/hedwig/protocol/PubSubProtocol.java/clearMsgId;4.1.0;4;1;0;0;0;0;3;0;1;3;10;0;10;2;Yes
Bookkeeper;/home/denni/isw2/bookkeeper/hedwig-protocol/src/main/java/org/apache/hedwig/protocol/PubSubProtocol.java/isInitialized;4.1.0;4;2;1;0;0;1;2;0;1;3;9;0;9;2;Yes
Bookkeeper;/home/denni/isw2/bookkeeper/hedwig-protocol/src/main/java/org/apache/hedwig/protocol/PubSubProtocol.java/create;4.1.0;4;1;0;0;0;0;3;1;1;3;10;0;10;2;Yes
Bookkeeper;/home/denni/isw2/bookkeeper/hedwig-protocol/src/main/java/org/apache/hedwig/protocol/PubSubProtocol.java/clone;4.1.0;2;1;0;0;0;0;1;0;1;3;6;0;6;2;Yes
Bookkeeper;/home/denni/isw2/bookkeeper/hedwig-protocol/src/main/java/org/apache/hedwig/protocol/PubSubProtocol.java/buildParsed;4.1.0;4;2;1;0;0;1;2;0;1;3;21;0;21;2;Yes
Bookkeeper;/home/denni/isw2/bookkeeper/hedwig-protocol/src/main/java/org/apache/hedwig/protocol/PubSubProtocol.java/mergeFrom;4.1.0;16;6;5;0;2;3;2;2;1;3;58;0;58;2;Yes
Bookkeeper;/home/denni/isw2/bookkeeper/hedwig-protocol/src/main/java/org/apache/hedwig/protocol/PubSubProtocol.java/setSubscriberId;4.1.0;6;2;1;0;1;1;4;0;1;4;17;0;17;2;Yes
Bookkeeper;/home/denni/isw2/bookkeeper/hedwig-protocol/src/main/java/org/apache/hedwig/protocol/PubSubProtocol.java/clearSubscriberId;4.1.0;4;1;0;0;0;0;3;0;1;3;9;0;9;2;Yes
Bookkeeper;/home/denni/isw2/bookkeeper/hedwig-protocol/src/main/java/org/apache/hedwig/protocol/PubSubProtocol.java/isInitialized;4.1.0;4;2;1;0;0;1;2;0;1;3;7;0;7;2;Yes
Bookkeeper;/home/denni/isw2/bookkeeper/hedwig-protocol/src/main/java/org/apache/hedwig/protocol/PubSubProtocol.java/create;4.1.0;4;1;0;0;0;0;3;1;1;2;7;0;7;2;No
Bookkeeper;/home/denni/isw2/bookkeeper/hedwig-protocol/src/main/java/org/apache/hedwig/protocol/PubSubProtocol.java/clone;4.1.0;2;1;0;0;0;0;1;0;1;3;6;0;6;2;Yes
Bookkeeper;/home/denni/isw2/bookkeeper/hedwig-protocol/src/main/java/org/apache/hedwig/protocol/PubSubProtocol.java/buildParsed;4.1.0;4;2;1;0;0;1;2;0;1;2;14;0;14;2;No
Bookkeeper;/home/denni/isw2/bookkeeper/hedwig-protocol/src/main/java/org/apache/hedwig/protocol/PubSubProtocol.java/mergeFrom;4.1.0;16;6;5;0;2;3;2;2;1;3;75;0;75;2;Yes
Bookkeeper;/home/denni/isw2/bookkeeper/hedwig-protocol/src/main/java/org/apache/hedwig/protocol/PubSubProtocol.java/setSubscriberId;4.1.0;6;2;1;0;1;1;4;0;1;3;16;0;16;2;Yes
Bookkeeper;/home/denni/isw2/bookkeeper/hedwig-protocol/src/main/java/org/apache/hedwig/protocol/PubSubProtocol.java/clearSubscriberId;4.1.0;4;1;0;0;0;0;3;0;1;3;9;0;9;2;Yes
Bookkeeper;/home/denni/isw2/bookkeeper/hedwig-protocol/src/main/java/org/apache/hedwig/protocol/PubSubProtocol.java/isInitialized;4.1.0;4;2;1;0;0;1;2;0;1;2;6;0;6;2;No
Bookkeeper;/home/denni/isw2/bookkeeper/hedwig-protocol/src/main/java/org/apache/hedwig/protocol/PubSubProtocol.java/create;4.1.0;4;1;0;0;0;0;3;1;1;3;10;0;10;2;Yes
Bookkeeper;/home/denni/isw2/bookkeeper/hedwig-protocol/src/main/java/org/apache/hedwig/protocol/PubSubProtocol.java/clone;4.1.0;2;1;0;0;0;0;1;0;1;2;3;0;3;2;No
Bookkeeper;/home/denni/isw2/bookkeeper/hedwig-protocol/src/main/java/org/apache/hedwig/protocol/PubSubProtocol.java/buildParsed;4.1.0;4;2;1;0;0;1;2;0;1;3;17;0;17;2;Yes
Bookkeeper;/home/denni/isw2/bookkeeper/hedwig-protocol/src/main/java/org/apache/hedwig/protocol/PubSubProtocol.java/mergeFrom;4.1.0;16;6;5;0;2;3;2;2;1;4;62;6;68;2;Yes
Bookkeeper;/home/denni/isw2/bookkeeper/hedwig-protocol/src/main/java/org/apache/hedwig/protocol/PubSubProtocol.java/setSubscriberId;4.1.0;6;2;1;0;1;1;4;0;1;3;20;5;25;2;Yes
Bookkeeper;/home/denni/isw2/bookkeeper/hedwig-protocol/src/main/java/org/apache/hedwig/protocol/PubSubProtocol.java/clearSubscriberId;4.1.0;4;1;0;0;0;0;3;0;1;3;9;0;9;2;Yes
Bookkeeper;/home/denni/isw2/bookkeeper/hedwig-protocol/src/main/java/org/apache/hedwig/protocol/PubSubProtocol.java/isInitialized;4.1.0;11;6;6;0;0;2;5;0;1;2;16;0;16;2;No
Bookkeeper;/home/denni/isw2/bookkeeper/hedwig-protocol/src/main/java/org/apache/hedwig/protocol/PubSubProtocol.java/getSerializedSize;4.1.0;22;9;8;0;0;1;13;1;1;3;91;0;91;2;Yes
Bookkeeper;/home/denni/isw2/bookkeeper/hedwig-protocol/src/main/java/org/apache/hedwig/protocol/PubSubProtocol.java/create;4.1.0;4;1;0;0;0;0;3;1;1;3;9;0;9;2;Yes
Bookkeeper;/home/denni/isw2/bookkeeper/hedwig-protocol/src/main/java/org/apache/hedwig/protocol/PubSubProtocol.java/clone;4.1.0;2;1;0;0;0;0;1;0;1;2;4;0;4;2;No
Bookkeeper;/home/denni/isw2/bookkeeper/hedwig-protocol/src/main/java/org/apache/hedwig/protocol/PubSubProtocol.java/buildParsed;4.1.0;4;2;1;0;0;1;2;0;1;3;17;0;17;2;Yes
Bookkeeper;/home/denni/isw2/bookkeeper/hedwig-protocol/src/main/java/org/apache/hedwig/protocol/PubSubProtocol.java/mergeFrom;4.1.0;19;9;8;0;1;1;10;0;1;4;63;0;63;2;Yes
Bookkeeper;/home/denni/isw2/bookkeeper/hedwig-protocol/src/main/java/org/apache/hedwig/protocol/PubSubProtocol.java/mergeFrom;4.1.0;48;15;8;0;2;3;2;7;1;4;237;0;237;2;Yes
Bookkeeper;/home/denni/isw2/bookkeeper/hedwig-protocol/src/main/java/org/apache/hedwig/protocol/PubSubProtocol.java/setProtocolVersion;4.1.0;6;2;1;0;1;1;4;0;1;4;22;0;22;2;Yes
Bookkeeper;/home/denni/isw2/bookkeeper/hedwig-protocol/src/main/java/org/apache/hedwig/protocol/PubSubProtocol.java/clearProtocolVersion;4.1.0;4;1;0;0;0;0;3;0;1;4;14;0;14;2;Yes
Bookkeeper;/home/denni/isw2/bookkeeper/hedwig-protocol/src/main/java/org/apache/hedwig/protocol/PubSubProtocol.java/setStatusCode;4.1.0;6;2;1;0;1;1;4;0;1;4;23;0;23;2;Yes
Bookkeeper;/home/denni/isw2/bookkeeper/hedwig-protocol/src/main/java/org/apache/hedwig/protocol/PubSubProtocol.java/clearStatusCode;4.1.0;4;1;0;0;0;0;3;0;1;3;12;0;12;2;Yes
Bookkeeper;/home/denni/isw2/bookkeeper/hedwig-protocol/src/main/java/org/apache/hedwig/protocol/PubSubProtocol.java/setStatusMsg;4.1.0;6;2;1;0;1;1;4;0;1;3;20;0;20;2;Yes
Bookkeeper;/home/denni/isw2/bookkeeper/hedwig-protocol/src/main/java/org/apache/hedwig/protocol/PubSubProtocol.java/setMessage;4.1.0;6;2;1;0;1;1;4;0;1;3;20;0;20;2;Yes
Bookkeeper;/home/denni/isw2/bookkeeper/hedwig-protocol/src/main/java/org/apache/hedwig/protocol/PubSubProtocol.java/setMessage;4.1.0;4;1;0;0;1;0;3;0;1;3;12;0;12;2;Yes
Bookkeeper;/home/denni/isw2/bookkeeper/hedwig-protocol/src/main/java/org/apache/hedwig/protocol/PubSubProtocol.java/mergeMessage;4.1.0;7;2;1;0;1;1;3;0;1;3;30;0;30;2;Yes
Bookkeeper;/home/denni/isw2/bookkeeper/hedwig-protocol/src/main/java/org/apache/hedwig/protocol/PubSubProtocol.java/clearMessage;4.1.0;4;1;0;0;0;0;3;0;1;3;12;0;12;2;Yes
Bookkeeper;/home/denni/isw2/bookkeeper/hedwig-protocol/src/main/java/org/apache/hedwig/protocol/PubSubProtocol.java/setTopic;4.1.0;6;2;1;0;1;1;4;0;1;4;27;0;27;2;Yes
Bookkeeper;/home/denni/isw2/bookkeeper/hedwig-protocol/src/main/java/org/apache/hedwig/protocol/PubSubProtocol.java/clearTopic;4.1.0;4;1;0;0;0;0;3;0;1;4;14;0;14;2;Yes
Bookkeeper;/home/denni/isw2/bookkeeper/hedwig-protocol/src/main/java/org/apache/hedwig/protocol/PubSubProtocol.java/setSubscriberId;4.1.0;6;2;1;0;1;1;4;0;1;4;28;0;28;2;Yes
Bookkeeper;/home/denni/isw2/bookkeeper/hedwig-protocol/src/main/java/org/apache/hedwig/protocol/PubSubProtocol.java/clearSubscriberId;4.1.0;4;1;0;0;0;0;3;0;1;4;15;0;15;2;Yes
Bookkeeper;/home/denni/isw2/bookkeeper/hedwig-protocol/src/main/java/org/apache/hedwig/protocol/PubSubProtocol.java/isInitialized;4.1.0;6;3;2;0;0;1;3;0;1;4;15;0;15;2;Yes
Bookkeeper;/home/denni/isw2/bookkeeper/hedwig-protocol/src/main/java/org/apache/hedwig/protocol/PubSubProtocol.java/create;4.1.0;4;1;0;0;0;0;3;1;1;5;18;0;18;2;Yes
Bookkeeper;/home/denni/isw2/bookkeeper/hedwig-protocol/src/main/java/org/apache/hedwig/protocol/PubSubProtocol.java/clone;4.1.0;2;1;0;0;0;0;1;0;1;4;8;0;8;2;Yes
Bookkeeper;/home/denni/isw2/bookkeeper/hedwig-protocol/src/main/java/org/apache/hedwig/protocol/PubSubProtocol.java/buildParsed;4.1.0;4;2;1;0;0;1;2;0;1;4;22;0;22;2;Yes
Bookkeeper;/home/denni/isw2/bookkeeper/hedwig-protocol/src/main/java/org/apache/hedwig/protocol/PubSubProtocol.java/mergeFrom;4.1.0;23;8;6;0;2;3;2;3;1;4;88;0;88;2;Yes
Bookkeeper;/home/denni/isw2/bookkeeper/hedwig-protocol/src/main/java/org/apache/hedwig/protocol/PubSubProtocol.java/setMsgId;4.1.0;6;2;1;0;1;1;4;0;1;3;17;0;17;2;Yes
Bookkeeper;/home/denni/isw2/bookkeeper/hedwig-protocol/src/main/java/org/apache/hedwig/protocol/PubSubProtocol.java/setMsgId;4.1.0;4;1;0;0;1;0;3;0;1;3;12;0;12;2;Yes
Bookkeeper;/home/denni/isw2/bookkeeper/hedwig-protocol/src/main/java/org/apache/hedwig/protocol/PubSubProtocol.java/mergeMsgId;4.1.0;7;2;1;0;1;1;3;0;1;3;27;0;27;2;Yes
Bookkeeper;/home/denni/isw2/bookkeeper/hedwig-protocol/src/main/java/org/apache/hedwig/protocol/PubSubProtocol.java/clearMsgId;4.1.0;4;1;0;0;0;0;3;0;1;3;10;0;10;2;Yes
Bookkeeper;/home/denni/isw2/bookkeeper/hedwig-protocol/src/main/java/org/apache/hedwig/protocol/PubSubProtocol.java/isInitialized;4.1.0;7;4;4;0;0;2;3;0;1;3;15;0;15;2;Yes
Bookkeeper;/home/denni/isw2/bookkeeper/hedwig-protocol/src/main/java/org/apache/hedwig/protocol/PubSubProtocol.java/create;4.1.0;4;1;0;0;0;0;3;1;1;3;9;0;9;2;Yes
Bookkeeper;/home/denni/isw2/bookkeeper/hedwig-protocol/src/main/java/org/apache/hedwig/protocol/PubSubProtocol.java/clone;4.1.0;2;1;0;0;0;0;1;0;1;3;6;0;6;2;Yes
Bookkeeper;/home/denni/isw2/bookkeeper/hedwig-protocol/src/main/java/org/apache/hedwig/protocol/PubSubProtocol.java/buildParsed;4.1.0;4;2;1;0;0;1;2;0;1;4;19;0;19;2;Yes
Bookkeeper;/home/denni/isw2/bookkeeper/hedwig-protocol/src/main/java/org/apache/hedwig/protocol/PubSubProtocol.java/mergeFrom;4.1.0;23;8;6;0;2;3;2;3;1;6;94;2;96;3;Yes
Bookkeeper;/home/denni/isw2/bookkeeper/hedwig-protocol/src/main/java/org/apache/hedwig/protocol/PubSubProtocol.java/setEndSeqIdIncluded;4.1.0;6;2;1;0;1;1;4;0;1;3;19;0;19;2;Yes
Bookkeeper;/home/denni/isw2/bookkeeper/hedwig-protocol/src/main/java/org/apache/hedwig/protocol/PubSubProtocol.java/setEndSeqIdIncluded;4.1.0;4;1;0;0;1;0;3;0;1;4;11;0;11;2;Yes
Bookkeeper;/home/denni/isw2/bookkeeper/hedwig-protocol/src/main/java/org/apache/hedwig/protocol/PubSubProtocol.java/mergeEndSeqIdIncluded;4.1.0;7;2;1;0;1;1;3;0;1;3;25;0;25;2;Yes
Bookkeeper;/home/denni/isw2/bookkeeper/hedwig-protocol/src/main/java/org/apache/hedwig/protocol/PubSubProtocol.java/clearEndSeqIdIncluded;4.1.0;4;1;0;0;0;0;3;0;1;3;9;0;9;2;Yes
Bookkeeper;/home/denni/isw2/bookkeeper/hedwig-protocol/src/main/java/org/apache/hedwig/protocol/PubSubProtocol.java/create;4.1.0;4;1;0;0;0;0;3;1;1;3;11;0;11;2;Yes
Bookkeeper;/home/denni/isw2/bookkeeper/hedwig-protocol/src/main/java/org/apache/hedwig/protocol/PubSubProtocol.java/clone;4.1.0;2;1;0;0;0;0;1;0;1;5;8;1;9;3;Yes
Bookkeeper;/home/denni/isw2/bookkeeper/hedwig-protocol/src/main/java/org/apache/hedwig/protocol/PubSubProtocol.java/buildParsed;4.1.0;4;2;1;0;0;1;2;0;1;4;19;0;19;2;Yes
Bookkeeper;/home/denni/isw2/bookkeeper/hedwig-protocol/src/main/java/org/apache/hedwig/protocol/PubSubProtocol.java/buildPartial;4.1.0;8;3;2;0;0;1;5;1;1;4;33;0;33;2;Yes
Bookkeeper;/home/denni/isw2/bookkeeper/hedwig-protocol/src/main/java/org/apache/hedwig/protocol/PubSubProtocol.java/mergeFrom;4.1.0;9;4;4;0;1;2;4;0;1;5;32;0;32;2;Yes
Bookkeeper;/home/denni/isw2/bookkeeper/hedwig-protocol/src/main/java/org/apache/hedwig/protocol/PubSubProtocol.java/mergeFrom;4.1.0;18;6;5;0;2;3;2;3;1;5;110;0;110;2;Yes
Bookkeeper;/home/denni/isw2/bookkeeper/hedwig-protocol/src/main/java/org/apache/hedwig/protocol/PubSubProtocol.java/setRanges;4.1.0;5;2;1;0;2;1;3;0;1;3;15;0;15;2;Yes
Bookkeeper;/home/denni/isw2/bookkeeper/hedwig-protocol/src/main/java/org/apache/hedwig/protocol/PubSubProtocol.java/setRanges;4.1.0;3;1;0;0;2;0;2;0;1;4;8;0;8;2;Yes
Bookkeeper;/home/denni/isw2/bookkeeper/hedwig-protocol/src/main/java/org/apache/hedwig/protocol/PubSubProtocol.java/addRanges;4.1.0;7;3;2;0;1;1;4;0;1;3;25;0;25;2;Yes
Bookkeeper;/home/denni/isw2/bookkeeper/hedwig-protocol/src/main/java/org/apache/hedwig/protocol/PubSubProtocol.java/addRanges;4.1.0;5;2;1;0;1;1;3;0;1;3;17;0;17;2;Yes
Bookkeeper;/home/denni/isw2/bookkeeper/hedwig-protocol/src/main/java/org/apache/hedwig/protocol/PubSubProtocol.java/addAllRanges;4.1.0;5;2;1;0;1;1;3;0;1;3;17;0;17;2;Yes
Bookkeeper;/home/denni/isw2/bookkeeper/hedwig-protocol/src/main/java/org/apache/hedwig/protocol/PubSubProtocol.java/clearRanges;4.1.0;3;1;0;0;0;0;2;0;1;3;8;0;8;2;Yes
Bookkeeper;/home/denni/isw2/bookkeeper/bookkeeper-benchmark/src/main/java/org/apache/bookkeeper/benchmark/MySqlClient.java/main;4.1.0;26;5;5;0;1;2;4;3;1;2;20;2;22;2;No
Bookkeeper;/home/denni/isw2/bookkeeper/bookkeeper-benchmark/src/main/java/org/apache/bookkeeper/benchmark/MySqlClient.java/writeSameEntryBatch;4.1.0;17;2;1;0;2;1;10;2;1;2;14;1;15;2;No
Bookkeeper;/home/denni/isw2/bookkeeper/bookkeeper-benchmark/src/main/java/org/apache/bookkeeper/benchmark/MySqlClient.java/writeSameEntry;4.1.0;9;2;1;0;2;1;7;2;1;2;11;1;12;2;No
Bookkeeper;/home/denni/isw2/bookkeeper/bookkeeper-benchmark/src/main/java/org/apache/bookkeeper/benchmark/BenchReadThroughputLatency.java/compare;4.1.0;10;3;3;0;2;2;1;2;1;0;0;0;0;0;No
Bookkeeper;/home/denni/isw2/bookkeeper/bookkeeper-benchmark/src/main/java/org/apache/bookkeeper/benchmark/BenchReadThroughputLatency.java/readLedger;4.1.0;51;12;15;0;3;5;9;14;1;1;14;9;23;1;No
Bookkeeper;/home/denni/isw2/bookkeeper/bookkeeper-benchmark/src/main/java/org/apache/bookkeeper/benchmark/BenchReadThroughputLatency.java/main;4.1.0;89;17;22;0;1;7;24;20;1;2;10;4;14;2;No
Bookkeeper;/home/denni/isw2/bookkeeper/bookkeeper-benchmark/src/main/java/org/apache/bookkeeper/benchmark/BenchReadThroughputLatency.java/process;4.1.0;3;2;1;0;1;1;1;0;1;0;0;0;0;0;No
Bookkeeper;/home/denni/isw2/bookkeeper/bookkeeper-benchmark/src/main/java/org/apache/bookkeeper/benchmark/BenchReadThroughputLatency.java/process;4.1.0;33;10;14;0;1;6;1;7;1;1;2;1;3;1;No
Bookkeeper;/home/denni/isw2/bookkeeper/bookkeeper-benchmark/src/main/java/org/apache/bookkeeper/benchmark/BenchReadThroughputLatency.java/run;4.1.0;2;1;0;0;0;0;1;0;1;1;1;0;1;1;No
Bookkeeper;/home/denni/isw2/bookkeeper/bookkeeper-benchmark/src/main/java/org/apache/bookkeeper/benchmark/TestClient.java/main;4.1.0;116;24;27;0;1;5;26;41;1;7;195;159;354;4;No
Bookkeeper;/home/denni/isw2/bookkeeper/bookkeeper-benchmark/src/main/java/org/apache/bookkeeper/benchmark/TestClient.java/run;4.1.0;3;1;0;0;0;0;2;0;1;3;5;1;6;2;No
Bookkeeper;/home/denni/isw2/bookkeeper/bookkeeper-benchmark/src/main/java/org/apache/bookkeeper/benchmark/TestClient.java/call;4.1.0;18;3;3;0;0;2;1;5;1;2;23;1;24;1;No
Bookkeeper;/home/denni/isw2/bookkeeper/bookkeeper-benchmark/src/main/java/org/apache/bookkeeper/benchmark/TestClient.java/call;4.1.0;18;3;3;0;0;2;1;5;1;1;23;0;23;1;No
Bookkeeper;/home/denni/isw2/bookkeeper/bookkeeper-benchmark/src/main/java/org/apache/bookkeeper/benchmark/TestClient.java/call;4.1.0;24;6;7;0;0;3;1;5;1;1;32;0;32;1;No
Bookkeeper;/home/denni/isw2/bookkeeper/bookkeeper-benchmark/src/main/java/org/apache/bookkeeper/benchmark/TestClient.java/addComplete;4.1.0;5;2;1;0;4;1;2;0;1;1;5;0;5;1;No
Bookkeeper;/home/denni/isw2/bookkeeper/bookkeeper-benchmark/src/main/java/org/apache/bookkeeper/benchmark/BenchThroughputLatency.java/setEntryData;4.1.0;2;1;0;0;1;0;1;0;1;0;0;0;0;0;No
Bookkeeper;/home/denni/isw2/bookkeeper/bookkeeper-benchmark/src/main/java/org/apache/bookkeeper/benchmark/BenchThroughputLatency.java/run;4.1.0;51;11;12;0;0;3;14;10;1;2;11;7;18;2;No
Bookkeeper;/home/denni/isw2/bookkeeper/bookkeeper-benchmark/src/main/java/org/apache/bookkeeper/benchmark/BenchThroughputLatency.java/run;4.1.0;7;3;3;0;0;2;1;0;1;2;1;0;1;2;No
Bookkeeper;/home/denni/isw2/bookkeeper/bookkeeper-benchmark/src/main/java/org/apache/bookkeeper/benchmark/BenchThroughputLatency.java/addComplete;4.1.0;10;2;1;0;4;1;6;2;1;2;5;1;6;2;No
Bookkeeper;/home/denni/isw2/bookkeeper/bookkeeper-benchmark/src/main/java/org/apache/bookkeeper/benchmark/BenchThroughputLatency.java/main;4.1.0;114;15;16;0;1;3;70;36;1;5;72;28;100;3;Yes
Bookkeeper;/home/denni/isw2/bookkeeper/bookkeeper-benchmark/src/main/java/org/apache/bookkeeper/benchmark/BenchThroughputLatency.java/run;4.1.0;3;1;0;0;0;0;2;0;1;1;3;0;3;1;No
Bookkeeper;/home/denni/isw2/bookkeeper/bookkeeper-benchmark/src/main/java/org/apache/bookkeeper/benchmark/BenchThroughputLatency.java/warmUp;4.1.0;27;4;4;0;6;2;12;7;1;3;6;3;9;3;Yes
Bookkeeper;/home/denni/isw2/bookkeeper/bookkeeper-benchmark/src/main/java/org/apache/bookkeeper/benchmark/BenchBookie.java/writeComplete;4.1.0;6;2;1;0;5;1;3;0;1;0;0;0;0;0;No
Bookkeeper;/home/denni/isw2/bookkeeper/bookkeeper-benchmark/src/main/java/org/apache/bookkeeper/benchmark/BenchBookie.java/writeComplete;4.1.0;6;3;2;0;5;1;3;0;1;0;0;0;0;0;No
Bookkeeper;/home/denni/isw2/bookkeeper/bookkeeper-benchmark/src/main/java/org/apache/bookkeeper/benchmark/BenchBookie.java/waitFor;4.1.0;5;2;1;0;1;1;2;0;1;0;0;0;0;0;No
Bookkeeper;/home/denni/isw2/bookkeeper/bookkeeper-benchmark/src/main/java/org/apache/bookkeeper/benchmark/BenchBookie.java/getValidLedgerId;4.1.0;14;3;3;0;1;2;4;3;1;1;15;0;15;1;No
Bookkeeper;/home/denni/isw2/bookkeeper/bookkeeper-benchmark/src/main/java/org/apache/bookkeeper/benchmark/BenchBookie.java/main;4.1.0;74;5;4;0;1;1;43;25;1;2;26;9;35;1;No
Bookkeeper;/home/denni/isw2/bookkeeper/hedwig-client/src/main/java/org/apache/hedwig/client/netty/ConnectCallback.java/operationComplete;4.1.0;29;9;10;0;1;3;4;1;1;5;13;9;22;3;Yes
Bookkeeper;/home/denni/isw2/bookkeeper/hedwig-client/src/main/java/org/apache/hedwig/client/netty/ClientChannelPipelineFactory.java/getPipeline;4.1.0;10;2;1;0;0;1;8;1;1;1;3;3;6;1;No
Bookkeeper;/home/denni/isw2/bookkeeper/hedwig-client/src/main/java/org/apache/hedwig/client/netty/HedwigSubscriber.java/subUnsub;4.1.0;31;11;15;0;4;6;3;4;1;5;37;12;49;2;Yes
Bookkeeper;/home/denni/isw2/bookkeeper/hedwig-client/src/main/java/org/apache/hedwig/client/netty/HedwigSubscriber.java/asyncSubUnsub;4.1.0;15;5;5;0;6;2;3;3;1;6;42;11;53;3;Yes
Bookkeeper;/home/denni/isw2/bookkeeper/hedwig-client/src/main/java/org/apache/hedwig/client/netty/HedwigSubscriber.java/subscribe;4.1.0;8;3;3;0;4;2;2;0;1;3;14;3;17;2;Yes
Bookkeeper;/home/denni/isw2/bookkeeper/hedwig-client/src/main/java/org/apache/hedwig/client/netty/HedwigSubscriber.java/unsubscribe;4.1.0;9;3;3;0;3;2;3;0;1;1;5;0;5;1;Yes
Bookkeeper;/home/denni/isw2/bookkeeper/hedwig-client/src/main/java/org/apache/hedwig/client/netty/HedwigSubscriber.java/isValidSubscriberId;4.1.0;5;2;1;0;2;1;1;0;1;1;3;0;3;1;Yes
Bookkeeper;/home/denni/isw2/bookkeeper/hedwig-client/src/main/java/org/apache/hedwig/client/netty/HedwigSubscriber.java/doSubUnsub;4.1.0;43;6;7;0;2;3;15;5;1;8;58;8;66;3;Yes
Bookkeeper;/home/denni/isw2/bookkeeper/hedwig-client/src/main/java/org/apache/hedwig/client/netty/HedwigSubscriber.java/doConsume;4.1.0;35;3;2;0;3;1;13;4;1;4;16;7;23;3;Yes
Bookkeeper;/home/denni/isw2/bookkeeper/hedwig-client/src/main/java/org/apache/hedwig/client/netty/HedwigSubscriber.java/operationComplete;4.1.0;4;2;1;0;1;1;1;0;1;1;2;0;2;1;Yes
Bookkeeper;/home/denni/isw2/bookkeeper/hedwig-client/src/main/java/org/apache/hedwig/client/netty/HedwigSubscriber.java/startDelivery;4.1.0;25;8;9;0;4;3;9;4;1;4;31;7;38;2;Yes
Bookkeeper;/home/denni/isw2/bookkeeper/hedwig-client/src/main/java/org/apache/hedwig/client/netty/HedwigSubscriber.java/operationComplete;4.1.0;4;2;1;0;1;1;1;0;1;2;4;1;5;2;Yes
Bookkeeper;/home/denni/isw2/bookkeeper/hedwig-client/src/main/java/org/apache/hedwig/client/netty/HedwigSubscriber.java/stopDelivery;4.1.0;17;4;3;0;2;1;8;3;1;4;22;5;27;3;Yes
Bookkeeper;/home/denni/isw2/bookkeeper/hedwig-client/src/main/java/org/apache/hedwig/client/netty/HedwigSubscriber.java/operationComplete;4.1.0;4;2;1;0;1;1;1;0;1;0;0;0;0;0;No
Bookkeeper;/home/denni/isw2/bookkeeper/hedwig-client/src/main/java/org/apache/hedwig/client/netty/HedwigSubscriber.java/closeSubscription;4.1.0;11;4;4;0;2;2;2;2;1;3;19;6;25;1;Yes
Bookkeeper;/home/denni/isw2/bookkeeper/hedwig-client/src/main/java/org/apache/hedwig/client/netty/HedwigSubscriber.java/asyncCloseSubscription;4.1.0;21;4;4;0;4;2;3;3;1;3;10;2;12;1;Yes
Bookkeeper;/home/denni/isw2/bookkeeper/hedwig-client/src/main/java/org/apache/hedwig/client/netty/HedwigSubscriber.java/operationComplete;4.1.0;7;2;1;0;1;1;1;0;1;1;5;0;5;1;Yes
Bookkeeper;/home/denni/isw2/bookkeeper/hedwig-client/src/main/java/org/apache/hedwig/client/netty/HedwigSubscriber.java/close;4.1.0;7;2;1;0;0;1;3;1;1;2;11;1;12;2;Yes
Bookkeeper;/home/denni/isw2/bookkeeper/hedwig-client/src/main/java/org/apache/hedwig/client/netty/WriteCallback.java/operationComplete;4.1.0;23;8;9;0;1;3;3;2;1;6;19;11;30;3;Yes
Bookkeeper;/home/denni/isw2/bookkeeper/hedwig-client/src/main/java/org/apache/hedwig/client/netty/HedwigPublisher.java/publish;4.1.0;24;8;10;0;2;4;3;3;1;2;13;2;15;2;Yes
Bookkeeper;/home/denni/isw2/bookkeeper/hedwig-client/src/main/java/org/apache/hedwig/client/netty/HedwigPublisher.java/asyncPublish;4.1.0;16;5;5;0;4;2;3;3;1;4;50;20;70;3;Yes
Bookkeeper;/home/denni/isw2/bookkeeper/hedwig-client/src/main/java/org/apache/hedwig/client/netty/HedwigPublisher.java/doPublish;4.1.0;30;3;2;0;2;1;17;4;1;4;8;7;15;2;Yes
Bookkeeper;/home/denni/isw2/bookkeeper/hedwig-client/src/main/java/org/apache/hedwig/client/netty/HedwigPublisher.java/storeHost2ChannelMapping;4.1.0;11;4;4;0;1;2;2;1;1;3;11;3;14;3;Yes
Bookkeeper;/home/denni/isw2/bookkeeper/hedwig-client/src/main/java/org/apache/hedwig/client/netty/HedwigPublisher.java/close;4.1.0;7;2;1;0;0;1;3;1;1;2;10;0;10;2;Yes
Bookkeeper;/home/denni/isw2/bookkeeper/hedwig-client/src/main/java/org/apache/hedwig/client/netty/ResponseHandler.java/messageReceived;4.1.0;29;11;7;0;2;1;9;2;1;3;6;11;17;2;Yes
Bookkeeper;/home/denni/isw2/bookkeeper/hedwig-client/src/main/java/org/apache/hedwig/client/netty/ResponseHandler.java/handleRedirectResponse;4.1.0;49;13;14;0;3;3;13;5;1;5;16;17;33;2;Yes
Bookkeeper;/home/denni/isw2/bookkeeper/hedwig-client/src/main/java/org/apache/hedwig/client/netty/ResponseHandler.java/channelDisconnected;4.1.0;29;9;10;0;2;3;8;3;1;7;38;27;65;3;Yes
Bookkeeper;/home/denni/isw2/bookkeeper/hedwig-client/src/main/java/org/apache/hedwig/client/netty/ResponseHandler.java/exceptionCaught;4.1.0;4;1;0;0;2;0;2;0;1;2;5;1;6;2;Yes
Bookkeeper;/home/denni/isw2/bookkeeper/hedwig-client/src/main/java/org/apache/hedwig/client/netty/HedwigClientImpl.java/run;4.1.0;17;6;6;0;0;2;5;8;1;3;9;4;13;1;Yes
Bookkeeper;/home/denni/isw2/bookkeeper/hedwig-client/src/main/java/org/apache/hedwig/client/netty/HedwigClientImpl.java/checkPubSubDataToTimeOut;4.1.0;5;2;1;0;4;1;1;0;1;2;9;2;11;1;Yes
Bookkeeper;/home/denni/isw2/bookkeeper/hedwig-client/src/main/java/org/apache/hedwig/client/netty/HedwigClientImpl.java/storeTopic2HostMapping;4.1.0;23;4;3;0;2;1;5;2;1;1;2;1;3;1;Yes
Bookkeeper;/home/denni/isw2/bookkeeper/hedwig-client/src/main/java/org/apache/hedwig/client/handlers/SubscribeResponseHandler.java/handleSubscribeResponse;4.1.0;30;8;3;0;3;1;3;1;1;8;145;54;199;4;Yes
Bookkeeper;/home/denni/isw2/bookkeeper/hedwig-client/src/main/java/org/apache/hedwig/client/handlers/SubscribeResponseHandler.java/handleSubscribeMessage;4.1.0;13;5;5;0;1;2;3;1;1;3;26;21;47;2;No
Bookkeeper;/home/denni/isw2/bookkeeper/hedwig-client/src/main/java/org/apache/hedwig/client/handlers/SubscribeResponseHandler.java/asyncMessageConsume;4.1.0;18;4;4;0;1;2;5;1;1;3;6;8;14;2;Yes
Bookkeeper;/home/denni/isw2/bookkeeper/hedwig-client/src/main/java/org/apache/hedwig/client/handlers/SubscribeResponseHandler.java/messageConsumed;4.1.0;32;7;7;0;1;2;5;0;1;1;7;7;14;1;No
Bookkeeper;/home/denni/isw2/bookkeeper/hedwig-client/src/main/java/org/apache/hedwig/client/handlers/SubscribeResponseHandler.java/setMessageHandler;4.1.0;19;5;5;0;1;2;2;1;1;5;25;19;44;3;Yes
Bookkeeper;/home/denni/isw2/bookkeeper/hedwig-client/src/main/java/org/apache/hedwig/client/handlers/MessageConsumeCallback.java/operationFailed;4.1.0;5;1;0;0;2;0;4;2;1;4;18;13;31;3;Yes
Bookkeeper;/home/denni/isw2/bookkeeper/hedwig-client/src/main/java/org/apache/hedwig/client/handlers/PubSubCallback.java/operationFinished;4.1.0;7;2;1;0;2;1;2;0;1;2;3;2;5;1;Yes
Bookkeeper;/home/denni/isw2/bookkeeper/hedwig-client/src/main/java/org/apache/hedwig/client/handlers/PubSubCallback.java/operationFailed;4.1.0;8;2;1;0;2;1;2;0;1;1;1;2;3;1;Yes
Bookkeeper;/home/denni/isw2/bookkeeper/hedwig-client/src/main/java/org/apache/hedwig/client/handlers/UnsubscribeResponseHandler.java/handleUnsubscribeResponse;4.1.0;21;7;2;0;3;1;2;0;1;4;21;22;43;3;Yes
Bookkeeper;/home/denni/isw2/bookkeeper/hedwig-client/src/main/java/org/apache/hedwig/client/handlers/PublishResponseHandler.java/handlePublishResponse;4.1.0;17;6;2;0;3;1;2;0;1;4;12;13;25;3;Yes
Bookkeeper;/home/denni/isw2/bookkeeper/hedwig-client/src/main/java/org/apache/hedwig/client/handlers/SubscribeReconnectCallback.java/operationFinished;4.1.0;9;4;4;0;2;2;2;0;1;4;15;15;30;3;Yes
Bookkeeper;/home/denni/isw2/bookkeeper/hedwig-client/src/main/java/org/apache/hedwig/client/handlers/SubscribeReconnectCallback.java/operationFailed;4.1.0;3;1;0;0;2;0;2;0;1;0;0;0;0;0;No
Bookkeeper;/home/denni/isw2/bookkeeper/hedwig-client/src/main/java/org/apache/hedwig/client/benchmark/BenchmarkPublisher.java/warmup;4.1.0;16;3;2;0;1;1;9;5;1;4;7;3;10;3;No
Bookkeeper;/home/denni/isw2/bookkeeper/hedwig-client/src/main/java/org/apache/hedwig/client/benchmark/BenchmarkPublisher.java/call;4.1.0;31;7;8;0;0;3;14;11;1;3;6;5;11;3;Yes
Bookkeeper;/home/denni/isw2/bookkeeper/hedwig-client/src/main/java/org/apache/hedwig/client/benchmark/HedwigBenchmark.java/call;4.1.0;28;4;5;0;0;3;14;15;1;2;13;11;24;1;No
Bookkeeper;/home/denni/isw2/bookkeeper/hedwig-client/src/main/java/org/apache/hedwig/client/benchmark/HedwigBenchmark.java/main;4.1.0;31;2;1;0;1;1;22;6;1;1;35;1;36;1;No
Bookkeeper;/home/denni/isw2/bookkeeper/hedwig-client/src/main/java/org/apache/hedwig/client/benchmark/BenchmarkUtils.java/run;4.1.0;9;4;5;0;0;3;1;2;1;0;0;0;0;0;No
Bookkeeper;/home/denni/isw2/bookkeeper/hedwig-client/src/main/java/org/apache/hedwig/client/benchmark/BenchmarkUtils.java/finish;4.1.0;4;1;0;0;1;0;3;0;1;1;1;1;2;1;Yes
Bookkeeper;/home/denni/isw2/bookkeeper/hedwig-client/src/main/java/org/apache/hedwig/client/benchmark/BenchmarkSubscriber.java/call;4.1.0;28;6;6;0;0;2;8;6;1;5;12;9;21;3;Yes
Bookkeeper;/home/denni/isw2/bookkeeper/hedwig-client/src/main/java/org/apache/hedwig/client/benchmark/BenchmarkSubscriber.java/deliver;4.1.0;13;4;3;0;5;1;6;2;1;3;6;5;11;2;Yes
Bookkeeper;/home/denni/isw2/bookkeeper/hedwig-client/src/main/java/org/apache/hedwig/client/benchmark/BenchmarkSubscriber.java/multiSub;4.1.0;12;4;4;0;5;2;7;4;1;4;9;4;13;3;Yes
Bookkeeper;/home/denni/isw2/bookkeeper/hedwig-client/src/main/java/org/apache/hedwig/client/data/PubSubData.java/toString;4.1.0;32;14;14;0;0;2;14;4;1;3;20;3;23;2;Yes
Bookkeeper;/home/denni/isw2/bookkeeper/hedwig-client/src/main/java/org/apache/hedwig/util/PathUtils.java/prefixes;4.1.0;11;3;3;0;1;2;4;3;2;1;3;3;6;1;No
Bookkeeper;/home/denni/isw2/bookkeeper/hedwig-client/src/main/java/org/apache/hedwig/util/PathUtils.java/isPrefix;4.1.0;10;4;4;0;2;2;4;3;1;0;0;0;0;0;No
Bookkeeper;/home/denni/isw2/bookkeeper/hedwig-client/src/main/java/org/apache/hedwig/util/CallbackUtils.java/multiCallback;4.1.0;51;6;7;0;7;3;1;2;2;1;3;3;6;1;No
Bookkeeper;/home/denni/isw2/bookkeeper/hedwig-client/src/main/java/org/apache/hedwig/util/FileUtils.java/deleteDirectory;4.1.0;12;6;6;0;1;2;5;2;1;0;0;0;0;0;No
Bookkeeper;/home/denni/isw2/bookkeeper/hedwig-client/src/main/java/org/apache/hedwig/util/ConcurrencyUtils.java/put;4.1.0;5;2;2;0;2;2;1;0;1;0;0;0;0;0;No
Bookkeeper;/home/denni/isw2/bookkeeper/hedwig-client/src/main/java/org/apache/hedwig/util/ConcurrencyUtils.java/take;4.1.0;5;2;2;0;1;2;1;0;1;0;0;0;0;0;No
Bookkeeper;/home/denni/isw2/bookkeeper/hedwig-client/src/main/java/org/apache/hedwig/util/ConcurrencyUtils.java/await;4.1.0;5;2;2;0;1;2;1;0;1;0;0;0;0;0;No
Bookkeeper;/home/denni/isw2/bookkeeper/bookkeeper-server/src/main/java/org/apache/bookkeeper/zookeeper/ZooKeeperWatcherBase.java/process;4.2.0;16;5;2;0;1;1;3;0;1;1;2;0;2;1;Yes
Bookkeeper;/home/denni/isw2/bookkeeper/bookkeeper-server/src/main/java/org/apache/bookkeeper/tools/BookKeeperTools.java/main;4.2.0;35;5;5;0;1;2;10;6;1;3;7;3;10;2;No
Bookkeeper;/home/denni/isw2/bookkeeper/bookkeeper-server/src/main/java/org/apache/bookkeeper/replication/AuditorElector.java/createMyVote;4.2.0;4;2;1;0;0;1;1;1;1;0;0;0;0;0;Yes
Bookkeeper;/home/denni/isw2/bookkeeper/bookkeeper-server/src/main/java/org/apache/bookkeeper/replication/AuditorElector.java/getVotePath;4.2.0;2;1;0;0;1;0;1;0;1;1;1;0;1;1;Yes
Bookkeeper;/home/denni/isw2/bookkeeper/bookkeeper-server/src/main/java/org/apache/bookkeeper/replication/AuditorElector.java/submitShutdownTask;4.2.0;17;5;6;0;0;3;1;0;1;1;19;0;19;1;Yes
Bookkeeper;/home/denni/isw2/bookkeeper/bookkeeper-server/src/main/java/org/apache/bookkeeper/replication/AuditorElector.java/run;4.2.0;11;5;6;0;0;3;3;0;1;1;15;0;15;1;Yes
Bookkeeper;/home/denni/isw2/bookkeeper/bookkeeper-server/src/main/java/org/apache/bookkeeper/replication/AuditorElector.java/submitElectionTask;4.2.0;39;7;8;0;0;3;2;7;1;2;61;0;61;2;Yes
Bookkeeper;/home/denni/isw2/bookkeeper/bookkeeper-server/src/main/java/org/apache/bookkeeper/replication/AuditorElector.java/run;4.2.0;29;7;8;0;0;3;1;6;1;2;54;0;54;2;Yes
Bookkeeper;/home/denni/isw2/bookkeeper/bookkeeper-server/src/main/java/org/apache/bookkeeper/replication/AuditorElector.java/compare;4.2.0;9;3;2;0;2;0;4;3;1;0;0;0;0;0;No
Bookkeeper;/home/denni/isw2/bookkeeper/bookkeeper-server/src/main/java/org/apache/bookkeeper/replication/ReplicationWorker.java/rereplicate;4.2.0;47;11;12;0;0;3;11;5;1;2;69;17;86;1;Yes
Bookkeeper;/home/denni/isw2/bookkeeper/bookkeeper-server/src/main/java/org/apache/bookkeeper/replication/ReplicationWorker.java/getUnderreplicatedFragments;4.2.0;8;1;0;0;1;0;4;2;2;1;6;0;6;1;Yes
Bookkeeper;/home/denni/isw2/bookkeeper/bookkeeper-server/src/main/java/org/apache/bookkeeper/replication/ReplicationWorker.java/deferLedgerLockRelease;4.2.0;40;9;11;0;1;4;3;5;1;2;52;0;52;2;Yes
Bookkeeper;/home/denni/isw2/bookkeeper/bookkeeper-server/src/main/java/org/apache/bookkeeper/replication/ReplicationWorker.java/isTargetBookieExistsInFragmentEnsemble;4.2.0;6;3;3;0;2;2;3;2;1;0;0;0;0;0;No
Bookkeeper;/home/denni/isw2/bookkeeper/bookkeeper-server/src/main/java/org/apache/bookkeeper/replication/Auditor.java/submitShutdownTask;4.2.0;9;2;1;0;0;1;1;0;1;2;16;1;17;1;Yes
Bookkeeper;/home/denni/isw2/bookkeeper/bookkeeper-server/src/main/java/org/apache/bookkeeper/replication/Auditor.java/run;4.2.0;3;1;0;0;0;0;1;0;1;2;5;1;6;1;Yes
Bookkeeper;/home/denni/isw2/bookkeeper/bookkeeper-server/src/main/java/org/apache/bookkeeper/replication/Auditor.java/submitAuditTask;4.2.0;26;7;7;0;0;2;1;4;1;3;48;0;48;2;Yes
Bookkeeper;/home/denni/isw2/bookkeeper/bookkeeper-server/src/main/java/org/apache/bookkeeper/replication/Auditor.java/run;4.2.0;20;6;6;0;0;2;1;4;1;1;32;0;32;1;Yes
Bookkeeper;/home/denni/isw2/bookkeeper/bookkeeper-server/src/main/java/org/apache/bookkeeper/replication/Auditor.java/start;4.2.0;48;13;14;0;0;3;2;1;1;2;39;0;39;1;Yes
Bookkeeper;/home/denni/isw2/bookkeeper/bookkeeper-server/src/main/java/org/apache/bookkeeper/replication/Auditor.java/run;4.2.0;20;8;8;0;0;2;2;0;1;1;25;0;25;1;Yes
Bookkeeper;/home/denni/isw2/bookkeeper/bookkeeper-server/src/main/java/org/apache/bookkeeper/replication/Auditor.java/run;4.2.0;14;4;4;0;0;2;1;0;1;0;0;0;0;0;No
Bookkeeper;/home/denni/isw2/bookkeeper/bookkeeper-server/src/main/java/org/apache/bookkeeper/replication/Auditor.java/waitIfLedgerReplicationDisabled;4.2.0;5;2;1;0;0;1;2;1;1;0;0;0;0;0;No
Bookkeeper;/home/denni/isw2/bookkeeper/bookkeeper-server/src/main/java/org/apache/bookkeeper/replication/Auditor.java/getAvailableBookies;4.2.0;2;1;0;0;0;0;1;0;2;1;1;0;1;1;Yes
Bookkeeper;/home/denni/isw2/bookkeeper/bookkeeper-server/src/main/java/org/apache/bookkeeper/replication/Auditor.java/auditingBookies;4.2.0;6;2;1;0;1;1;4;3;1;2;6;0;6;2;Yes
Bookkeeper;/home/denni/isw2/bookkeeper/bookkeeper-server/src/main/java/org/apache/bookkeeper/replication/Auditor.java/generateBookie2LedgersIndex;4.2.0;2;1;0;0;0;0;1;0;4;1;3;0;3;1;Yes
Bookkeeper;/home/denni/isw2/bookkeeper/bookkeeper-server/src/main/java/org/apache/bookkeeper/replication/Auditor.java/handleLostBookies;4.2.0;4;2;1;0;2;1;2;1;1;1;1;0;1;1;Yes
Bookkeeper;/home/denni/isw2/bookkeeper/bookkeeper-server/src/main/java/org/apache/bookkeeper/replication/Auditor.java/publishSuspectedLedgers;4.2.0;10;4;5;0;2;3;3;1;1;0;0;0;0;0;No
Bookkeeper;/home/denni/isw2/bookkeeper/bookkeeper-server/src/main/java/org/apache/bookkeeper/replication/Auditor.java/operationComplete;4.2.0;27;12;13;0;2;3;2;3;1;1;37;0;37;1;Yes
Bookkeeper;/home/denni/isw2/bookkeeper/bookkeeper-server/src/main/java/org/apache/bookkeeper/replication/Auditor.java/checkAllLedgers;4.2.0;65;10;13;0;0;5;5;9;1;2;89;0;89;2;Yes
Bookkeeper;/home/denni/isw2/bookkeeper/bookkeeper-server/src/main/java/org/apache/bookkeeper/replication/Auditor.java/process;4.2.0;33;8;10;0;2;4;3;1;1;2;47;0;47;2;Yes
Bookkeeper;/home/denni/isw2/bookkeeper/bookkeeper-server/src/main/java/org/apache/bookkeeper/replication/AutoRecoveryMain.java/process;4.2.0;7;2;1;0;1;1;1;0;1;1;2;0;2;1;Yes
Bookkeeper;/home/denni/isw2/bookkeeper/bookkeeper-server/src/main/java/org/apache/bookkeeper/replication/AutoRecoveryMain.java/shutdown;4.2.0;19;4;4;0;1;2;7;0;1;2;8;3;11;1;Yes
Bookkeeper;/home/denni/isw2/bookkeeper/bookkeeper-server/src/main/java/org/apache/bookkeeper/replication/AutoRecoveryMain.java/run;4.2.0;10;4;5;0;0;3;1;0;1;1;1;0;1;1;Yes
Bookkeeper;/home/denni/isw2/bookkeeper/bookkeeper-server/src/main/java/org/apache/bookkeeper/replication/AutoRecoveryMain.java/loadConfFile;4.2.0;13;3;3;0;2;2;2;0;1;0;0;0;0;0;Yes
Bookkeeper;/home/denni/isw2/bookkeeper/bookkeeper-server/src/main/java/org/apache/bookkeeper/replication/AutoRecoveryMain.java/parseArgs;4.2.0;21;6;7;0;1;3;1;5;1;0;0;0;0;0;Yes
Bookkeeper;/home/denni/isw2/bookkeeper/bookkeeper-server/src/main/java/org/apache/bookkeeper/replication/AutoRecoveryMain.java/main;4.2.0;24;3;3;0;1;2;3;2;1;0;0;0;0;0;Yes
Bookkeeper;/home/denni/isw2/bookkeeper/bookkeeper-server/src/main/java/org/apache/bookkeeper/replication/BookieLedgerIndexer.java/getBookieToLedgerIndex;4.2.0;42;6;7;0;0;3;8;7;4;2;3;6;9;1;No
Bookkeeper;/home/denni/isw2/bookkeeper/bookkeeper-server/src/main/java/org/apache/bookkeeper/replication/BookieLedgerIndexer.java/process;4.2.0;14;4;5;0;2;3;2;3;1;2;3;6;9;1;No
Bookkeeper;/home/denni/isw2/bookkeeper/bookkeeper-server/src/main/java/org/apache/bookkeeper/replication/BookieLedgerIndexer.java/operationComplete;4.2.0;9;4;5;0;2;3;2;2;1;2;3;6;9;1;No
Bookkeeper;/home/denni/isw2/bookkeeper/bookkeeper-server/src/main/java/org/apache/bookkeeper/replication/BookieLedgerIndexer.java/putLedger;4.2.0;8;3;3;0;3;2;3;2;1;0;0;0;0;0;No
Bookkeeper;/home/denni/isw2/bookkeeper/bookkeeper-server/src/main/java/org/apache/bookkeeper/versioning/Version.java/compare;4.2.0;7;3;2;0;1;1;3;0;1;1;9;0;9;1;Yes
Bookkeeper;/home/denni/isw2/bookkeeper/bookkeeper-server/src/main/java/org/apache/bookkeeper/versioning/Version.java/compare;4.2.0;5;2;1;0;1;1;2;0;1;1;6;0;6;1;Yes
Bookkeeper;/home/denni/isw2/bookkeeper/bookkeeper-server/src/main/java/org/apache/bookkeeper/bookie/FileInfo.java/readHeader;4.2.0;27;8;9;0;0;3;1;3;1;9;79;16;95;2;Yes
Bookkeeper;/home/denni/isw2/bookkeeper/bookkeeper-server/src/main/java/org/apache/bookkeeper/bookie/FileInfo.java/checkOpen;4.2.0;23;8;10;0;1;4;4;1;1;3;28;1;29;1;No
Bookkeeper;/home/denni/isw2/bookkeeper/bookkeeper-server/src/main/java/org/apache/bookkeeper/bookie/FileInfo.java/readAbsolute;4.2.0;10;3;3;0;2;2;4;2;1;2;3;0;3;1;No
Bookkeeper;/home/denni/isw2/bookkeeper/bookkeeper-server/src/main/java/org/apache/bookkeeper/bookie/FileInfo.java/moveToNewLocation;4.2.0;36;9;10;0;2;3;11;4;1;1;5;0;5;1;No
Bookkeeper;/home/denni/isw2/bookkeeper/bookkeeper-server/src/main/java/org/apache/bookkeeper/bookie/FileInfo.java/getMasterKey;4.2.0;3;1;0;0;0;0;2;0;2;0;0;0;0;0;No
Bookkeeper;/home/denni/isw2/bookkeeper/bookkeeper-server/src/main/java/org/apache/bookkeeper/bookie/FileInfo.java/checkParents;4.2.0;6;3;2;0;1;1;3;1;1;0;0;0;0;0;No
Bookkeeper;/home/denni/isw2/bookkeeper/bookkeeper-server/src/main/java/org/apache/bookkeeper/bookie/BookieException.java/getMessage;4.2.0;26;9;5;0;1;2;5;2;1;5;36;3;39;4;Yes
Bookkeeper;/home/denni/isw2/bookkeeper/bookkeeper-server/src/main/java/org/apache/bookkeeper/bookie/Bookie.java/writeComplete;4.2.0;4;2;1;0;5;1;1;0;1;3;16;0;16;2;Yes
Bookkeeper;/home/denni/isw2/bookkeeper/bookkeeper-server/src/main/java/org/apache/bookkeeper/bookie/Bookie.java/writeComplete;4.2.0;5;2;1;0;5;1;2;0;1;5;20;8;28;2;Yes
Bookkeeper;/home/denni/isw2/bookkeeper/bookkeeper-server/src/main/java/org/apache/bookkeeper/bookie/Bookie.java/run;4.2.0;39;11;14;0;0;5;1;1;1;20;260;74;334;4;Yes
Bookkeeper;/home/denni/isw2/bookkeeper/bookkeeper-server/src/main/java/org/apache/bookkeeper/bookie/Bookie.java/checkDirectoryStructure;4.2.0;19;5;5;0;1;2;1;5;1;11;42;13;55;3;Yes
Bookkeeper;/home/denni/isw2/bookkeeper/bookkeeper-server/src/main/java/org/apache/bookkeeper/bookie/Bookie.java/accept;4.2.0;4;2;1;0;2;1;2;0;1;2;4;1;5;1;No
Bookkeeper;/home/denni/isw2/bookkeeper/bookkeeper-server/src/main/java/org/apache/bookkeeper/bookie/Bookie.java/checkEnvironment;4.2.0;58;16;18;0;1;4;2;10;1;14;111;13;124;4;Yes
Bookkeeper;/home/denni/isw2/bookkeeper/bookkeeper-server/src/main/java/org/apache/bookkeeper/bookie/Bookie.java/getCurrentDirectories;4.2.0;5;2;1;0;1;1;3;2;2;4;21;0;21;2;Yes
Bookkeeper;/home/denni/isw2/bookkeeper/bookkeeper-server/src/main/java/org/apache/bookkeeper/bookie/Bookie.java/readJournal;4.2.0;37;9;12;0;0;5;1;8;1;9;49;10;59;3;Yes
Bookkeeper;/home/denni/isw2/bookkeeper/bookkeeper-server/src/main/java/org/apache/bookkeeper/bookie/Bookie.java/process;4.2.0;34;9;12;0;3;5;3;8;1;8;46;10;56;3;Yes
Bookkeeper;/home/denni/isw2/bookkeeper/bookkeeper-server/src/main/java/org/apache/bookkeeper/bookie/Bookie.java/start;4.2.0;24;4;4;0;0;2;10;0;1;7;40;5;45;3;Yes
Bookkeeper;/home/denni/isw2/bookkeeper/bookkeeper-server/src/main/java/org/apache/bookkeeper/bookie/Bookie.java/registerJMX;4.2.0;18;3;4;0;1;3;1;0;1;4;38;21;59;2;Yes
Bookkeeper;/home/denni/isw2/bookkeeper/bookkeeper-server/src/main/java/org/apache/bookkeeper/bookie/Bookie.java/unregisterJMX;4.2.0;16;5;5;0;0;2;4;0;1;2;4;10;14;1;Yes
Bookkeeper;/home/denni/isw2/bookkeeper/bookkeeper-server/src/main/java/org/apache/bookkeeper/bookie/Bookie.java/registerBookie;4.2.0;26;7;8;0;1;3;4;3;1;6;45;14;59;3;Yes
Bookkeeper;/home/denni/isw2/bookkeeper/bookkeeper-server/src/main/java/org/apache/bookkeeper/bookie/Bookie.java/newZookeeper;4.2.0;31;2;1;0;2;1;2;1;1;2;18;0;18;2;Yes
Bookkeeper;/home/denni/isw2/bookkeeper/bookkeeper-server/src/main/java/org/apache/bookkeeper/bookie/Bookie.java/process;4.2.0;7;2;1;0;1;1;1;0;1;1;9;0;9;1;Yes
Bookkeeper;/home/denni/isw2/bookkeeper/bookkeeper-server/src/main/java/org/apache/bookkeeper/bookie/Bookie.java/triggerBookieShutdown;4.2.0;11;2;2;0;1;2;3;1;1;4;27;2;29;2;Yes
Bookkeeper;/home/denni/isw2/bookkeeper/bookkeeper-server/src/main/java/org/apache/bookkeeper/bookie/Bookie.java/run;4.2.0;2;1;0;0;0;0;1;0;1;4;7;0;7;2;Yes
Bookkeeper;/home/denni/isw2/bookkeeper/bookkeeper-server/src/main/java/org/apache/bookkeeper/bookie/Bookie.java/addEntry;4.2.0;14;3;3;0;4;2;1;1;1;3;15;8;23;1;Yes
Bookkeeper;/home/denni/isw2/bookkeeper/bookkeeper-server/src/main/java/org/apache/bookkeeper/bookie/Bookie.java/format;4.2.0;41;9;11;0;3;4;7;4;1;0;0;0;0;0;No
Bookkeeper;/home/denni/isw2/bookkeeper/bookkeeper-server/src/main/java/org/apache/bookkeeper/bookie/Bookie.java/cleanDir;4.2.0;11;5;6;0;1;3;2;2;1;0;0;0;0;0;No
Bookkeeper;/home/denni/isw2/bookkeeper/bookkeeper-server/src/main/java/org/apache/bookkeeper/bookie/Bookie.java/safeAddEntry;4.2.0;19;4;4;0;3;2;1;0;1;1;28;0;28;1;Yes
Bookkeeper;/home/denni/isw2/bookkeeper/bookkeeper-server/src/main/java/org/apache/bookkeeper/bookie/Bookie.java/writeComplete;4.2.0;15;4;4;0;5;2;2;0;1;1;22;0;22;1;Yes
Bookkeeper;/home/denni/isw2/bookkeeper/bookkeeper-server/src/main/java/org/apache/bookkeeper/bookie/Bookie.java/main;4.2.0;21;2;1;0;1;1;8;6;1;0;0;0;0;0;No
Bookkeeper;/home/denni/isw2/bookkeeper/bookkeeper-server/src/main/java/org/apache/bookkeeper/bookie/BufferedChannel.java/write;4.2.0;22;5;5;0;1;2;5;2;1;1;3;3;6;1;No
Bookkeeper;/home/denni/isw2/bookkeeper/bookkeeper-server/src/main/java/org/apache/bookkeeper/bookie/BufferedChannel.java/read;4.2.0;46;13;17;0;2;6;4;7;1;2;5;2;7;2;No
Bookkeeper;/home/denni/isw2/bookkeeper/bookkeeper-server/src/main/java/org/apache/bookkeeper/bookie/FileSystemUpgrade.java/accept;4.2.0;6;3;2;0;2;1;3;0;1;1;9;0;9;1;No
Bookkeeper;/home/denni/isw2/bookkeeper/bookkeeper-server/src/main/java/org/apache/bookkeeper/bookie/FileSystemUpgrade.java/detectPreviousVersion;4.2.0;18;5;5;0;1;2;6;3;1;3;10;2;12;3;Yes
Bookkeeper;/home/denni/isw2/bookkeeper/bookkeeper-server/src/main/java/org/apache/bookkeeper/bookie/FileSystemUpgrade.java/newZookeeper;4.2.0;17;5;5;0;1;2;1;2;1;1;24;0;24;1;No
Bookkeeper;/home/denni/isw2/bookkeeper/bookkeeper-server/src/main/java/org/apache/bookkeeper/bookie/FileSystemUpgrade.java/process;4.2.0;4;2;1;0;1;1;1;0;1;1;6;0;6;1;No
Bookkeeper;/home/denni/isw2/bookkeeper/bookkeeper-server/src/main/java/org/apache/bookkeeper/bookie/FileSystemUpgrade.java/upgrade;4.2.0;47;10;12;0;1;4;4;10;1;4;72;2;74;3;No
Bookkeeper;/home/denni/isw2/bookkeeper/bookkeeper-server/src/main/java/org/apache/bookkeeper/bookie/FileSystemUpgrade.java/accept;4.2.0;2;1;0;0;2;0;1;0;1;1;3;0;3;1;No
Bookkeeper;/home/denni/isw2/bookkeeper/bookkeeper-server/src/main/java/org/apache/bookkeeper/bookie/FileSystemUpgrade.java/finalizeUpgrade;4.2.0;22;9;13;0;1;6;3;5;1;3;37;3;40;3;No
Bookkeeper;/home/denni/isw2/bookkeeper/bookkeeper-server/src/main/java/org/apache/bookkeeper/bookie/FileSystemUpgrade.java/rollback;4.2.0;28;6;8;0;1;4;4;5;1;2;22;1;23;2;No
Bookkeeper;/home/denni/isw2/bookkeeper/bookkeeper-server/src/main/java/org/apache/bookkeeper/bookie/FileSystemUpgrade.java/main;4.2.0;42;8;9;0;1;3;18;8;1;2;3;2;5;2;No
Bookkeeper;/home/denni/isw2/bookkeeper/bookkeeper-server/src/main/java/org/apache/bookkeeper/bookie/JournalChannel.java/close;4.2.0;2;1;0;0;0;0;1;0;1;0;0;0;0;0;No
Bookkeeper;/home/denni/isw2/bookkeeper/bookkeeper-server/src/main/java/org/apache/bookkeeper/bookie/InterleavedLedgerStorage.java/getEntry;4.2.0;12;3;2;0;2;1;5;1;1;1;11;11;22;1;No
Bookkeeper;/home/denni/isw2/bookkeeper/bookkeeper-server/src/main/java/org/apache/bookkeeper/bookie/Journal.java/rollLog;4.2.0;20;3;4;0;0;3;7;6;1;4;15;6;21;2;Yes
Bookkeeper;/home/denni/isw2/bookkeeper/bookkeeper-server/src/main/java/org/apache/bookkeeper/bookie/Journal.java/readLog;4.2.0;27;6;8;0;0;4;3;8;1;2;7;0;7;1;Yes
Bookkeeper;/home/denni/isw2/bookkeeper/bookkeeper-server/src/main/java/org/apache/bookkeeper/bookie/Journal.java/accept;4.2.0;6;2;1;0;1;1;1;0;1;0;0;0;0;0;No
Bookkeeper;/home/denni/isw2/bookkeeper/bookkeeper-server/src/main/java/org/apache/bookkeeper/bookie/Journal.java/gcJournals;4.2.0;14;5;7;0;0;4;2;5;1;1;4;0;4;1;No
Bookkeeper;/home/denni/isw2/bookkeeper/bookkeeper-server/src/main/java/org/apache/bookkeeper/bookie/Journal.java/scanJournal;4.2.0;41;7;8;0;3;3;4;6;1;0;0;0;0;0;No
Bookkeeper;/home/denni/isw2/bookkeeper/bookkeeper-server/src/main/java/org/apache/bookkeeper/bookie/Journal.java/replay;4.2.0;25;6;6;0;1;2;5;4;1;2;2;3;5;2;Yes
Bookkeeper;/home/denni/isw2/bookkeeper/bookkeeper-server/src/main/java/org/apache/bookkeeper/bookie/Journal.java/accept;4.2.0;5;2;1;0;1;1;2;0;1;1;1;0;1;1;Yes
Bookkeeper;/home/denni/isw2/bookkeeper/bookkeeper-server/src/main/java/org/apache/bookkeeper/bookie/Journal.java/run;4.2.0;68;12;16;0;0;6;4;8;1;4;11;4;15;2;Yes
Bookkeeper;/home/denni/isw2/bookkeeper/bookkeeper-server/src/main/java/org/apache/bookkeeper/bookie/EntryLogger.java/createNewLog;4.2.0;22;5;6;0;0;3;9;4;1;7;74;79;153;2;Yes
Bookkeeper;/home/denni/isw2/bookkeeper/bookkeeper-server/src/main/java/org/apache/bookkeeper/bookie/EntryLogger.java/removeEntryLog;4.2.0;22;5;6;0;1;3;6;2;1;4;15;5;20;2;No
Bookkeeper;/home/denni/isw2/bookkeeper/bookkeeper-server/src/main/java/org/apache/bookkeeper/bookie/EntryLogger.java/getLastLogId;4.2.0;20;5;6;0;1;3;8;6;1;4;28;2;30;2;No
Bookkeeper;/home/denni/isw2/bookkeeper/bookkeeper-server/src/main/java/org/apache/bookkeeper/bookie/EntryLogger.java/readEntry;4.2.0;35;8;8;0;3;2;22;11;2;10;60;32;92;3;Yes
Bookkeeper;/home/denni/isw2/bookkeeper/bookkeeper-server/src/main/java/org/apache/bookkeeper/bookie/EntryLogger.java/scanEntryLog;4.2.0;47;9;9;0;2;2;6;10;1;5;78;9;87;3;No
Bookkeeper;/home/denni/isw2/bookkeeper/bookkeeper-server/src/main/java/org/apache/bookkeeper/bookie/LedgerCacheImpl.java/putIntoTable;4.2.0;6;2;1;0;2;1;3;1;1;0;0;0;0;0;No
Bookkeeper;/home/denni/isw2/bookkeeper/bookkeeper-server/src/main/java/org/apache/bookkeeper/bookie/LedgerCacheImpl.java/getFromTable;4.2.0;5;2;1;0;3;1;3;1;1;0;0;0;0;0;No
Bookkeeper;/home/denni/isw2/bookkeeper/bookkeeper-server/src/main/java/org/apache/bookkeeper/bookie/LedgerCacheImpl.java/flushLedger;4.2.0;27;11;12;0;1;3;1;5;1;5;38;10;48;2;Yes
Bookkeeper;/home/denni/isw2/bookkeeper/bookkeeper-server/src/main/java/org/apache/bookkeeper/bookie/LedgerCacheImpl.java/flushLedger;4.2.0;68;15;17;0;1;4;6;17;1;5;42;18;60;2;Yes
Bookkeeper;/home/denni/isw2/bookkeeper/bookkeeper-server/src/main/java/org/apache/bookkeeper/bookie/LedgerCacheImpl.java/writeBuffers;4.2.0;18;8;8;0;5;2;7;4;1;0;0;0;0;0;No
Bookkeeper;/home/denni/isw2/bookkeeper/bookkeeper-server/src/main/java/org/apache/bookkeeper/bookie/LedgerCacheImpl.java/grabCleanPage;4.2.0;44;12;13;0;2;3;2;6;1;1;17;3;20;1;No
Bookkeeper;/home/denni/isw2/bookkeeper/bookkeeper-server/src/main/java/org/apache/bookkeeper/bookie/LedgerCacheImpl.java/getLastEntry;4.2.0;38;12;15;0;1;5;5;10;1;5;39;7;46;3;Yes
Bookkeeper;/home/denni/isw2/bookkeeper/bookkeeper-server/src/main/java/org/apache/bookkeeper/bookie/LedgerCacheImpl.java/getActiveLedgers;4.2.0;26;12;19;0;0;9;1;6;1;3;10;6;16;2;Yes
Bookkeeper;/home/denni/isw2/bookkeeper/bookkeeper-server/src/main/java/org/apache/bookkeeper/bookie/BookieBean.java/getQueueLength;4.2.0;3;1;0;0;0;0;1;0;1;1;1;1;2;1;No
Bookkeeper;/home/denni/isw2/bookkeeper/bookkeeper-server/src/main/java/org/apache/bookkeeper/bookie/LedgerDirsManager.java/addToFilledDirs;4.2.0;15;3;3;0;1;2;1;3;1;0;0;0;0;0;Yes
Bookkeeper;/home/denni/isw2/bookkeeper/bookkeeper-server/src/main/java/org/apache/bookkeeper/bookie/LedgerDirsManager.java/run;4.2.0;28;11;15;0;0;6;1;5;1;0;0;0;0;0;Yes
Bookkeeper;/home/denni/isw2/bookkeeper/bookkeeper-server/src/main/java/org/apache/bookkeeper/bookie/GarbageCollectorThread.java/process;4.2.0;23;5;6;0;3;3;4;0;1;5;58;5;63;2;Yes
Bookkeeper;/home/denni/isw2/bookkeeper/bookkeeper-server/src/main/java/org/apache/bookkeeper/bookie/GarbageCollectorThread.java/operationComplete;4.2.0;8;2;1;0;2;1;2;0;1;2;22;0;22;2;Yes
Bookkeeper;/home/denni/isw2/bookkeeper/bookkeeper-server/src/main/java/org/apache/bookkeeper/bookie/GarbageCollectorThread.java/awaitComplete;4.2.0;6;3;2;0;0;1;1;0;1;1;8;0;8;1;Yes
Bookkeeper;/home/denni/isw2/bookkeeper/bookkeeper-server/src/main/java/org/apache/bookkeeper/bookie/GarbageCollectorThread.java/doGcEntryLogs;4.2.0;12;5;6;0;0;3;1;3;1;0;0;0;0;0;No
Bookkeeper;/home/denni/isw2/bookkeeper/bookkeeper-server/src/main/java/org/apache/bookkeeper/bookie/GarbageCollectorThread.java/doCompactEntryLogs;4.2.0;33;6;6;0;1;2;6;5;1;0;0;0;0;0;No
Bookkeeper;/home/denni/isw2/bookkeeper/bookkeeper-server/src/main/java/org/apache/bookkeeper/bookie/GarbageCollectorThread.java/compactEntryLog;4.2.0;26;5;5;0;1;2;5;2;1;2;41;0;41;2;Yes
Bookkeeper;/home/denni/isw2/bookkeeper/bookkeeper-server/src/main/java/org/apache/bookkeeper/bookie/GarbageCollectorThread.java/extractMetaFromEntryLogs;4.2.0;26;6;7;0;1;3;4;4;3;0;0;0;0;0;No
Bookkeeper;/home/denni/isw2/bookkeeper/bookkeeper-server/src/main/java/org/apache/bookkeeper/bookie/GarbageCollectorThread.java/extractMetaFromEntryLog;4.2.0;6;1;0;0;2;0;5;2;1;0;0;0;0;0;No
Bookkeeper;/home/denni/isw2/bookkeeper/bookkeeper-server/src/main/java/org/apache/bookkeeper/bookie/HandleFactoryImpl.java/getHandle;4.2.0;10;2;1;0;2;1;3;1;1;1;1;2;3;1;No
Bookkeeper;/home/denni/isw2/bookkeeper/bookkeeper-server/src/main/java/org/apache/bookkeeper/bookie/HandleFactoryImpl.java/getReadOnlyHandle;4.2.0;9;2;1;0;1;1;3;1;1;1;1;1;2;1;No
Bookkeeper;/home/denni/isw2/bookkeeper/bookkeeper-server/src/main/java/org/apache/bookkeeper/bookie/BookieShell.java/runCmd;4.2.0;1;1;0;0;1;0;0;0;1;0;0;0;0;0;Yes
Bookkeeper;/home/denni/isw2/bookkeeper/bookkeeper-server/src/main/java/org/apache/bookkeeper/bookie/BookieShell.java/runCmd;4.2.0;1;1;0;0;1;0;0;0;1;0;0;0;0;0;Yes
Bookkeeper;/home/denni/isw2/bookkeeper/bookkeeper-server/src/main/java/org/apache/bookkeeper/bookie/BookieShell.java/printUsage;4.2.0;5;1;0;0;0;0;3;1;1;1;5;0;5;1;Yes
Bookkeeper;/home/denni/isw2/bookkeeper/bookkeeper-server/src/main/java/org/apache/bookkeeper/bookie/BookieShell.java/bkRecovery;4.2.0;15;4;4;0;2;2;7;4;1;1;19;0;19;1;Yes
Bookkeeper;/home/denni/isw2/bookkeeper/bookkeeper-server/src/main/java/org/apache/bookkeeper/bookie/BookieShell.java/runCmd;4.2.0;21;5;5;0;1;2;9;3;1;0;0;0;0;0;Yes
Bookkeeper;/home/denni/isw2/bookkeeper/bookkeeper-server/src/main/java/org/apache/bookkeeper/bookie/BookieShell.java/runCmd;4.2.0;24;5;6;0;1;3;8;6;1;0;0;0;0;0;Yes
Bookkeeper;/home/denni/isw2/bookkeeper/bookkeeper-server/src/main/java/org/apache/bookkeeper/bookie/BookieShell.java/runCmd;4.2.0;24;5;6;0;1;3;8;6;1;0;0;0;0;0;Yes
Bookkeeper;/home/denni/isw2/bookkeeper/bookkeeper-server/src/main/java/org/apache/bookkeeper/bookie/BookieShell.java/printUsage;4.2.0;3;1;0;0;0;0;1;0;1;1;1;0;1;1;Yes
Bookkeeper;/home/denni/isw2/bookkeeper/bookkeeper-server/src/main/java/org/apache/bookkeeper/bookie/BookieShell.java/runCmd;4.2.0;13;3;2;0;1;1;6;2;1;2;16;2;18;2;Yes
Bookkeeper;/home/denni/isw2/bookkeeper/bookkeeper-server/src/main/java/org/apache/bookkeeper/bookie/BookieShell.java/printUsage;4.2.0;4;1;0;0;0;0;2;0;1;2;7;0;7;2;Yes
Bookkeeper;/home/denni/isw2/bookkeeper/bookkeeper-server/src/main/java/org/apache/bookkeeper/bookie/BookieShell.java/setConf;4.2.0;9;1;0;0;1;0;7;0;1;0;0;0;0;0;Yes
Bookkeeper;/home/denni/isw2/bookkeeper/bookkeeper-server/src/main/java/org/apache/bookkeeper/bookie/BookieShell.java/printShellUsage;4.2.0;12;1;0;0;0;0;11;0;1;1;4;0;4;1;Yes
Bookkeeper;/home/denni/isw2/bookkeeper/bookkeeper-server/src/main/java/org/apache/bookkeeper/bookie/BookieShell.java/run;4.2.0;14;3;2;0;1;1;7;3;1;1;4;5;9;1;Yes
Bookkeeper;/home/denni/isw2/bookkeeper/bookkeeper-server/src/main/java/org/apache/bookkeeper/bookie/BookieShell.java/main;4.2.0;17;4;4;0;1;2;7;4;1;3;3;2;5;3;Yes
Bookkeeper;/home/denni/isw2/bookkeeper/bookkeeper-server/src/main/java/org/apache/bookkeeper/bookie/BookieShell.java/readLedgerMeta;4.2.0;20;3;2;0;1;1;7;3;1;0;0;0;0;0;No
Bookkeeper;/home/denni/isw2/bookkeeper/bookkeeper-server/src/main/java/org/apache/bookkeeper/bookie/BookieShell.java/readLedgerIndexEntries;4.2.0;37;6;8;0;1;4;9;9;1;0;0;0;0;0;No
Bookkeeper;/home/denni/isw2/bookkeeper/bookkeeper-server/src/main/java/org/apache/bookkeeper/bookie/BookieShell.java/scanEntryLog;4.2.0;18;1;0;0;2;0;2;0;1;0;0;0;0;0;No
Bookkeeper;/home/denni/isw2/bookkeeper/bookkeeper-server/src/main/java/org/apache/bookkeeper/bookie/BookieShell.java/scanJournal;4.2.0;19;2;1;0;2;1;2;1;1;0;0;0;0;0;No
Bookkeeper;/home/denni/isw2/bookkeeper/bookkeeper-server/src/main/java/org/apache/bookkeeper/bookie/BookieShell.java/process;4.2.0;6;2;1;0;3;1;2;0;1;0;0;0;0;0;No
Bookkeeper;/home/denni/isw2/bookkeeper/bookkeeper-server/src/main/java/org/apache/bookkeeper/bookie/BookieShell.java/printLastLogMark;4.2.0;6;1;0;0;0;0;2;1;1;0;0;0;0;0;No
Bookkeeper;/home/denni/isw2/bookkeeper/bookkeeper-server/src/main/java/org/apache/bookkeeper/bookie/BookieShell.java/formatEntry;4.2.0;39;4;4;0;3;2;14;7;1;0;0;0;0;0;No
Bookkeeper;/home/denni/isw2/bookkeeper/bookkeeper-server/src/main/java/org/apache/bookkeeper/bookie/ScanAndCompareGarbageCollector.java/gc;4.2.0;29;9;11;0;1;4;3;9;1;0;0;0;0;0;Yes
Bookkeeper;/home/denni/isw2/bookkeeper/bookkeeper-server/src/main/java/org/apache/bookkeeper/bookie/Cookie.java/verify;4.2.0;12;4;5;0;1;3;2;1;1;1;17;3;20;1;Yes
Bookkeeper;/home/denni/isw2/bookkeeper/bookkeeper-server/src/main/java/org/apache/bookkeeper/bookie/Cookie.java/toString;4.2.0;13;3;2;0;0;1;10;2;1;1;14;0;14;1;Yes
Bookkeeper;/home/denni/isw2/bookkeeper/bookkeeper-server/src/main/java/org/apache/bookkeeper/bookie/Cookie.java/parse;4.2.0;23;6;7;0;1;3;6;4;1;2;30;3;33;1;Yes
Bookkeeper;/home/denni/isw2/bookkeeper/bookkeeper-server/src/main/java/org/apache/bookkeeper/jmx/BKMBeanRegistry.java/tokenize;4.2.0;13;3;3;0;3;2;3;2;1;0;0;0;0;0;No
Bookkeeper;/home/denni/isw2/bookkeeper/bookkeeper-server/src/main/java/org/apache/bookkeeper/jmx/BKMBeanRegistry.java/makeObjectName;4.2.0;19;3;3;0;2;2;7;2;1;1;1;0;1;1;No
Bookkeeper;/home/denni/isw2/bookkeeper/bookkeeper-server/src/main/java/org/apache/bookkeeper/conf/ClientConfiguration.java/getZkServers;4.2.0;10;2;1;0;0;1;3;1;1;3;6;2;8;2;Yes
Bookkeeper;/home/denni/isw2/bookkeeper/bookkeeper-server/src/main/java/org/apache/bookkeeper/conf/ServerConfiguration.java/setLedgerDirNames;4.2.0;12;2;1;0;1;1;3;0;1;0;0;0;0;0;No
Bookkeeper;/home/denni/isw2/bookkeeper/bookkeeper-server/src/main/java/org/apache/bookkeeper/conf/ServerConfiguration.java/getZkServers;4.2.0;10;2;1;0;0;1;3;1;1;1;6;0;6;1;No
Bookkeeper;/home/denni/isw2/bookkeeper/bookkeeper-server/src/main/java/org/apache/bookkeeper/meta/AbstractZkLedgerManager.java/removeLedgerMetadata;4.2.0;34;6;7;0;3;3;3;2;1;2;51;0;51;2;Yes
Bookkeeper;/home/denni/isw2/bookkeeper/bookkeeper-server/src/main/java/org/apache/bookkeeper/meta/AbstractZkLedgerManager.java/processResult;4.2.0;11;3;3;0;3;2;3;1;1;1;12;0;12;1;Yes
Bookkeeper;/home/denni/isw2/bookkeeper/bookkeeper-server/src/main/java/org/apache/bookkeeper/meta/AbstractZkLedgerManager.java/readLedgerMetadata;4.2.0;23;5;5;0;2;2;1;1;1;3;35;4;39;1;Yes
Bookkeeper;/home/denni/isw2/bookkeeper/bookkeeper-server/src/main/java/org/apache/bookkeeper/meta/AbstractZkLedgerManager.java/processResult;4.2.0;19;5;5;0;5;2;5;1;1;3;30;4;34;1;Yes
Bookkeeper;/home/denni/isw2/bookkeeper/bookkeeper-server/src/main/java/org/apache/bookkeeper/meta/AbstractZkLedgerManager.java/writeLedgerMetadata;4.2.0;19;4;4;0;3;2;4;2;1;4;20;3;23;3;Yes
Bookkeeper;/home/denni/isw2/bookkeeper/bookkeeper-server/src/main/java/org/apache/bookkeeper/meta/AbstractZkLedgerManager.java/processResult;4.2.0;10;3;3;0;4;2;1;0;1;1;1;1;2;1;Yes
Bookkeeper;/home/denni/isw2/bookkeeper/bookkeeper-server/src/main/java/org/apache/bookkeeper/meta/AbstractZkLedgerManager.java/asyncProcessLedgersInSingleNode;4.2.0;42;4;3;0;6;1;1;3;1;2;5;1;6;1;Yes
Bookkeeper;/home/denni/isw2/bookkeeper/bookkeeper-server/src/main/java/org/apache/bookkeeper/meta/AbstractZkLedgerManager.java/operationComplete;4.2.0;13;4;3;0;2;1;6;3;1;2;4;1;5;1;Yes
Bookkeeper;/home/denni/isw2/bookkeeper/bookkeeper-server/src/main/java/org/apache/bookkeeper/meta/AbstractZkLedgerManager.java/isSpecialZnode;4.2.0;11;2;1;0;1;1;2;0;1;2;10;3;13;1;Yes
Bookkeeper;/home/denni/isw2/bookkeeper/bookkeeper-server/src/main/java/org/apache/bookkeeper/meta/AbstractZkLedgerManager.java/ledgerListToSet;4.2.0;20;4;5;0;2;3;3;2;2;1;16;0;16;1;Yes
Bookkeeper;/home/denni/isw2/bookkeeper/bookkeeper-server/src/main/java/org/apache/bookkeeper/meta/FlatLedgerManager.java/createLedger;4.2.0;18;3;4;0;2;3;2;2;1;4;11;14;25;3;Yes
Bookkeeper;/home/denni/isw2/bookkeeper/bookkeeper-server/src/main/java/org/apache/bookkeeper/meta/FlatLedgerManager.java/processResult;4.2.0;13;3;4;0;4;3;1;1;1;3;8;12;20;3;Yes
Bookkeeper;/home/denni/isw2/bookkeeper/bookkeeper-server/src/main/java/org/apache/bookkeeper/meta/LedgerLayout.java/parseLayout;4.2.0;29;5;5;0;1;2;4;6;1;3;12;3;15;2;Yes
Bookkeeper;/home/denni/isw2/bookkeeper/bookkeeper-server/src/main/java/org/apache/bookkeeper/meta/ZkVersion.java/compare;4.2.0;18;7;8;0;1;3;5;2;1;1;7;3;10;1;Yes
Bookkeeper;/home/denni/isw2/bookkeeper/bookkeeper-server/src/main/java/org/apache/bookkeeper/meta/LedgerManagerFactory.java/newLedgerManagerFactory;4.2.0;50;13;14;0;2;3;14;6;1;3;61;38;99;2;Yes
Bookkeeper;/home/denni/isw2/bookkeeper/bookkeeper-server/src/main/java/org/apache/bookkeeper/meta/LedgerManagerFactory.java/createNewLMFactory;4.2.0;28;7;9;0;3;4;8;5;1;3;63;0;63;2;Yes
Bookkeeper;/home/denni/isw2/bookkeeper/bookkeeper-server/src/main/java/org/apache/bookkeeper/meta/MSLedgerManagerFactory.java/entries2Ledgers;4.2.0;9;3;4;0;1;3;3;2;2;0;0;0;0;0;No
Bookkeeper;/home/denni/isw2/bookkeeper/bookkeeper-server/src/main/java/org/apache/bookkeeper/meta/MSLedgerManagerFactory.java/close;4.2.0;7;2;2;0;0;2;2;0;1;1;1;0;1;1;Yes
Bookkeeper;/home/denni/isw2/bookkeeper/bookkeeper-server/src/main/java/org/apache/bookkeeper/meta/MSLedgerManagerFactory.java/createLedger;4.2.0;43;6;6;0;2;2;1;3;1;0;0;0;0;0;No
Bookkeeper;/home/denni/isw2/bookkeeper/bookkeeper-server/src/main/java/org/apache/bookkeeper/meta/MSLedgerManagerFactory.java/processResult;4.2.0;39;6;6;0;4;2;7;3;1;0;0;0;0;0;No
Bookkeeper;/home/denni/isw2/bookkeeper/bookkeeper-server/src/main/java/org/apache/bookkeeper/meta/MSLedgerManagerFactory.java/complete;4.2.0;11;3;2;0;3;1;5;0;1;0;0;0;0;0;No
Bookkeeper;/home/denni/isw2/bookkeeper/bookkeeper-server/src/main/java/org/apache/bookkeeper/meta/MSLedgerManagerFactory.java/processResult;4.2.0;6;2;1;0;3;1;1;0;1;0;0;0;0;0;No
Bookkeeper;/home/denni/isw2/bookkeeper/bookkeeper-server/src/main/java/org/apache/bookkeeper/meta/MSLedgerManagerFactory.java/getLedgerIdFromGenPath;4.2.0;8;2;2;0;1;2;3;2;1;0;0;0;0;0;No
Bookkeeper;/home/denni/isw2/bookkeeper/bookkeeper-server/src/main/java/org/apache/bookkeeper/meta/MSLedgerManagerFactory.java/removeLedgerMetadata;4.2.0;16;3;3;0;3;2;2;2;1;1;3;1;4;1;Yes
Bookkeeper;/home/denni/isw2/bookkeeper/bookkeeper-server/src/main/java/org/apache/bookkeeper/meta/MSLedgerManagerFactory.java/complete;4.2.0;11;3;3;0;3;2;3;1;1;0;0;0;0;0;No
Bookkeeper;/home/denni/isw2/bookkeeper/bookkeeper-server/src/main/java/org/apache/bookkeeper/meta/MSLedgerManagerFactory.java/readLedgerMetadata;4.2.0;24;4;4;0;2;2;3;3;1;0;0;0;0;0;No
Bookkeeper;/home/denni/isw2/bookkeeper/bookkeeper-server/src/main/java/org/apache/bookkeeper/meta/MSLedgerManagerFactory.java/complete;4.2.0;18;4;4;0;3;2;5;1;1;0;0;0;0;0;No
Bookkeeper;/home/denni/isw2/bookkeeper/bookkeeper-server/src/main/java/org/apache/bookkeeper/meta/MSLedgerManagerFactory.java/writeLedgerMetadata;4.2.0;24;4;5;0;3;3;5;4;1;0;0;0;0;0;No
Bookkeeper;/home/denni/isw2/bookkeeper/bookkeeper-server/src/main/java/org/apache/bookkeeper/meta/MSLedgerManagerFactory.java/complete;4.2.0;16;4;5;0;3;3;3;1;1;0;0;0;0;0;No
Bookkeeper;/home/denni/isw2/bookkeeper/bookkeeper-server/src/main/java/org/apache/bookkeeper/meta/MSLedgerManagerFactory.java/asyncProcessLedgers;4.2.0;14;3;2;0;5;1;2;1;1;0;0;0;0;0;No
Bookkeeper;/home/denni/isw2/bookkeeper/bookkeeper-server/src/main/java/org/apache/bookkeeper/meta/MSLedgerManagerFactory.java/complete;4.2.0;9;3;2;0;3;1;3;0;1;0;0;0;0;0;No
Bookkeeper;/home/denni/isw2/bookkeeper/bookkeeper-server/src/main/java/org/apache/bookkeeper/meta/MSLedgerManagerFactory.java/doAsyncProcessLedgers;4.2.0;34;7;8;0;6;3;3;6;1;0;0;0;0;0;No
Bookkeeper;/home/denni/isw2/bookkeeper/bookkeeper-server/src/main/java/org/apache/bookkeeper/meta/MSLedgerManagerFactory.java/complete;4.2.0;27;6;7;0;3;3;8;5;1;0;0;0;0;0;No
Bookkeeper;/home/denni/isw2/bookkeeper/bookkeeper-server/src/main/java/org/apache/bookkeeper/meta/MSLedgerManagerFactory.java/processResult;4.2.0;7;2;1;0;3;1;2;0;1;0;0;0;0;0;No
Bookkeeper;/home/denni/isw2/bookkeeper/bookkeeper-server/src/main/java/org/apache/bookkeeper/meta/MSLedgerManagerFactory.java/complete;4.2.0;7;2;1;0;3;1;2;0;1;1;8;0;8;1;Yes
Bookkeeper;/home/denni/isw2/bookkeeper/bookkeeper-server/src/main/java/org/apache/bookkeeper/meta/MSLedgerManagerFactory.java/hasNext;4.2.0;11;3;3;0;0;2;3;0;1;1;9;0;9;1;Yes
Bookkeeper;/home/denni/isw2/bookkeeper/bookkeeper-server/src/main/java/org/apache/bookkeeper/meta/MSLedgerManagerFactory.java/process;4.2.0;41;4;3;0;6;1;5;5;1;0;0;0;0;0;No
Bookkeeper;/home/denni/isw2/bookkeeper/bookkeeper-server/src/main/java/org/apache/bookkeeper/meta/ZkLedgerUnderreplicationManager.java/checkLayout;4.2.0;32;12;14;0;0;4;4;4;1;1;2;2;4;1;Yes
Bookkeeper;/home/denni/isw2/bookkeeper/bookkeeper-server/src/main/java/org/apache/bookkeeper/meta/ZkLedgerUnderreplicationManager.java/getLedgerId;4.2.0;6;2;1;0;1;1;2;1;1;0;0;0;0;0;Yes
Bookkeeper;/home/denni/isw2/bookkeeper/bookkeeper-server/src/main/java/org/apache/bookkeeper/meta/ZkLedgerUnderreplicationManager.java/markLedgerUnderreplicated;4.2.0;35;10;14;0;2;6;2;5;1;2;6;7;13;1;Yes
Bookkeeper;/home/denni/isw2/bookkeeper/bookkeeper-server/src/main/java/org/apache/bookkeeper/meta/ZkLedgerUnderreplicationManager.java/markLedgerReplicated;4.2.0;26;9;12;0;1;5;2;6;1;1;18;0;18;1;Yes
Bookkeeper;/home/denni/isw2/bookkeeper/bookkeeper-server/src/main/java/org/apache/bookkeeper/meta/ZkLedgerUnderreplicationManager.java/getLedgerToRereplicateFromHierarchy;4.2.0;43;11;13;0;3;4;6;9;1;4;30;4;34;1;Yes
Bookkeeper;/home/denni/isw2/bookkeeper/bookkeeper-server/src/main/java/org/apache/bookkeeper/meta/ZkLedgerUnderreplicationManager.java/getLedgerToRereplicate;4.2.0;21;6;7;0;0;3;2;3;1;1;30;1;31;1;Yes
Bookkeeper;/home/denni/isw2/bookkeeper/bookkeeper-server/src/main/java/org/apache/bookkeeper/meta/ZkLedgerUnderreplicationManager.java/process;4.2.0;3;2;1;0;1;1;1;0;1;1;8;0;8;1;Yes
Bookkeeper;/home/denni/isw2/bookkeeper/bookkeeper-server/src/main/java/org/apache/bookkeeper/meta/ZkLedgerUnderreplicationManager.java/isLedgerReplicationEnabled;4.2.0;13;4;4;0;0;2;2;0;1;1;2;1;3;1;No
Bookkeeper;/home/denni/isw2/bookkeeper/bookkeeper-server/src/main/java/org/apache/bookkeeper/meta/ZkLedgerUnderreplicationManager.java/notifyLedgerReplicationEnabled;4.2.0;18;5;5;0;1;2;3;1;1;0;0;0;0;0;No
Bookkeeper;/home/denni/isw2/bookkeeper/bookkeeper-server/src/main/java/org/apache/bookkeeper/meta/ZkLedgerUnderreplicationManager.java/process;4.2.0;3;2;1;0;1;1;1;0;1;0;0;0;0;0;No
Bookkeeper;/home/denni/isw2/bookkeeper/bookkeeper-server/src/main/java/org/apache/bookkeeper/meta/HierarchicalLedgerManager.java/close;4.2.0;7;2;2;0;0;2;2;0;1;1;1;1;2;1;No
Bookkeeper;/home/denni/isw2/bookkeeper/bookkeeper-server/src/main/java/org/apache/bookkeeper/meta/HierarchicalLedgerManager.java/createLedger;4.2.0;45;5;5;0;2;2;1;4;1;4;13;17;30;2;Yes
Bookkeeper;/home/denni/isw2/bookkeeper/bookkeeper-server/src/main/java/org/apache/bookkeeper/meta/HierarchicalLedgerManager.java/processResult;4.2.0;41;5;5;0;4;2;8;4;1;4;12;6;18;2;Yes
Bookkeeper;/home/denni/isw2/bookkeeper/bookkeeper-server/src/main/java/org/apache/bookkeeper/meta/HierarchicalLedgerManager.java/processResult;4.2.0;8;2;1;0;4;1;1;0;1;1;1;1;2;1;No
Bookkeeper;/home/denni/isw2/bookkeeper/bookkeeper-server/src/main/java/org/apache/bookkeeper/meta/HierarchicalLedgerManager.java/run;4.2.0;10;2;1;0;0;1;1;0;1;1;5;0;5;1;Yes
Bookkeeper;/home/denni/isw2/bookkeeper/bookkeeper-server/src/main/java/org/apache/bookkeeper/meta/HierarchicalLedgerManager.java/processResult;4.2.0;6;2;1;0;3;1;1;0;1;1;4;0;4;1;Yes
Bookkeeper;/home/denni/isw2/bookkeeper/bookkeeper-server/src/main/java/org/apache/bookkeeper/meta/HierarchicalLedgerManager.java/getLedgerIdFromGenPath;4.2.0;8;2;2;0;1;2;3;2;1;2;4;2;6;2;Yes
Bookkeeper;/home/denni/isw2/bookkeeper/bookkeeper-server/src/main/java/org/apache/bookkeeper/meta/HierarchicalLedgerManager.java/getStartLedgerIdByLevel;4.2.0;11;1;0;0;2;0;1;0;1;0;0;0;0;0;No
Bookkeeper;/home/denni/isw2/bookkeeper/bookkeeper-server/src/main/java/org/apache/bookkeeper/meta/HierarchicalLedgerManager.java/getEndLedgerIdByLevel;4.2.0;11;1;0;0;2;0;1;0;1;0;0;0;0;0;No
Bookkeeper;/home/denni/isw2/bookkeeper/bookkeeper-server/src/main/java/org/apache/bookkeeper/meta/HierarchicalLedgerManager.java/asyncProcessLevelNodes;4.2.0;22;3;2;0;6;1;1;1;1;0;0;0;0;0;No
Bookkeeper;/home/denni/isw2/bookkeeper/bookkeeper-server/src/main/java/org/apache/bookkeeper/meta/HierarchicalLedgerManager.java/processResult;4.2.0;16;3;2;0;3;1;2;1;1;0;0;0;0;0;No
Bookkeeper;/home/denni/isw2/bookkeeper/bookkeeper-server/src/main/java/org/apache/bookkeeper/meta/HierarchicalLedgerManager.java/processResult;4.2.0;8;2;1;0;4;1;3;1;1;0;0;0;0;0;No
Bookkeeper;/home/denni/isw2/bookkeeper/bookkeeper-server/src/main/java/org/apache/bookkeeper/meta/HierarchicalLedgerManager.java/process;4.2.0;42;4;3;0;6;1;6;7;1;2;4;11;15;1;Yes
Bookkeeper;/home/denni/isw2/bookkeeper/bookkeeper-server/src/main/java/org/apache/bookkeeper/meta/HierarchicalLedgerManager.java/hasNext;4.2.0;11;4;5;0;0;3;2;0;1;3;16;2;18;1;Yes
Bookkeeper;/home/denni/isw2/bookkeeper/bookkeeper-server/src/main/java/org/apache/bookkeeper/meta/HierarchicalLedgerManager.java/getLedgerRangeByLevel;4.2.0;22;3;3;0;2;2;8;4;1;1;19;0;19;1;Yes
Bookkeeper;/home/denni/isw2/bookkeeper/bookkeeper-server/src/main/java/org/apache/bookkeeper/client/LedgerFragmentReplicator.java/replicateFragmentInternal;4.2.0;33;6;5;0;4;1;10;7;1;2;15;19;34;1;Yes
Bookkeeper;/home/denni/isw2/bookkeeper/bookkeeper-server/src/main/java/org/apache/bookkeeper/client/LedgerFragmentReplicator.java/replicate;4.2.0;24;1;0;0;4;0;3;1;1;1;10;0;10;1;Yes
Bookkeeper;/home/denni/isw2/bookkeeper/bookkeeper-server/src/main/java/org/apache/bookkeeper/client/LedgerFragmentReplicator.java/replicateNextBatch;4.2.0;19;4;5;0;4;3;1;0;1;1;29;0;29;1;Yes
Bookkeeper;/home/denni/isw2/bookkeeper/bookkeeper-server/src/main/java/org/apache/bookkeeper/client/LedgerFragmentReplicator.java/processResult;4.2.0;6;2;1;0;3;1;1;0;1;1;10;0;10;1;Yes
Bookkeeper;/home/denni/isw2/bookkeeper/bookkeeper-server/src/main/java/org/apache/bookkeeper/client/LedgerFragmentReplicator.java/splitIntoSubFragments;4.2.0;26;5;4;0;3;1;12;8;2;1;37;0;37;1;Yes
Bookkeeper;/home/denni/isw2/bookkeeper/bookkeeper-server/src/main/java/org/apache/bookkeeper/client/LedgerFragmentReplicator.java/recoverLedgerFragmentEntry;4.2.0;51;4;4;0;4;2;1;3;1;1;3;2;5;1;Yes
Bookkeeper;/home/denni/isw2/bookkeeper/bookkeeper-server/src/main/java/org/apache/bookkeeper/client/LedgerFragmentReplicator.java/readComplete;4.2.0;27;4;4;0;4;2;5;3;1;1;3;2;5;1;Yes
Bookkeeper;/home/denni/isw2/bookkeeper/bookkeeper-server/src/main/java/org/apache/bookkeeper/client/LedgerFragmentReplicator.java/writeComplete;4.2.0;12;3;3;0;5;2;2;0;1;0;0;0;0;0;Yes
Bookkeeper;/home/denni/isw2/bookkeeper/bookkeeper-server/src/main/java/org/apache/bookkeeper/client/LedgerFragmentReplicator.java/processResult;4.2.0;7;2;1;0;3;1;2;0;1;1;2;0;2;1;Yes
Bookkeeper;/home/denni/isw2/bookkeeper/bookkeeper-server/src/main/java/org/apache/bookkeeper/client/LedgerFragmentReplicator.java/updateEnsembleInfo;4.2.0;13;1;0;0;5;0;5;2;1;1;15;0;15;1;Yes
Bookkeeper;/home/denni/isw2/bookkeeper/bookkeeper-server/src/main/java/org/apache/bookkeeper/client/LedgerFragmentReplicator.java/operationComplete;4.2.0;24;4;4;0;2;2;2;0;1;1;43;0;43;1;Yes
Bookkeeper;/home/denni/isw2/bookkeeper/bookkeeper-server/src/main/java/org/apache/bookkeeper/client/LedgerFragmentReplicator.java/safeOperationComplete;4.2.0;8;2;1;0;2;1;1;0;1;1;15;0;15;1;Yes
Bookkeeper;/home/denni/isw2/bookkeeper/bookkeeper-server/src/main/java/org/apache/bookkeeper/client/BKException.java/create;4.2.0;53;24;1;0;1;1;1;0;1;7;14;0;14;1;Yes
Bookkeeper;/home/denni/isw2/bookkeeper/bookkeeper-server/src/main/java/org/apache/bookkeeper/client/BKException.java/getMessage;4.2.0;50;25;1;0;1;1;1;0;1;7;14;0;14;1;Yes
Bookkeeper;/home/denni/isw2/bookkeeper/bookkeeper-server/src/main/java/org/apache/bookkeeper/client/BookieWatcher.java/processResult;4.2.0;15;3;2;0;4;1;6;2;1;5;30;6;36;3;Yes
Bookkeeper;/home/denni/isw2/bookkeeper/bookkeeper-server/src/main/java/org/apache/bookkeeper/client/BookieWatcher.java/convertToBookieAddresses;4.2.0;11;3;4;0;1;3;3;3;2;1;2;0;2;1;Yes
Bookkeeper;/home/denni/isw2/bookkeeper/bookkeeper-server/src/main/java/org/apache/bookkeeper/client/BookieWatcher.java/readBookiesBlocking;4.2.0;20;3;3;0;0;2;5;2;1;1;3;0;3;1;Yes
Bookkeeper;/home/denni/isw2/bookkeeper/bookkeeper-server/src/main/java/org/apache/bookkeeper/client/BookieWatcher.java/processResult;4.2.0;7;2;2;0;4;2;1;0;1;0;0;0;0;0;No
Bookkeeper;/home/denni/isw2/bookkeeper/bookkeeper-server/src/main/java/org/apache/bookkeeper/client/BookieWatcher.java/getNewBookies;4.2.0;8;1;0;0;1;0;1;0;2;0;0;0;0;0;No
Bookkeeper;/home/denni/isw2/bookkeeper/bookkeeper-server/src/main/java/org/apache/bookkeeper/client/BookieWatcher.java/getAdditionalBookies;4.2.0;23;5;5;0;2;2;7;3;2;0;0;0;0;0;No
Bookkeeper;/home/denni/isw2/bookkeeper/bookkeeper-server/src/main/java/org/apache/bookkeeper/client/BookieWatcher.java/readROBookiesBlocking;4.2.0;14;3;3;0;0;2;4;2;1;1;19;0;19;1;Yes
Bookkeeper;/home/denni/isw2/bookkeeper/bookkeeper-server/src/main/java/org/apache/bookkeeper/client/BookieWatcher.java/processResult;4.2.0;7;2;2;0;4;2;1;0;1;1;8;0;8;1;Yes
Bookkeeper;/home/denni/isw2/bookkeeper/bookkeeper-server/src/main/java/org/apache/bookkeeper/client/BookieWatcher.java/processResult;4.2.0;7;2;1;0;4;1;3;1;1;1;9;0;9;1;Yes
Bookkeeper;/home/denni/isw2/bookkeeper/bookkeeper-server/src/main/java/org/apache/bookkeeper/client/BookieWatcher.java/getReadOnlyBookies;4.2.0;2;1;0;0;0;0;1;0;2;1;2;0;2;1;Yes
Bookkeeper;/home/denni/isw2/bookkeeper/bookkeeper-server/src/main/java/org/apache/bookkeeper/client/PendingAddOp.java/setEntryId;4.2.0;3;1;0;0;1;0;2;0;1;4;5;2;7;2;Yes
Bookkeeper;/home/denni/isw2/bookkeeper/bookkeeper-server/src/main/java/org/apache/bookkeeper/client/PendingAddOp.java/sendWriteRequest;4.2.0;3;2;1;0;1;0;2;1;1;2;2;1;3;2;Yes
Bookkeeper;/home/denni/isw2/bookkeeper/bookkeeper-server/src/main/java/org/apache/bookkeeper/client/PendingAddOp.java/unsetSuccessAndSendWriteRequest;4.2.0;11;4;3;0;1;1;6;0;1;4;27;25;52;3;Yes
Bookkeeper;/home/denni/isw2/bookkeeper/bookkeeper-server/src/main/java/org/apache/bookkeeper/client/PendingAddOp.java/writeComplete;4.2.0;25;7;3;0;5;1;4;1;1;5;26;11;37;2;Yes
Bookkeeper;/home/denni/isw2/bookkeeper/bookkeeper-server/src/main/java/org/apache/bookkeeper/client/LedgerChecker.java/readEntryComplete;4.2.0;6;4;4;0;5;2;1;0;1;0;0;0;0;0;Yes
Bookkeeper;/home/denni/isw2/bookkeeper/bookkeeper-server/src/main/java/org/apache/bookkeeper/client/LedgerChecker.java/verifyLedgerFragment;4.2.0;15;4;4;0;2;2;4;4;1;0;0;0;0;0;Yes
Bookkeeper;/home/denni/isw2/bookkeeper/bookkeeper-server/src/main/java/org/apache/bookkeeper/client/LedgerChecker.java/readEntryComplete;4.2.0;5;3;2;0;5;1;2;0;1;0;0;0;0;0;Yes
Bookkeeper;/home/denni/isw2/bookkeeper/bookkeeper-server/src/main/java/org/apache/bookkeeper/client/LedgerChecker.java/operationComplete;4.2.0;5;3;2;0;2;1;2;0;1;0;0;0;0;0;Yes
Bookkeeper;/home/denni/isw2/bookkeeper/bookkeeper-server/src/main/java/org/apache/bookkeeper/client/LedgerChecker.java/checkLedger;4.2.0;50;10;11;0;2;3;6;12;1;3;11;11;22;1;Yes
Bookkeeper;/home/denni/isw2/bookkeeper/bookkeeper-server/src/main/java/org/apache/bookkeeper/client/LedgerChecker.java/checkFragments;4.2.0;12;4;5;0;2;3;3;2;1;0;0;0;0;0;Yes
Bookkeeper;/home/denni/isw2/bookkeeper/bookkeeper-server/src/main/java/org/apache/bookkeeper/client/LedgerCreateOp.java/initiate;4.2.0;19;2;2;0;0;2;4;1;1;6;33;12;45;2;Yes
Bookkeeper;/home/denni/isw2/bookkeeper/bookkeeper-server/src/main/java/org/apache/bookkeeper/client/LedgerCreateOp.java/operationComplete;4.2.0;19;4;4;0;2;2;3;0;1;2;1;32;33;1;Yes
Bookkeeper;/home/denni/isw2/bookkeeper/bookkeeper-server/src/main/java/org/apache/bookkeeper/client/BookKeeperAdmin.java/openLedger;4.2.0;20;2;1;0;1;1;6;1;1;3;18;6;24;2;Yes
Bookkeeper;/home/denni/isw2/bookkeeper/bookkeeper-server/src/main/java/org/apache/bookkeeper/client/BookKeeperAdmin.java/openLedgerNoRecovery;4.2.0;20;2;1;0;1;1;6;1;1;2;16;1;17;2;Yes
Bookkeeper;/home/denni/isw2/bookkeeper/bookkeeper-server/src/main/java/org/apache/bookkeeper/client/BookKeeperAdmin.java/recoverBookieData;4.2.0;35;3;2;0;2;1;4;2;1;0;0;0;0;0;No
Bookkeeper;/home/denni/isw2/bookkeeper/bookkeeper-server/src/main/java/org/apache/bookkeeper/client/BookKeeperAdmin.java/recoverComplete;4.2.0;8;1;0;0;2;0;3;1;1;0;0;0;0;0;No
Bookkeeper;/home/denni/isw2/bookkeeper/bookkeeper-server/src/main/java/org/apache/bookkeeper/client/BookKeeperAdmin.java/asyncRecoverBookieData;4.2.0;33;2;1;0;4;1;1;0;1;1;1;1;2;1;No
Bookkeeper;/home/denni/isw2/bookkeeper/bookkeeper-server/src/main/java/org/apache/bookkeeper/client/BookKeeperAdmin.java/processResult;4.2.0;7;2;1;0;3;1;2;0;1;1;1;1;2;1;No
Bookkeeper;/home/denni/isw2/bookkeeper/bookkeeper-server/src/main/java/org/apache/bookkeeper/client/BookKeeperAdmin.java/getAvailableBookies;4.2.0;43;6;7;0;4;3;2;3;1;3;29;2;31;2;Yes
Bookkeeper;/home/denni/isw2/bookkeeper/bookkeeper-server/src/main/java/org/apache/bookkeeper/client/BookKeeperAdmin.java/processResult;4.2.0;16;5;5;0;4;2;3;2;1;3;23;2;25;2;Yes
Bookkeeper;/home/denni/isw2/bookkeeper/bookkeeper-server/src/main/java/org/apache/bookkeeper/client/BookKeeperAdmin.java/getActiveLedgers;4.2.0;37;1;0;0;5;0;3;2;1;4;25;11;36;3;No
Bookkeeper;/home/denni/isw2/bookkeeper/bookkeeper-server/src/main/java/org/apache/bookkeeper/client/BookKeeperAdmin.java/getNewBookie;4.2.0;11;2;1;0;2;1;5;1;1;2;11;0;11;1;No
Bookkeeper;/home/denni/isw2/bookkeeper/bookkeeper-server/src/main/java/org/apache/bookkeeper/client/BookKeeperAdmin.java/recoverLedger;4.2.0;116;18;21;0;4;5;2;16;1;6;107;139;246;3;Yes
Bookkeeper;/home/denni/isw2/bookkeeper/bookkeeper-server/src/main/java/org/apache/bookkeeper/client/BookKeeperAdmin.java/openComplete;4.2.0;94;18;21;0;3;5;11;16;1;6;100;133;233;3;Yes
Bookkeeper;/home/denni/isw2/bookkeeper/bookkeeper-server/src/main/java/org/apache/bookkeeper/client/BookKeeperAdmin.java/openComplete;4.2.0;7;2;1;0;3;1;2;0;1;0;0;0;0;0;No
Bookkeeper;/home/denni/isw2/bookkeeper/bookkeeper-server/src/main/java/org/apache/bookkeeper/client/BookKeeperAdmin.java/asyncRecoverLedgerFragment;4.2.0;18;1;0;0;4;0;1;0;1;0;0;0;0;0;No
Bookkeeper;/home/denni/isw2/bookkeeper/bookkeeper-server/src/main/java/org/apache/bookkeeper/client/BookKeeperAdmin.java/replicateLedgerFragment;4.2.0;19;2;1;0;3;1;7;3;1;3;9;8;17;1;Yes
Bookkeeper;/home/denni/isw2/bookkeeper/bookkeeper-server/src/main/java/org/apache/bookkeeper/client/BookKeeperAdmin.java/format;4.2.0;53;11;13;0;3;4;5;7;1;8;192;18;210;4;Yes
Bookkeeper;/home/denni/isw2/bookkeeper/bookkeeper-server/src/main/java/org/apache/bookkeeper/client/RoundRobinDistributionSchedule.java/getAckSet;4.2.0;10;1;0;0;0;0;2;1;1;2;19;4;23;1;Yes
Bookkeeper;/home/denni/isw2/bookkeeper/bookkeeper-server/src/main/java/org/apache/bookkeeper/client/BookKeeper.java/createLedger;4.2.0;29;2;1;0;5;1;6;1;1;6;59;1;60;2;Yes
Bookkeeper;/home/denni/isw2/bookkeeper/bookkeeper-server/src/main/java/org/apache/bookkeeper/client/BookKeeper.java/openLedger;4.2.0;28;2;1;0;3;1;6;1;1;4;19;3;22;3;No
Bookkeeper;/home/denni/isw2/bookkeeper/bookkeeper-server/src/main/java/org/apache/bookkeeper/client/BookKeeper.java/openLedgerNoRecovery;4.2.0;28;2;1;0;3;1;6;1;1;2;16;2;18;2;Yes
Bookkeeper;/home/denni/isw2/bookkeeper/bookkeeper-server/src/main/java/org/apache/bookkeeper/client/BookKeeper.java/deleteLedger;4.2.0;18;2;1;0;1;1;5;1;1;2;1;2;3;1;Yes
Bookkeeper;/home/denni/isw2/bookkeeper/bookkeeper-server/src/main/java/org/apache/bookkeeper/client/LedgerHandle.java/writeLedgerConfig;4.2.0;3;1;0;0;1;0;2;0;1;3;7;3;10;2;No
Bookkeeper;/home/denni/isw2/bookkeeper/bookkeeper-server/src/main/java/org/apache/bookkeeper/client/LedgerHandle.java/close;4.2.0;11;2;1;0;0;1;5;1;1;5;18;7;25;3;Yes
Bookkeeper;/home/denni/isw2/bookkeeper/bookkeeper-server/src/main/java/org/apache/bookkeeper/client/LedgerHandle.java/asyncCloseInternal;4.2.0;62;7;8;0;3;3;1;3;1;11;169;114;283;3;Yes
Bookkeeper;/home/denni/isw2/bookkeeper/bookkeeper-server/src/main/java/org/apache/bookkeeper/client/LedgerHandle.java/safeRun;4.2.0;50;7;8;0;0;3;8;3;1;11;162;110;272;3;Yes
Bookkeeper;/home/denni/isw2/bookkeeper/bookkeeper-server/src/main/java/org/apache/bookkeeper/client/LedgerHandle.java/safeOperationComplete;4.2.0;30;6;7;0;2;3;1;0;1;6;95;45;140;3;Yes
Bookkeeper;/home/denni/isw2/bookkeeper/bookkeeper-server/src/main/java/org/apache/bookkeeper/client/LedgerHandle.java/safeOperationComplete;4.2.0;20;4;4;0;2;2;1;0;1;6;71;30;101;3;Yes
Bookkeeper;/home/denni/isw2/bookkeeper/bookkeeper-server/src/main/java/org/apache/bookkeeper/client/LedgerHandle.java/readEntries;4.2.0;16;2;1;0;2;1;6;1;2;3;16;4;20;2;No
Bookkeeper;/home/denni/isw2/bookkeeper/bookkeeper-server/src/main/java/org/apache/bookkeeper/client/LedgerHandle.java/addEntry;4.2.0;21;2;1;0;3;1;8;2;1;6;67;22;89;2;Yes
Bookkeeper;/home/denni/isw2/bookkeeper/bookkeeper-server/src/main/java/org/apache/bookkeeper/client/LedgerHandle.java/doAsyncAddEntry;4.2.0;24;4;4;0;6;2;6;3;1;6;64;14;78;2;No
Bookkeeper;/home/denni/isw2/bookkeeper/bookkeeper-server/src/main/java/org/apache/bookkeeper/client/LedgerHandle.java/asyncReadLastConfirmed;4.2.0;26;2;1;0;2;1;2;1;1;2;25;0;25;1;No
Bookkeeper;/home/denni/isw2/bookkeeper/bookkeeper-server/src/main/java/org/apache/bookkeeper/client/LedgerHandle.java/readLastConfirmedDataComplete;4.2.0;8;2;1;0;2;1;1;0;1;2;16;0;16;1;No
Bookkeeper;/home/denni/isw2/bookkeeper/bookkeeper-server/src/main/java/org/apache/bookkeeper/client/LedgerHandle.java/readLastConfirmed;4.2.0;25;3;2;0;0;1;5;1;1;5;29;1;30;2;No
Bookkeeper;/home/denni/isw2/bookkeeper/bookkeeper-server/src/main/java/org/apache/bookkeeper/client/LedgerHandle.java/sendAddSuccessCallbacks;4.2.0;8;3;3;0;0;2;2;1;1;4;36;2;38;2;Yes
Bookkeeper;/home/denni/isw2/bookkeeper/bookkeeper-server/src/main/java/org/apache/bookkeeper/client/LedgerHandle.java/replaceBookieInMetadata;4.2.0;13;2;1;0;2;1;6;3;2;7;68;65;133;3;Yes
Bookkeeper;/home/denni/isw2/bookkeeper/bookkeeper-server/src/main/java/org/apache/bookkeeper/client/LedgerHandle.java/handleBookieFailure;4.2.0;15;3;3;0;2;2;2;2;1;6;83;19;102;2;Yes
Bookkeeper;/home/denni/isw2/bookkeeper/bookkeeper-server/src/main/java/org/apache/bookkeeper/client/LedgerHandle.java/safeOperationComplete;4.2.0;11;3;3;0;2;2;3;0;1;6;50;5;55;2;Yes
Bookkeeper;/home/denni/isw2/bookkeeper/bookkeeper-server/src/main/java/org/apache/bookkeeper/client/LedgerHandle.java/safeOperationComplete;4.2.0;9;3;3;0;2;2;1;0;1;5;33;3;36;3;Yes
Bookkeeper;/home/denni/isw2/bookkeeper/bookkeeper-server/src/main/java/org/apache/bookkeeper/client/LedgerHandle.java/resolveConflict;4.2.0;23;4;4;0;1;2;4;0;1;3;34;2;36;2;Yes
Bookkeeper;/home/denni/isw2/bookkeeper/bookkeeper-server/src/main/java/org/apache/bookkeeper/client/LedgerHandle.java/recover;4.2.0;29;6;6;0;1;2;4;0;1;2;7;5;12;1;Yes
Bookkeeper;/home/denni/isw2/bookkeeper/bookkeeper-server/src/main/java/org/apache/bookkeeper/client/LedgerHandle.java/safeOperationComplete;4.2.0;17;4;4;0;2;2;1;0;1;1;5;4;9;1;Yes
Bookkeeper;/home/denni/isw2/bookkeeper/bookkeeper-server/src/main/java/org/apache/bookkeeper/client/LedgerHandle.java/safeOperationComplete;4.2.0;7;2;1;0;2;1;1;0;1;1;4;2;6;1;Yes
Bookkeeper;/home/denni/isw2/bookkeeper/bookkeeper-server/src/main/java/org/apache/bookkeeper/client/LedgerHandle.java/closeComplete;4.2.0;4;2;1;0;3;1;1;0;1;0;0;0;0;0;No
Bookkeeper;/home/denni/isw2/bookkeeper/bookkeeper-server/src/main/java/org/apache/bookkeeper/client/LedgerOpenOp.java/operationComplete;4.2.0;61;13;14;0;2;3;7;2;1;9;91;43;134;3;Yes
Bookkeeper;/home/denni/isw2/bookkeeper/bookkeeper-server/src/main/java/org/apache/bookkeeper/client/LedgerOpenOp.java/safeOperationComplete;4.2.0;8;3;3;0;2;2;1;0;1;1;1;0;1;1;Yes
Bookkeeper;/home/denni/isw2/bookkeeper/bookkeeper-server/src/main/java/org/apache/bookkeeper/client/LedgerOpenOp.java/readLastConfirmedComplete;4.2.0;7;2;1;0;3;1;1;0;1;0;0;0;0;0;No
Bookkeeper;/home/denni/isw2/bookkeeper/bookkeeper-server/src/main/java/org/apache/bookkeeper/client/DigestManager.java/verifyDigest;4.2.0;22;6;6;0;3;2;12;6;1;2;11;4;15;2;No
Bookkeeper;/home/denni/isw2/bookkeeper/bookkeeper-server/src/main/java/org/apache/bookkeeper/client/LedgerRecoveryOp.java/initiate;4.2.0;18;3;3;0;0;2;2;1;1;5;38;28;66;2;Yes
Bookkeeper;/home/denni/isw2/bookkeeper/bookkeeper-server/src/main/java/org/apache/bookkeeper/client/LedgerRecoveryOp.java/readLastConfirmedDataComplete;4.2.0;9;3;3;0;2;2;1;0;1;5;18;1;19;2;Yes
Bookkeeper;/home/denni/isw2/bookkeeper/bookkeeper-server/src/main/java/org/apache/bookkeeper/client/LedgerRecoveryOp.java/doRecoveryRead;4.2.0;6;1;0;0;0;0;2;0;1;0;0;0;0;0;No
Bookkeeper;/home/denni/isw2/bookkeeper/bookkeeper-server/src/main/java/org/apache/bookkeeper/client/LedgerRecoveryOp.java/readComplete;4.2.0;30;4;4;0;4;2;6;2;1;6;15;8;23;3;Yes
Bookkeeper;/home/denni/isw2/bookkeeper/bookkeeper-server/src/main/java/org/apache/bookkeeper/client/LedgerRecoveryOp.java/closeComplete;4.2.0;8;2;1;0;3;1;1;0;1;2;3;1;4;2;Yes
Bookkeeper;/home/denni/isw2/bookkeeper/bookkeeper-server/src/main/java/org/apache/bookkeeper/client/LedgerRecoveryOp.java/addComplete;4.2.0;7;2;1;0;4;1;2;0;1;4;6;9;15;3;No
Bookkeeper;/home/denni/isw2/bookkeeper/bookkeeper-server/src/main/java/org/apache/bookkeeper/client/LedgerMetadata.java/getEnsembles;4.2.0;9;1;0;0;0;0;1;0;4;2;4;0;4;1;Yes
Bookkeeper;/home/denni/isw2/bookkeeper/bookkeeper-server/src/main/java/org/apache/bookkeeper/client/LedgerMetadata.java/addEnsemble;4.2.0;4;1;0;0;2;0;3;0;1;2;9;0;9;2;Yes
Bookkeeper;/home/denni/isw2/bookkeeper/bookkeeper-server/src/main/java/org/apache/bookkeeper/client/LedgerMetadata.java/getEnsemble;4.2.0;2;1;0;0;1;0;1;0;2;2;8;0;8;2;Yes
Bookkeeper;/home/denni/isw2/bookkeeper/bookkeeper-server/src/main/java/org/apache/bookkeeper/client/LedgerMetadata.java/getNextEnsembleChange;4.2.0;13;2;1;0;1;1;2;1;1;2;8;1;9;1;Yes
Bookkeeper;/home/denni/isw2/bookkeeper/bookkeeper-server/src/main/java/org/apache/bookkeeper/client/LedgerMetadata.java/serialize;4.2.0;23;5;5;0;0;2;10;5;2;7;27;11;38;2;Yes
Bookkeeper;/home/denni/isw2/bookkeeper/bookkeeper-server/src/main/java/org/apache/bookkeeper/client/LedgerMetadata.java/serializeVersion1;4.2.0;15;5;5;0;0;2;7;3;2;9;44;8;52;3;Yes
Bookkeeper;/home/denni/isw2/bookkeeper/bookkeeper-server/src/main/java/org/apache/bookkeeper/client/LedgerMetadata.java/parseConfig;4.2.0;54;9;9;0;2;2;23;11;1;9;72;8;80;4;Yes
Bookkeeper;/home/denni/isw2/bookkeeper/bookkeeper-server/src/main/java/org/apache/bookkeeper/client/LedgerMetadata.java/parseVersion1Config;4.2.0;26;6;8;0;2;4;2;5;1;2;6;0;6;1;Yes
Bookkeeper;/home/denni/isw2/bookkeeper/bookkeeper-server/src/main/java/org/apache/bookkeeper/client/LedgerMetadata.java/resolveConflict;4.2.0;35;8;9;0;1;3;7;5;1;3;21;14;35;2;Yes
Bookkeeper;/home/denni/isw2/bookkeeper/bookkeeper-server/src/main/java/org/apache/bookkeeper/client/ReadLastConfirmedOp.java/initiate;4.2.0;3;2;1;0;0;1;1;1;1;2;12;1;13;1;No
Bookkeeper;/home/denni/isw2/bookkeeper/bookkeeper-server/src/main/java/org/apache/bookkeeper/client/ReadLastConfirmedOp.java/initiateWithFencing;4.2.0;3;2;1;0;0;1;1;1;1;3;9;4;13;2;No
Bookkeeper;/home/denni/isw2/bookkeeper/bookkeeper-server/src/main/java/org/apache/bookkeeper/client/ReadLastConfirmedOp.java/readEntryComplete;4.2.0;25;8;9;0;5;3;8;3;1;7;35;21;56;3;Yes
Bookkeeper;/home/denni/isw2/bookkeeper/bookkeeper-server/src/main/java/org/apache/bookkeeper/client/ReadOnlyLedgerHandle.java/addEntry;4.2.0;4;1;0;0;3;0;2;0;1;1;1;1;2;1;Yes
Bookkeeper;/home/denni/isw2/bookkeeper/bookkeeper-server/src/main/java/org/apache/bookkeeper/client/ReadOnlyLedgerHandle.java/asyncAddEntry;4.2.0;4;1;0;0;5;0;2;0;1;1;2;1;3;1;No
Bookkeeper;/home/denni/isw2/bookkeeper/bookkeeper-server/src/main/java/org/apache/bookkeeper/client/ReadOnlyLedgerHandle.java/handleBookieFailure;4.2.0;16;3;3;0;2;2;2;0;1;1;25;0;25;1;Yes
Bookkeeper;/home/denni/isw2/bookkeeper/bookkeeper-server/src/main/java/org/apache/bookkeeper/client/PendingReadOp.java/sendNextRead;4.2.0;19;4;4;0;0;2;5;3;1;9;38;8;46;3;Yes
Bookkeeper;/home/denni/isw2/bookkeeper/bookkeeper-server/src/main/java/org/apache/bookkeeper/client/PendingReadOp.java/logErrorAndReattemptRead;4.2.0;15;6;6;0;3;2;7;1;1;6;25;11;36;1;Yes
Bookkeeper;/home/denni/isw2/bookkeeper/bookkeeper-server/src/main/java/org/apache/bookkeeper/client/PendingReadOp.java/complete;4.2.0;17;3;3;0;2;2;3;1;1;2;6;0;6;1;Yes
Bookkeeper;/home/denni/isw2/bookkeeper/bookkeeper-server/src/main/java/org/apache/bookkeeper/client/PendingReadOp.java/toString;4.2.0;2;1;0;0;0;0;1;0;1;0;0;0;0;0;No
Bookkeeper;/home/denni/isw2/bookkeeper/bookkeeper-server/src/main/java/org/apache/bookkeeper/client/PendingReadOp.java/initiate;4.2.0;25;8;10;0;0;4;4;6;1;4;50;5;55;1;Yes
Bookkeeper;/home/denni/isw2/bookkeeper/bookkeeper-server/src/main/java/org/apache/bookkeeper/client/PendingReadOp.java/run;4.2.0;9;5;6;0;0;3;3;2;1;3;29;1;30;1;Yes
Bookkeeper;/home/denni/isw2/bookkeeper/bookkeeper-server/src/main/java/org/apache/bookkeeper/client/PendingReadOp.java/sendReadTo;4.2.0;3;1;0;0;2;0;2;0;1;3;5;1;6;2;Yes
Bookkeeper;/home/denni/isw2/bookkeeper/bookkeeper-server/src/main/java/org/apache/bookkeeper/client/PendingReadOp.java/readEntryComplete;4.2.0;14;5;5;0;5;2;6;2;1;4;12;6;18;2;Yes
Bookkeeper;/home/denni/isw2/bookkeeper/bookkeeper-server/src/main/java/org/apache/bookkeeper/client/PendingReadOp.java/submitCallback;4.2.0;5;2;1;0;1;1;2;0;1;1;1;0;1;1;Yes
Bookkeeper;/home/denni/isw2/bookkeeper/bookkeeper-server/src/main/java/org/apache/bookkeeper/client/PendingReadOp.java/hasMoreElements;4.2.0;2;1;0;0;0;0;1;0;1;0;0;0;0;0;No
Bookkeeper;/home/denni/isw2/bookkeeper/bookkeeper-server/src/main/java/org/apache/bookkeeper/client/PendingReadOp.java/nextElement;4.2.0;2;1;0;0;0;0;1;0;1;0;0;0;0;0;No
Bookkeeper;/home/denni/isw2/bookkeeper/bookkeeper-server/src/main/java/org/apache/bookkeeper/util/LocalBookKeeper.java/runZookeeper;4.2.0;17;3;3;0;1;2;6;1;1;5;36;35;71;4;Yes
Bookkeeper;/home/denni/isw2/bookkeeper/bookkeeper-server/src/main/java/org/apache/bookkeeper/util/LocalBookKeeper.java/main;4.2.0;18;5;6;0;1;3;8;3;1;4;27;11;38;3;Yes
Bookkeeper;/home/denni/isw2/bookkeeper/bookkeeper-server/src/main/java/org/apache/bookkeeper/util/LocalBookKeeper.java/usage;4.2.0;2;1;0;0;0;0;1;0;1;1;2;1;3;1;No
Bookkeeper;/home/denni/isw2/bookkeeper/bookkeeper-server/src/main/java/org/apache/bookkeeper/util/LocalBookKeeper.java/waitForServerUp;4.2.0;30;7;9;0;2;4;6;8;1;2;3;3;6;2;Yes
Bookkeeper;/home/denni/isw2/bookkeeper/bookkeeper-server/src/main/java/org/apache/bookkeeper/util/ZkUtils.java/getChildrenInSingleNode;4.2.0;29;4;3;0;2;1;5;1;2;3;54;0;54;2;Yes
Bookkeeper;/home/denni/isw2/bookkeeper/bookkeeper-server/src/main/java/org/apache/bookkeeper/util/ZkUtils.java/operationComplete;4.2.0;8;2;1;0;2;1;1;0;1;2;20;0;20;1;Yes
Bookkeeper;/home/denni/isw2/bookkeeper/bookkeeper-server/src/main/java/org/apache/bookkeeper/util/ZkUtils.java/getChildrenInSingleNode;4.2.0;28;3;2;0;3;1;1;0;1;2;47;0;47;2;Yes
Bookkeeper;/home/denni/isw2/bookkeeper/bookkeeper-server/src/main/java/org/apache/bookkeeper/util/ZkUtils.java/processResult;4.2.0;15;3;2;0;3;1;2;0;1;2;39;0;39;2;Yes
Bookkeeper;/home/denni/isw2/bookkeeper/bookkeeper-server/src/main/java/org/apache/bookkeeper/util/ZkUtils.java/processResult;4.2.0;7;2;1;0;4;1;2;0;1;2;19;0;19;2;Yes
Bookkeeper;/home/denni/isw2/bookkeeper/bookkeeper-server/src/main/java/org/apache/bookkeeper/util/StringEntryFormatter.java/formatEntry;4.2.0;3;1;0;0;1;0;1;0;1;0;0;0;0;0;Yes
Bookkeeper;/home/denni/isw2/bookkeeper/bookkeeper-server/src/main/java/org/apache/bookkeeper/util/StringEntryFormatter.java/formatEntry;4.2.0;8;2;2;0;1;2;1;1;1;0;0;0;0;0;Yes
Bookkeeper;/home/denni/isw2/bookkeeper/bookkeeper-server/src/main/java/org/apache/bookkeeper/util/DiskChecker.java/mkdirsWithExistsCheck;4.2.0;24;3;3;0;1;2;5;2;1;0;0;0;0;0;Yes
Bookkeeper;/home/denni/isw2/bookkeeper/bookkeeper-server/src/main/java/org/apache/bookkeeper/util/ReflectionUtils.java/getClass;4.2.0;32;4;5;0;5;3;1;1;2;0;0;0;0;0;Yes
Bookkeeper;/home/denni/isw2/bookkeeper/bookkeeper-server/src/main/java/org/apache/bookkeeper/util/ReflectionUtils.java/newInstance;4.2.0;20;3;3;0;1;2;3;2;1;0;0;0;0;0;Yes
Bookkeeper;/home/denni/isw2/bookkeeper/bookkeeper-server/src/main/java/org/apache/bookkeeper/util/ReflectionUtils.java/newInstance;4.2.0;19;3;3;0;2;2;4;1;1;1;12;0;12;1;Yes
Bookkeeper;/home/denni/isw2/bookkeeper/bookkeeper-server/src/main/java/org/apache/bookkeeper/util/Tool.java/run;4.2.0;8;1;0;0;1;0;0;0;1;0;0;0;0;0;Yes
Bookkeeper;/home/denni/isw2/bookkeeper/bookkeeper-server/src/main/java/org/apache/bookkeeper/util/Tool.java/setConf;4.2.0;7;1;0;0;1;0;0;0;1;0;0;0;0;0;Yes
Bookkeeper;/home/denni/isw2/bookkeeper/bookkeeper-server/src/main/java/org/apache/bookkeeper/util/StringUtils.java/parseAddr;4.2.0;17;3;3;0;1;2;6;3;1;0;0;0;0;0;No
Bookkeeper;/home/denni/isw2/bookkeeper/bookkeeper-server/src/main/java/org/apache/bookkeeper/util/EntryFormatter.java/newEntryFormatter;4.2.0;13;2;2;0;2;2;5;4;1;0;0;0;0;0;Yes
Bookkeeper;/home/denni/isw2/bookkeeper/bookkeeper-server/src/main/java/org/apache/bookkeeper/util/HardLink.java/getOSType;4.2.0;10;4;5;0;0;3;2;1;1;0;0;0;0;0;No
Bookkeeper;/home/denni/isw2/bookkeeper/bookkeeper-server/src/main/java/org/apache/bookkeeper/util/HardLink.java/setLinkCountCmdTemplate;4.2.0;2;1;0;0;1;0;1;0;1;0;0;0;0;0;No
Bookkeeper;/home/denni/isw2/bookkeeper/bookkeeper-server/src/main/java/org/apache/bookkeeper/util/HardLink.java/createHardLink;4.2.0;30;7;8;0;2;3;5;4;1;1;2;2;4;1;Yes
Bookkeeper;/home/denni/isw2/bookkeeper/bookkeeper-server/src/main/java/org/apache/bookkeeper/util/HardLink.java/createHardLinkMult;4.2.0;43;11;12;0;4;3;11;7;1;1;2;2;4;1;Yes
Bookkeeper;/home/denni/isw2/bookkeeper/bookkeeper-server/src/main/java/org/apache/bookkeeper/util/HardLink.java/getLinkCount;4.2.0;38;9;9;0;1;2;10;8;1;1;2;2;4;1;Yes
Bookkeeper;/home/denni/isw2/bookkeeper/bookkeeper-server/src/main/java/org/apache/bookkeeper/util/Main.java/usage;4.2.0;2;1;0;0;0;0;1;0;1;0;0;0;0;0;No
Bookkeeper;/home/denni/isw2/bookkeeper/bookkeeper-server/src/main/java/org/apache/bookkeeper/util/Main.java/main;4.2.0;15;3;2;0;1;1;4;1;1;0;0;0;0;0;No
Bookkeeper;/home/denni/isw2/bookkeeper/bookkeeper-server/src/main/java/org/apache/bookkeeper/util/IOUtils.java/confirmPrompt;4.2.0;24;6;7;0;1;3;1;3;1;1;23;0;23;1;Yes
Bookkeeper;/home/denni/isw2/bookkeeper/bookkeeper-server/src/main/java/org/apache/bookkeeper/util/OrderedSafeExecutor.java/shutdown;4.2.0;3;2;1;0;0;1;1;1;1;0;0;0;0;0;No
Bookkeeper;/home/denni/isw2/bookkeeper/bookkeeper-server/src/main/java/org/apache/bookkeeper/util/OrderedSafeExecutor.java/awaitTermination;4.2.0;5;2;1;0;2;1;3;2;1;2;12;0;12;2;Yes
Bookkeeper;/home/denni/isw2/bookkeeper/bookkeeper-server/src/main/java/org/apache/bookkeeper/streaming/LedgerOutputStream.java/flush;4.2.0;13;4;5;0;0;3;1;1;1;0;0;0;0;0;No
Bookkeeper;/home/denni/isw2/bookkeeper/bookkeeper-server/src/main/java/org/apache/bookkeeper/proto/BookieClient.java/closeClients;4.2.0;14;5;5;0;1;2;4;4;1;6;36;6;42;3;No
Bookkeeper;/home/denni/isw2/bookkeeper/bookkeeper-server/src/main/java/org/apache/bookkeeper/proto/BookieClient.java/addEntry;4.2.0;17;3;2;0;8;1;3;1;1;3;12;2;14;2;No
Bookkeeper;/home/denni/isw2/bookkeeper/bookkeeper-server/src/main/java/org/apache/bookkeeper/proto/BookieClient.java/operationComplete;4.2.0;10;2;1;0;2;1;2;0;1;1;4;2;6;1;No
Bookkeeper;/home/denni/isw2/bookkeeper/bookkeeper-server/src/main/java/org/apache/bookkeeper/proto/BookieClient.java/readEntryAndFenceLedger;4.2.0;17;3;2;0;6;1;3;1;1;4;14;5;19;2;No
Bookkeeper;/home/denni/isw2/bookkeeper/bookkeeper-server/src/main/java/org/apache/bookkeeper/proto/BookieClient.java/operationComplete;4.2.0;10;2;1;0;2;1;2;0;1;3;8;1;9;2;No
Bookkeeper;/home/denni/isw2/bookkeeper/bookkeeper-server/src/main/java/org/apache/bookkeeper/proto/BookieClient.java/readEntry;4.2.0;17;3;2;0;5;1;3;1;1;1;5;0;5;1;No
Bookkeeper;/home/denni/isw2/bookkeeper/bookkeeper-server/src/main/java/org/apache/bookkeeper/proto/BookieClient.java/operationComplete;4.2.0;10;2;1;0;2;1;2;0;1;0;0;0;0;0;No
Bookkeeper;/home/denni/isw2/bookkeeper/bookkeeper-server/src/main/java/org/apache/bookkeeper/proto/BookieClient.java/main;4.2.0;31;4;3;0;1;1;14;10;1;1;1;1;2;1;Yes
Bookkeeper;/home/denni/isw2/bookkeeper/bookkeeper-server/src/main/java/org/apache/bookkeeper/proto/BookieClient.java/writeComplete;4.2.0;5;2;1;0;5;1;3;1;1;0;0;0;0;0;No
Bookkeeper;/home/denni/isw2/bookkeeper/bookkeeper-server/src/main/java/org/apache/bookkeeper/proto/DataFormats.java/getEnsembleMemberList;4.2.0;2;1;0;0;0;0;1;0;2;0;0;0;0;0;Yes
Bookkeeper;/home/denni/isw2/bookkeeper/bookkeeper-server/src/main/java/org/apache/bookkeeper/proto/DataFormats.java/getEnsembleMemberCount;4.2.0;2;1;0;0;0;0;1;0;1;0;0;0;0;0;Yes
Bookkeeper;/home/denni/isw2/bookkeeper/bookkeeper-server/src/main/java/org/apache/bookkeeper/proto/DataFormats.java/getEnsembleMember;4.2.0;2;1;0;0;1;0;1;0;1;0;0;0;0;0;Yes
Bookkeeper;/home/denni/isw2/bookkeeper/bookkeeper-server/src/main/java/org/apache/bookkeeper/proto/DataFormats.java/hasFirstEntryId;4.2.0;2;1;0;0;0;0;1;0;1;0;0;0;0;0;Yes
Bookkeeper;/home/denni/isw2/bookkeeper/bookkeeper-server/src/main/java/org/apache/bookkeeper/proto/DataFormats.java/getFirstEntryId;4.2.0;2;1;0;0;0;0;1;0;1;0;0;0;0;0;Yes
Bookkeeper;/home/denni/isw2/bookkeeper/bookkeeper-server/src/main/java/org/apache/bookkeeper/proto/DataFormats.java/initFields;4.2.0;3;1;0;0;0;0;2;0;1;0;0;0;0;0;Yes
Bookkeeper;/home/denni/isw2/bookkeeper/bookkeeper-server/src/main/java/org/apache/bookkeeper/proto/DataFormats.java/maybeForceBuilderInitialization;4.2.0;2;2;1;0;0;1;1;0;1;0;0;0;0;0;Yes
Bookkeeper;/home/denni/isw2/bookkeeper/bookkeeper-server/src/main/java/org/apache/bookkeeper/proto/DataFormats.java/create;4.2.0;2;1;0;0;0;0;1;0;1;0;0;0;0;0;Yes
Bookkeeper;/home/denni/isw2/bookkeeper/bookkeeper-server/src/main/java/org/apache/bookkeeper/proto/DataFormats.java/clear;4.2.0;7;1;0;0;0;0;6;0;1;0;0;0;0;0;Yes
Bookkeeper;/home/denni/isw2/bookkeeper/bookkeeper-server/src/main/java/org/apache/bookkeeper/proto/DataFormats.java/clone;4.2.0;2;1;0;0;0;0;1;0;1;0;0;0;0;0;Yes
Bookkeeper;/home/denni/isw2/bookkeeper/bookkeeper-server/src/main/java/org/apache/bookkeeper/proto/DataFormats.java/buildParsed;4.2.0;5;2;1;0;0;1;3;1;1;0;0;0;0;0;Yes
Bookkeeper;/home/denni/isw2/bookkeeper/bookkeeper-server/src/main/java/org/apache/bookkeeper/proto/DataFormats.java/buildPartial;4.2.0;14;3;2;0;0;1;10;3;1;0;0;0;0;0;Yes
Bookkeeper;/home/denni/isw2/bookkeeper/bookkeeper-server/src/main/java/org/apache/bookkeeper/proto/DataFormats.java/mergeFrom;4.2.0;15;5;5;0;1;2;5;0;1;0;0;0;0;0;Yes
Bookkeeper;/home/denni/isw2/bookkeeper/bookkeeper-server/src/main/java/org/apache/bookkeeper/proto/DataFormats.java/isInitialized;4.2.0;4;2;1;0;0;1;2;0;1;0;0;0;0;0;Yes
Bookkeeper;/home/denni/isw2/bookkeeper/bookkeeper-server/src/main/java/org/apache/bookkeeper/proto/DataFormats.java/mergeFrom;4.2.0;23;7;5;0;2;3;2;2;1;0;0;0;0;0;Yes
Bookkeeper;/home/denni/isw2/bookkeeper/bookkeeper-server/src/main/java/org/apache/bookkeeper/proto/DataFormats.java/ensureEnsembleMemberIsMutable;4.2.0;4;2;1;0;0;1;1;0;1;0;0;0;0;0;Yes
Bookkeeper;/home/denni/isw2/bookkeeper/bookkeeper-server/src/main/java/org/apache/bookkeeper/proto/DataFormats.java/getEnsembleMemberList;4.2.0;2;1;0;0;0;0;1;0;2;0;0;0;0;0;Yes
Bookkeeper;/home/denni/isw2/bookkeeper/bookkeeper-server/src/main/java/org/apache/bookkeeper/proto/DataFormats.java/getEnsembleMemberCount;4.2.0;2;1;0;0;0;0;1;0;1;0;0;0;0;0;Yes
Bookkeeper;/home/denni/isw2/bookkeeper/bookkeeper-server/src/main/java/org/apache/bookkeeper/proto/DataFormats.java/getEnsembleMember;4.2.0;2;1;0;0;1;0;1;0;1;0;0;0;0;0;Yes
Bookkeeper;/home/denni/isw2/bookkeeper/bookkeeper-server/src/main/java/org/apache/bookkeeper/proto/DataFormats.java/setEnsembleMember;4.2.0;7;2;1;0;2;1;5;0;1;0;0;0;0;0;Yes
Bookkeeper;/home/denni/isw2/bookkeeper/bookkeeper-server/src/main/java/org/apache/bookkeeper/proto/DataFormats.java/addEnsembleMember;4.2.0;7;2;1;0;1;1;5;0;1;0;0;0;0;0;Yes
Bookkeeper;/home/denni/isw2/bookkeeper/bookkeeper-server/src/main/java/org/apache/bookkeeper/proto/DataFormats.java/clearEnsembleMember;4.2.0;5;1;0;0;0;0;4;0;1;0;0;0;0;0;Yes
Bookkeeper;/home/denni/isw2/bookkeeper/bookkeeper-server/src/main/java/org/apache/bookkeeper/proto/DataFormats.java/hasFirstEntryId;4.2.0;2;1;0;0;0;0;1;0;1;0;0;0;0;0;Yes
Bookkeeper;/home/denni/isw2/bookkeeper/bookkeeper-server/src/main/java/org/apache/bookkeeper/proto/DataFormats.java/getFirstEntryId;4.2.0;2;1;0;0;0;0;1;0;1;0;0;0;0;0;Yes
Bookkeeper;/home/denni/isw2/bookkeeper/bookkeeper-server/src/main/java/org/apache/bookkeeper/proto/DataFormats.java/hasQuorumSize;4.2.0;2;1;0;0;0;0;1;0;1;0;0;0;0;0;Yes
Bookkeeper;/home/denni/isw2/bookkeeper/bookkeeper-server/src/main/java/org/apache/bookkeeper/proto/DataFormats.java/getQuorumSize;4.2.0;2;1;0;0;0;0;1;0;1;0;0;0;0;0;Yes
Bookkeeper;/home/denni/isw2/bookkeeper/bookkeeper-server/src/main/java/org/apache/bookkeeper/proto/DataFormats.java/hasEnsembleSize;4.2.0;2;1;0;0;0;0;1;0;1;0;0;0;0;0;Yes
Bookkeeper;/home/denni/isw2/bookkeeper/bookkeeper-server/src/main/java/org/apache/bookkeeper/proto/DataFormats.java/getEnsembleSize;4.2.0;2;1;0;0;0;0;1;0;1;0;0;0;0;0;Yes
Bookkeeper;/home/denni/isw2/bookkeeper/bookkeeper-server/src/main/java/org/apache/bookkeeper/proto/DataFormats.java/hasLength;4.2.0;2;1;0;0;0;0;1;0;1;0;0;0;0;0;Yes
Bookkeeper;/home/denni/isw2/bookkeeper/bookkeeper-server/src/main/java/org/apache/bookkeeper/proto/DataFormats.java/getLength;4.2.0;2;1;0;0;0;0;1;0;1;0;0;0;0;0;Yes
Bookkeeper;/home/denni/isw2/bookkeeper/bookkeeper-server/src/main/java/org/apache/bookkeeper/proto/DataFormats.java/hasLastEntryId;4.2.0;2;1;0;0;0;0;1;0;1;0;0;0;0;0;Yes
Bookkeeper;/home/denni/isw2/bookkeeper/bookkeeper-server/src/main/java/org/apache/bookkeeper/proto/DataFormats.java/getLastEntryId;4.2.0;2;1;0;0;0;0;1;0;1;0;0;0;0;0;Yes
Bookkeeper;/home/denni/isw2/bookkeeper/bookkeeper-server/src/main/java/org/apache/bookkeeper/proto/DataFormats.java/hasState;4.2.0;2;1;0;0;0;0;1;0;1;0;0;0;0;0;Yes
Bookkeeper;/home/denni/isw2/bookkeeper/bookkeeper-server/src/main/java/org/apache/bookkeeper/proto/DataFormats.java/getState;4.2.0;2;1;0;0;0;0;1;0;1;0;0;0;0;0;Yes
Bookkeeper;/home/denni/isw2/bookkeeper/bookkeeper-server/src/main/java/org/apache/bookkeeper/proto/DataFormats.java/getSegmentList;4.2.0;2;1;0;0;0;0;1;0;2;0;0;0;0;0;Yes
Bookkeeper;/home/denni/isw2/bookkeeper/bookkeeper-server/src/main/java/org/apache/bookkeeper/proto/DataFormats.java/getSegmentOrBuilderList;4.2.0;2;1;0;0;0;0;1;0;2;0;0;0;0;0;Yes
Bookkeeper;/home/denni/isw2/bookkeeper/bookkeeper-server/src/main/java/org/apache/bookkeeper/proto/DataFormats.java/getSegmentCount;4.2.0;2;1;0;0;0;0;1;0;1;0;0;0;0;0;Yes
Bookkeeper;/home/denni/isw2/bookkeeper/bookkeeper-server/src/main/java/org/apache/bookkeeper/proto/DataFormats.java/getSegment;4.2.0;2;1;0;0;1;0;1;0;1;0;0;0;0;0;Yes
Bookkeeper;/home/denni/isw2/bookkeeper/bookkeeper-server/src/main/java/org/apache/bookkeeper/proto/DataFormats.java/getSegmentOrBuilder;4.2.0;2;1;0;0;1;0;1;0;1;1;3;0;3;1;Yes
Bookkeeper;/home/denni/isw2/bookkeeper/bookkeeper-server/src/main/java/org/apache/bookkeeper/proto/DataFormats.java/hasDigestType;4.2.0;2;1;0;0;0;0;1;0;1;1;2;0;2;1;Yes
Bookkeeper;/home/denni/isw2/bookkeeper/bookkeeper-server/src/main/java/org/apache/bookkeeper/proto/DataFormats.java/getDigestType;4.2.0;2;1;0;0;0;0;1;0;1;1;2;0;2;1;Yes
Bookkeeper;/home/denni/isw2/bookkeeper/bookkeeper-server/src/main/java/org/apache/bookkeeper/proto/DataFormats.java/hasPassword;4.2.0;2;1;0;0;0;0;1;0;1;1;2;0;2;1;Yes
Bookkeeper;/home/denni/isw2/bookkeeper/bookkeeper-server/src/main/java/org/apache/bookkeeper/proto/DataFormats.java/getPassword;4.2.0;2;1;0;0;0;0;1;0;1;0;0;0;0;0;Yes
Bookkeeper;/home/denni/isw2/bookkeeper/bookkeeper-server/src/main/java/org/apache/bookkeeper/proto/DataFormats.java/hasAckQuorumSize;4.2.0;2;1;0;0;0;0;1;0;1;2;3;0;3;2;Yes
Bookkeeper;/home/denni/isw2/bookkeeper/bookkeeper-server/src/main/java/org/apache/bookkeeper/proto/DataFormats.java/getAckQuorumSize;4.2.0;2;1;0;0;0;0;1;0;1;1;2;0;2;1;Yes
Bookkeeper;/home/denni/isw2/bookkeeper/bookkeeper-server/src/main/java/org/apache/bookkeeper/proto/DataFormats.java/initFields;4.2.0;10;1;0;0;0;0;9;0;1;1;1;0;1;1;Yes
Bookkeeper;/home/denni/isw2/bookkeeper/bookkeeper-server/src/main/java/org/apache/bookkeeper/proto/DataFormats.java/writeTo;4.2.0;21;10;9;0;1;1;11;1;1;2;9;0;9;2;Yes
Bookkeeper;/home/denni/isw2/bookkeeper/bookkeeper-server/src/main/java/org/apache/bookkeeper/proto/DataFormats.java/getSerializedSize;4.2.0;26;11;10;0;0;1;15;2;1;2;12;0;12;2;Yes
Bookkeeper;/home/denni/isw2/bookkeeper/bookkeeper-server/src/main/java/org/apache/bookkeeper/proto/DataFormats.java/maybeForceBuilderInitialization;4.2.0;3;2;1;0;0;1;1;0;1;0;0;0;0;0;Yes
Bookkeeper;/home/denni/isw2/bookkeeper/bookkeeper-server/src/main/java/org/apache/bookkeeper/proto/DataFormats.java/create;4.2.0;2;1;0;0;0;0;1;0;1;1;2;0;2;1;Yes
Bookkeeper;/home/denni/isw2/bookkeeper/bookkeeper-server/src/main/java/org/apache/bookkeeper/proto/DataFormats.java/clear;4.2.0;24;2;1;0;0;1;19;0;1;1;2;0;2;1;Yes
Bookkeeper;/home/denni/isw2/bookkeeper/bookkeeper-server/src/main/java/org/apache/bookkeeper/proto/DataFormats.java/clone;4.2.0;2;1;0;0;0;0;1;0;1;0;0;0;0;0;Yes
Bookkeeper;/home/denni/isw2/bookkeeper/bookkeeper-server/src/main/java/org/apache/bookkeeper/proto/DataFormats.java/buildParsed;4.2.0;5;2;1;0;0;1;3;1;1;0;0;0;0;0;Yes
Bookkeeper;/home/denni/isw2/bookkeeper/bookkeeper-server/src/main/java/org/apache/bookkeeper/proto/DataFormats.java/buildPartial;4.2.0;38;11;11;0;0;2;23;3;1;2;12;0;12;2;Yes
Bookkeeper;/home/denni/isw2/bookkeeper/bookkeeper-server/src/main/java/org/apache/bookkeeper/proto/DataFormats.java/mergeFrom;4.2.0;40;16;17;0;1;3;12;0;1;2;9;0;9;2;Yes
Bookkeeper;/home/denni/isw2/bookkeeper/bookkeeper-server/src/main/java/org/apache/bookkeeper/proto/DataFormats.java/mergeFrom;4.2.0;62;16;7;0;2;3;2;7;1;2;21;0;21;2;Yes
Bookkeeper;/home/denni/isw2/bookkeeper/bookkeeper-server/src/main/java/org/apache/bookkeeper/proto/DataFormats.java/hasQuorumSize;4.2.0;2;1;0;0;0;0;1;0;1;0;0;0;0;0;Yes
Bookkeeper;/home/denni/isw2/bookkeeper/bookkeeper-server/src/main/java/org/apache/bookkeeper/proto/DataFormats.java/getQuorumSize;4.2.0;2;1;0;0;0;0;1;0;1;0;0;0;0;0;Yes
Bookkeeper;/home/denni/isw2/bookkeeper/bookkeeper-server/src/main/java/org/apache/bookkeeper/proto/DataFormats.java/hasEnsembleSize;4.2.0;2;1;0;0;0;0;1;0;1;0;0;0;0;0;Yes
Bookkeeper;/home/denni/isw2/bookkeeper/bookkeeper-server/src/main/java/org/apache/bookkeeper/proto/DataFormats.java/getEnsembleSize;4.2.0;2;1;0;0;0;0;1;0;1;0;0;0;0;0;Yes
Bookkeeper;/home/denni/isw2/bookkeeper/bookkeeper-server/src/main/java/org/apache/bookkeeper/proto/DataFormats.java/hasLength;4.2.0;2;1;0;0;0;0;1;0;1;0;0;0;0;0;Yes
Bookkeeper;/home/denni/isw2/bookkeeper/bookkeeper-server/src/main/java/org/apache/bookkeeper/proto/DataFormats.java/getLength;4.2.0;2;1;0;0;0;0;1;0;1;0;0;0;0;0;Yes
Bookkeeper;/home/denni/isw2/bookkeeper/bookkeeper-server/src/main/java/org/apache/bookkeeper/proto/DataFormats.java/hasLastEntryId;4.2.0;2;1;0;0;0;0;1;0;1;0;0;0;0;0;Yes
Bookkeeper;/home/denni/isw2/bookkeeper/bookkeeper-server/src/main/java/org/apache/bookkeeper/proto/DataFormats.java/getLastEntryId;4.2.0;2;1;0;0;0;0;1;0;1;0;0;0;0;0;Yes
Bookkeeper;/home/denni/isw2/bookkeeper/bookkeeper-server/src/main/java/org/apache/bookkeeper/proto/DataFormats.java/hasState;4.2.0;2;1;0;0;0;0;1;0;1;0;0;0;0;0;Yes
Bookkeeper;/home/denni/isw2/bookkeeper/bookkeeper-server/src/main/java/org/apache/bookkeeper/proto/DataFormats.java/getState;4.2.0;2;1;0;0;0;0;1;0;1;0;0;0;0;0;Yes
Bookkeeper;/home/denni/isw2/bookkeeper/bookkeeper-server/src/main/java/org/apache/bookkeeper/proto/DataFormats.java/setState;4.2.0;7;2;1;0;1;1;5;0;1;0;0;0;0;0;Yes
Bookkeeper;/home/denni/isw2/bookkeeper/bookkeeper-server/src/main/java/org/apache/bookkeeper/proto/DataFormats.java/ensureSegmentIsMutable;4.2.0;4;2;1;0;0;1;1;0;1;0;0;0;0;0;Yes
Bookkeeper;/home/denni/isw2/bookkeeper/bookkeeper-server/src/main/java/org/apache/bookkeeper/proto/DataFormats.java/getSegmentList;4.2.0;5;2;1;0;0;1;1;0;2;0;0;0;0;0;Yes
Bookkeeper;/home/denni/isw2/bookkeeper/bookkeeper-server/src/main/java/org/apache/bookkeeper/proto/DataFormats.java/getSegmentCount;4.2.0;5;2;1;0;0;1;1;0;1;0;0;0;0;0;Yes
Bookkeeper;/home/denni/isw2/bookkeeper/bookkeeper-server/src/main/java/org/apache/bookkeeper/proto/DataFormats.java/getSegment;4.2.0;5;2;1;0;1;1;1;0;1;0;0;0;0;0;Yes
Bookkeeper;/home/denni/isw2/bookkeeper/bookkeeper-server/src/main/java/org/apache/bookkeeper/proto/DataFormats.java/setSegment;4.2.0;10;3;3;0;2;2;2;0;1;0;0;0;0;0;Yes
Bookkeeper;/home/denni/isw2/bookkeeper/bookkeeper-server/src/main/java/org/apache/bookkeeper/proto/DataFormats.java/addSegment;4.2.0;10;3;3;0;1;2;2;0;1;0;0;0;0;0;Yes
Bookkeeper;/home/denni/isw2/bookkeeper/bookkeeper-server/src/main/java/org/apache/bookkeeper/proto/DataFormats.java/addSegment;4.2.0;10;3;3;0;2;2;2;0;1;0;0;0;0;0;Yes
Bookkeeper;/home/denni/isw2/bookkeeper/bookkeeper-server/src/main/java/org/apache/bookkeeper/proto/DataFormats.java/getSegmentOrBuilder;4.2.0;5;2;1;0;1;1;1;0;1;0;0;0;0;0;No
Bookkeeper;/home/denni/isw2/bookkeeper/bookkeeper-server/src/main/java/org/apache/bookkeeper/proto/DataFormats.java/getSegmentOrBuilderList;4.2.0;5;2;1;0;0;1;1;0;2;1;7;0;7;1;No
Bookkeeper;/home/denni/isw2/bookkeeper/bookkeeper-server/src/main/java/org/apache/bookkeeper/proto/DataFormats.java/hasDigestType;4.2.0;2;1;0;0;0;0;1;0;1;1;2;0;2;1;No
Bookkeeper;/home/denni/isw2/bookkeeper/bookkeeper-server/src/main/java/org/apache/bookkeeper/proto/DataFormats.java/getDigestType;4.2.0;2;1;0;0;0;0;1;0;1;1;2;0;2;1;No
Bookkeeper;/home/denni/isw2/bookkeeper/bookkeeper-server/src/main/java/org/apache/bookkeeper/proto/DataFormats.java/setDigestType;4.2.0;7;2;1;0;1;1;5;0;1;1;3;0;3;1;No
Bookkeeper;/home/denni/isw2/bookkeeper/bookkeeper-server/src/main/java/org/apache/bookkeeper/proto/DataFormats.java/hasPassword;4.2.0;2;1;0;0;0;0;1;0;1;1;2;0;2;1;Yes
Bookkeeper;/home/denni/isw2/bookkeeper/bookkeeper-server/src/main/java/org/apache/bookkeeper/proto/DataFormats.java/getPassword;4.2.0;2;1;0;0;0;0;1;0;1;1;2;0;2;1;Yes
Bookkeeper;/home/denni/isw2/bookkeeper/bookkeeper-server/src/main/java/org/apache/bookkeeper/proto/DataFormats.java/setPassword;4.2.0;7;2;1;0;1;1;5;0;1;1;8;0;8;1;Yes
Bookkeeper;/home/denni/isw2/bookkeeper/bookkeeper-server/src/main/java/org/apache/bookkeeper/proto/DataFormats.java/clearPassword;4.2.0;5;1;0;0;0;0;4;0;1;2;6;0;6;2;Yes
Bookkeeper;/home/denni/isw2/bookkeeper/bookkeeper-server/src/main/java/org/apache/bookkeeper/proto/DataFormats.java/hasAckQuorumSize;4.2.0;2;1;0;0;0;0;1;0;1;3;6;0;6;2;Yes
Bookkeeper;/home/denni/isw2/bookkeeper/bookkeeper-server/src/main/java/org/apache/bookkeeper/proto/DataFormats.java/getAckQuorumSize;4.2.0;2;1;0;0;0;0;1;0;1;3;5;0;5;2;Yes
Bookkeeper;/home/denni/isw2/bookkeeper/bookkeeper-server/src/main/java/org/apache/bookkeeper/proto/DataFormats.java/hasType;4.2.0;2;1;0;0;0;0;1;0;1;1;2;0;2;1;Yes
Bookkeeper;/home/denni/isw2/bookkeeper/bookkeeper-server/src/main/java/org/apache/bookkeeper/proto/DataFormats.java/getType;4.2.0;10;3;3;0;0;2;2;3;1;1;13;0;13;1;Yes
Bookkeeper;/home/denni/isw2/bookkeeper/bookkeeper-server/src/main/java/org/apache/bookkeeper/proto/DataFormats.java/hasVersion;4.2.0;2;1;0;0;0;0;1;0;1;1;2;0;2;1;Yes
Bookkeeper;/home/denni/isw2/bookkeeper/bookkeeper-server/src/main/java/org/apache/bookkeeper/proto/DataFormats.java/getVersion;4.2.0;2;1;0;0;0;0;1;0;1;1;2;0;2;1;Yes
Bookkeeper;/home/denni/isw2/bookkeeper/bookkeeper-server/src/main/java/org/apache/bookkeeper/proto/DataFormats.java/maybeForceBuilderInitialization;4.2.0;2;2;1;0;0;1;1;0;1;1;3;0;3;1;Yes
Bookkeeper;/home/denni/isw2/bookkeeper/bookkeeper-server/src/main/java/org/apache/bookkeeper/proto/DataFormats.java/create;4.2.0;2;1;0;0;0;0;1;0;1;1;2;0;2;1;Yes
Bookkeeper;/home/denni/isw2/bookkeeper/bookkeeper-server/src/main/java/org/apache/bookkeeper/proto/DataFormats.java/clone;4.2.0;2;1;0;0;0;0;1;0;1;1;2;0;2;1;Yes
Bookkeeper;/home/denni/isw2/bookkeeper/bookkeeper-server/src/main/java/org/apache/bookkeeper/proto/DataFormats.java/buildParsed;4.2.0;5;2;1;0;0;1;3;1;1;1;8;0;8;1;Yes
Bookkeeper;/home/denni/isw2/bookkeeper/bookkeeper-server/src/main/java/org/apache/bookkeeper/proto/DataFormats.java/buildPartial;4.2.0;13;3;2;0;0;1;10;3;1;1;15;0;15;1;Yes
Bookkeeper;/home/denni/isw2/bookkeeper/bookkeeper-server/src/main/java/org/apache/bookkeeper/proto/DataFormats.java/isInitialized;4.2.0;6;3;2;0;0;1;3;0;1;1;10;0;10;1;Yes
Bookkeeper;/home/denni/isw2/bookkeeper/bookkeeper-server/src/main/java/org/apache/bookkeeper/proto/DataFormats.java/mergeFrom;4.2.0;23;7;5;0;2;3;2;2;1;1;35;0;35;1;Yes
Bookkeeper;/home/denni/isw2/bookkeeper/bookkeeper-server/src/main/java/org/apache/bookkeeper/proto/DataFormats.java/hasType;4.2.0;2;1;0;0;0;0;1;0;1;1;2;0;2;1;Yes
Bookkeeper;/home/denni/isw2/bookkeeper/bookkeeper-server/src/main/java/org/apache/bookkeeper/proto/DataFormats.java/getType;4.2.0;8;2;1;0;0;1;2;2;1;1;9;0;9;1;Yes
Bookkeeper;/home/denni/isw2/bookkeeper/bookkeeper-server/src/main/java/org/apache/bookkeeper/proto/DataFormats.java/setType;4.2.0;7;2;1;0;1;1;5;0;1;1;8;0;8;1;Yes
Bookkeeper;/home/denni/isw2/bookkeeper/bookkeeper-server/src/main/java/org/apache/bookkeeper/proto/DataFormats.java/hasVersion;4.2.0;2;1;0;0;0;0;1;0;1;1;2;0;2;1;Yes
Bookkeeper;/home/denni/isw2/bookkeeper/bookkeeper-server/src/main/java/org/apache/bookkeeper/proto/DataFormats.java/getVersion;4.2.0;2;1;0;0;0;0;1;0;1;1;2;0;2;1;Yes
Bookkeeper;/home/denni/isw2/bookkeeper/bookkeeper-server/src/main/java/org/apache/bookkeeper/proto/DataFormats.java/getReplicaList;4.2.0;2;1;0;0;0;0;1;0;2;1;3;0;3;1;Yes
Bookkeeper;/home/denni/isw2/bookkeeper/bookkeeper-server/src/main/java/org/apache/bookkeeper/proto/DataFormats.java/getReplicaCount;4.2.0;2;1;0;0;0;0;1;0;1;1;2;0;2;1;Yes
Bookkeeper;/home/denni/isw2/bookkeeper/bookkeeper-server/src/main/java/org/apache/bookkeeper/proto/DataFormats.java/getReplica;4.2.0;2;1;0;0;1;0;1;0;1;1;2;0;2;1;Yes
Bookkeeper;/home/denni/isw2/bookkeeper/bookkeeper-server/src/main/java/org/apache/bookkeeper/proto/DataFormats.java/initFields;4.2.0;2;1;0;0;0;0;1;0;1;1;2;0;2;1;Yes
Bookkeeper;/home/denni/isw2/bookkeeper/bookkeeper-server/src/main/java/org/apache/bookkeeper/proto/DataFormats.java/maybeForceBuilderInitialization;4.2.0;2;2;1;0;0;1;1;0;1;1;3;0;3;1;Yes
Bookkeeper;/home/denni/isw2/bookkeeper/bookkeeper-server/src/main/java/org/apache/bookkeeper/proto/DataFormats.java/create;4.2.0;2;1;0;0;0;0;1;0;1;1;2;0;2;1;Yes
Bookkeeper;/home/denni/isw2/bookkeeper/bookkeeper-server/src/main/java/org/apache/bookkeeper/proto/DataFormats.java/clear;4.2.0;5;1;0;0;0;0;4;0;1;1;5;0;5;1;Yes
Bookkeeper;/home/denni/isw2/bookkeeper/bookkeeper-server/src/main/java/org/apache/bookkeeper/proto/DataFormats.java/clone;4.2.0;2;1;0;0;0;0;1;0;1;1;2;0;2;1;Yes
Bookkeeper;/home/denni/isw2/bookkeeper/bookkeeper-server/src/main/java/org/apache/bookkeeper/proto/DataFormats.java/buildParsed;4.2.0;5;2;1;0;0;1;3;1;1;1;8;0;8;1;Yes
Bookkeeper;/home/denni/isw2/bookkeeper/bookkeeper-server/src/main/java/org/apache/bookkeeper/proto/DataFormats.java/buildPartial;4.2.0;9;2;1;0;0;1;6;2;1;1;11;0;11;1;Yes
Bookkeeper;/home/denni/isw2/bookkeeper/bookkeeper-server/src/main/java/org/apache/bookkeeper/proto/DataFormats.java/mergeFrom;4.2.0;13;4;4;0;1;2;4;0;1;1;14;0;14;1;Yes
Bookkeeper;/home/denni/isw2/bookkeeper/bookkeeper-server/src/main/java/org/apache/bookkeeper/proto/DataFormats.java/mergeFrom;4.2.0;19;6;5;0;2;3;2;2;1;1;30;0;30;1;Yes
Bookkeeper;/home/denni/isw2/bookkeeper/bookkeeper-server/src/main/java/org/apache/bookkeeper/proto/DataFormats.java/ensureReplicaIsMutable;4.2.0;4;2;1;0;0;1;1;0;1;1;5;0;5;1;Yes
Bookkeeper;/home/denni/isw2/bookkeeper/bookkeeper-server/src/main/java/org/apache/bookkeeper/proto/DataFormats.java/getReplicaList;4.2.0;2;1;0;0;0;0;1;0;2;2;3;0;3;2;Yes
Bookkeeper;/home/denni/isw2/bookkeeper/bookkeeper-server/src/main/java/org/apache/bookkeeper/proto/DataFormats.java/getReplicaCount;4.2.0;2;1;0;0;0;0;1;0;1;1;2;0;2;1;Yes
Bookkeeper;/home/denni/isw2/bookkeeper/bookkeeper-server/src/main/java/org/apache/bookkeeper/proto/DataFormats.java/getReplica;4.2.0;2;1;0;0;1;0;1;0;1;1;2;0;2;1;Yes
Bookkeeper;/home/denni/isw2/bookkeeper/bookkeeper-server/src/main/java/org/apache/bookkeeper/proto/DataFormats.java/setReplica;4.2.0;7;2;1;0;2;1;5;0;1;2;17;0;17;2;Yes
Bookkeeper;/home/denni/isw2/bookkeeper/bookkeeper-server/src/main/java/org/apache/bookkeeper/proto/DataFormats.java/addReplica;4.2.0;7;2;1;0;1;1;5;0;1;2;9;0;9;2;Yes
Bookkeeper;/home/denni/isw2/bookkeeper/bookkeeper-server/src/main/java/org/apache/bookkeeper/proto/DataFormats.java/clearReplica;4.2.0;5;1;0;0;0;0;4;0;1;1;5;0;5;1;Yes
Bookkeeper;/home/denni/isw2/bookkeeper/bookkeeper-server/src/main/java/org/apache/bookkeeper/proto/DataFormats.java/hasBookieHost;4.2.0;2;1;0;0;0;0;1;0;1;1;2;0;2;1;Yes
Bookkeeper;/home/denni/isw2/bookkeeper/bookkeeper-server/src/main/java/org/apache/bookkeeper/proto/DataFormats.java/getBookieHost;4.2.0;10;3;3;0;0;2;2;3;1;1;13;0;13;1;Yes
Bookkeeper;/home/denni/isw2/bookkeeper/bookkeeper-server/src/main/java/org/apache/bookkeeper/proto/DataFormats.java/hasJournalDir;4.2.0;2;1;0;0;0;0;1;0;1;1;2;0;2;1;Yes
Bookkeeper;/home/denni/isw2/bookkeeper/bookkeeper-server/src/main/java/org/apache/bookkeeper/proto/DataFormats.java/getJournalDir;4.2.0;10;3;3;0;0;2;2;3;1;1;13;0;13;1;Yes
Bookkeeper;/home/denni/isw2/bookkeeper/bookkeeper-server/src/main/java/org/apache/bookkeeper/proto/DataFormats.java/hasLedgerDirs;4.2.0;2;1;0;0;0;0;1;0;1;1;2;0;2;1;Yes
Bookkeeper;/home/denni/isw2/bookkeeper/bookkeeper-server/src/main/java/org/apache/bookkeeper/proto/DataFormats.java/getLedgerDirs;4.2.0;10;3;3;0;0;2;2;3;1;1;13;0;13;1;Yes
Bookkeeper;/home/denni/isw2/bookkeeper/bookkeeper-server/src/main/java/org/apache/bookkeeper/proto/DataFormats.java/hasInstanceId;4.2.0;2;1;0;0;0;0;1;0;1;1;2;0;2;1;Yes
Bookkeeper;/home/denni/isw2/bookkeeper/bookkeeper-server/src/main/java/org/apache/bookkeeper/proto/DataFormats.java/getInstanceId;4.2.0;10;3;3;0;0;2;2;3;1;1;13;0;13;1;Yes
Bookkeeper;/home/denni/isw2/bookkeeper/bookkeeper-server/src/main/java/org/apache/bookkeeper/proto/DataFormats.java/maybeForceBuilderInitialization;4.2.0;2;2;1;0;0;1;1;0;1;1;3;0;3;1;Yes
Bookkeeper;/home/denni/isw2/bookkeeper/bookkeeper-server/src/main/java/org/apache/bookkeeper/proto/DataFormats.java/create;4.2.0;2;1;0;0;0;0;1;0;1;1;2;0;2;1;Yes
Bookkeeper;/home/denni/isw2/bookkeeper/bookkeeper-server/src/main/java/org/apache/bookkeeper/proto/DataFormats.java/clone;4.2.0;2;1;0;0;0;0;1;0;1;1;2;0;2;1;Yes
Bookkeeper;/home/denni/isw2/bookkeeper/bookkeeper-server/src/main/java/org/apache/bookkeeper/proto/DataFormats.java/buildParsed;4.2.0;5;2;1;0;0;1;3;1;1;1;8;0;8;1;Yes
Bookkeeper;/home/denni/isw2/bookkeeper/bookkeeper-server/src/main/java/org/apache/bookkeeper/proto/DataFormats.java/buildPartial;4.2.0;19;5;4;0;0;1;14;3;1;1;23;0;23;1;Yes
Bookkeeper;/home/denni/isw2/bookkeeper/bookkeeper-server/src/main/java/org/apache/bookkeeper/proto/DataFormats.java/isInitialized;4.2.0;8;4;3;0;0;1;4;0;1;1;14;0;14;1;Yes
Bookkeeper;/home/denni/isw2/bookkeeper/bookkeeper-server/src/main/java/org/apache/bookkeeper/proto/DataFormats.java/mergeFrom;4.2.0;31;9;5;0;2;3;2;2;1;1;45;0;45;1;Yes
Bookkeeper;/home/denni/isw2/bookkeeper/bookkeeper-server/src/main/java/org/apache/bookkeeper/proto/DataFormats.java/hasBookieHost;4.2.0;2;1;0;0;0;0;1;0;1;1;2;0;2;1;Yes
Bookkeeper;/home/denni/isw2/bookkeeper/bookkeeper-server/src/main/java/org/apache/bookkeeper/proto/DataFormats.java/getBookieHost;4.2.0;8;2;1;0;0;1;2;2;1;1;9;0;9;1;Yes
Bookkeeper;/home/denni/isw2/bookkeeper/bookkeeper-server/src/main/java/org/apache/bookkeeper/proto/DataFormats.java/setBookieHost;4.2.0;7;2;1;0;1;1;5;0;1;1;8;0;8;1;Yes
Bookkeeper;/home/denni/isw2/bookkeeper/bookkeeper-server/src/main/java/org/apache/bookkeeper/proto/DataFormats.java/hasJournalDir;4.2.0;2;1;0;0;0;0;1;0;1;1;2;0;2;1;Yes
Bookkeeper;/home/denni/isw2/bookkeeper/bookkeeper-server/src/main/java/org/apache/bookkeeper/proto/DataFormats.java/getJournalDir;4.2.0;8;2;1;0;0;1;2;2;1;1;9;0;9;1;Yes
Bookkeeper;/home/denni/isw2/bookkeeper/bookkeeper-server/src/main/java/org/apache/bookkeeper/proto/DataFormats.java/setJournalDir;4.2.0;7;2;1;0;1;1;5;0;1;1;8;0;8;1;Yes
Bookkeeper;/home/denni/isw2/bookkeeper/bookkeeper-server/src/main/java/org/apache/bookkeeper/proto/DataFormats.java/hasLedgerDirs;4.2.0;2;1;0;0;0;0;1;0;1;1;2;0;2;1;Yes
Bookkeeper;/home/denni/isw2/bookkeeper/bookkeeper-server/src/main/java/org/apache/bookkeeper/proto/DataFormats.java/getLedgerDirs;4.2.0;8;2;1;0;0;1;2;2;1;1;9;0;9;1;Yes
Bookkeeper;/home/denni/isw2/bookkeeper/bookkeeper-server/src/main/java/org/apache/bookkeeper/proto/DataFormats.java/setLedgerDirs;4.2.0;7;2;1;0;1;1;5;0;1;1;8;0;8;1;Yes
Bookkeeper;/home/denni/isw2/bookkeeper/bookkeeper-server/src/main/java/org/apache/bookkeeper/proto/DataFormats.java/hasInstanceId;4.2.0;2;1;0;0;0;0;1;0;1;0;0;0;0;0;No
Bookkeeper;/home/denni/isw2/bookkeeper/bookkeeper-server/src/main/java/org/apache/bookkeeper/proto/DataFormats.java/getInstanceId;4.2.0;8;2;1;0;0;1;2;2;1;1;5;0;5;1;Yes
Bookkeeper;/home/denni/isw2/bookkeeper/bookkeeper-server/src/main/java/org/apache/bookkeeper/proto/DataFormats.java/setInstanceId;4.2.0;7;2;1;0;1;1;5;0;1;0;0;0;0;0;No
Bookkeeper;/home/denni/isw2/bookkeeper/bookkeeper-server/src/main/java/org/apache/bookkeeper/proto/DataFormats.java/hasBookieId;4.2.0;2;1;0;0;0;0;1;0;1;3;4;0;4;2;Yes
Bookkeeper;/home/denni/isw2/bookkeeper/bookkeeper-server/src/main/java/org/apache/bookkeeper/proto/DataFormats.java/getBookieId;4.2.0;10;3;3;0;0;2;2;3;1;2;22;0;22;1;Yes
Bookkeeper;/home/denni/isw2/bookkeeper/bookkeeper-server/src/main/java/org/apache/bookkeeper/proto/DataFormats.java/maybeForceBuilderInitialization;4.2.0;2;2;1;0;0;1;1;0;1;1;3;0;3;1;No
Bookkeeper;/home/denni/isw2/bookkeeper/bookkeeper-server/src/main/java/org/apache/bookkeeper/proto/DataFormats.java/create;4.2.0;2;1;0;0;0;0;1;0;1;1;2;0;2;1;No
Bookkeeper;/home/denni/isw2/bookkeeper/bookkeeper-server/src/main/java/org/apache/bookkeeper/proto/DataFormats.java/clone;4.2.0;2;1;0;0;0;0;1;0;1;1;2;0;2;1;No
Bookkeeper;/home/denni/isw2/bookkeeper/bookkeeper-server/src/main/java/org/apache/bookkeeper/proto/DataFormats.java/buildParsed;4.2.0;5;2;1;0;0;1;3;1;1;1;8;0;8;1;No
Bookkeeper;/home/denni/isw2/bookkeeper/bookkeeper-server/src/main/java/org/apache/bookkeeper/proto/DataFormats.java/buildPartial;4.2.0;10;2;1;0;0;1;8;3;1;1;11;0;11;1;No
Bookkeeper;/home/denni/isw2/bookkeeper/bookkeeper-server/src/main/java/org/apache/bookkeeper/proto/DataFormats.java/mergeFrom;4.2.0;19;6;5;0;2;3;2;2;1;1;30;0;30;1;No
Bookkeeper;/home/denni/isw2/bookkeeper/bookkeeper-server/src/main/java/org/apache/bookkeeper/proto/DataFormats.java/hasBookieId;4.2.0;2;1;0;0;0;0;1;0;1;1;2;0;2;1;No
Bookkeeper;/home/denni/isw2/bookkeeper/bookkeeper-server/src/main/java/org/apache/bookkeeper/proto/DataFormats.java/getBookieId;4.2.0;8;2;1;0;0;1;2;2;1;1;9;0;9;1;No
Bookkeeper;/home/denni/isw2/bookkeeper/bookkeeper-server/src/main/java/org/apache/bookkeeper/proto/DataFormats.java/setBookieId;4.2.0;7;2;1;0;1;1;5;0;1;1;8;0;8;1;No
Bookkeeper;/home/denni/isw2/bookkeeper/bookkeeper-server/src/main/java/org/apache/bookkeeper/proto/DataFormats.java/hasBookieId;4.2.0;2;1;0;0;0;0;1;0;1;1;2;0;2;1;Yes
Bookkeeper;/home/denni/isw2/bookkeeper/bookkeeper-server/src/main/java/org/apache/bookkeeper/proto/DataFormats.java/getBookieId;4.2.0;10;3;3;0;0;2;2;3;1;1;13;0;13;1;Yes
Bookkeeper;/home/denni/isw2/bookkeeper/bookkeeper-server/src/main/java/org/apache/bookkeeper/proto/DataFormats.java/maybeForceBuilderInitialization;4.2.0;2;2;1;0;0;1;1;0;1;1;3;0;3;1;Yes
Bookkeeper;/home/denni/isw2/bookkeeper/bookkeeper-server/src/main/java/org/apache/bookkeeper/proto/DataFormats.java/create;4.2.0;2;1;0;0;0;0;1;0;1;1;2;0;2;1;Yes
Bookkeeper;/home/denni/isw2/bookkeeper/bookkeeper-server/src/main/java/org/apache/bookkeeper/proto/DataFormats.java/clone;4.2.0;2;1;0;0;0;0;1;0;1;1;2;0;2;1;Yes
Bookkeeper;/home/denni/isw2/bookkeeper/bookkeeper-server/src/main/java/org/apache/bookkeeper/proto/DataFormats.java/buildParsed;4.2.0;5;2;1;0;0;1;3;1;1;1;8;0;8;1;Yes
Bookkeeper;/home/denni/isw2/bookkeeper/bookkeeper-server/src/main/java/org/apache/bookkeeper/proto/DataFormats.java/buildPartial;4.2.0;10;2;1;0;0;1;8;3;1;1;11;0;11;1;Yes
Bookkeeper;/home/denni/isw2/bookkeeper/bookkeeper-server/src/main/java/org/apache/bookkeeper/proto/DataFormats.java/mergeFrom;4.2.0;19;6;5;0;2;3;2;2;1;1;30;0;30;1;Yes
Bookkeeper;/home/denni/isw2/bookkeeper/bookkeeper-server/src/main/java/org/apache/bookkeeper/proto/DataFormats.java/hasBookieId;4.2.0;2;1;0;0;0;0;1;0;1;1;2;0;2;1;Yes
Bookkeeper;/home/denni/isw2/bookkeeper/bookkeeper-server/src/main/java/org/apache/bookkeeper/proto/DataFormats.java/getBookieId;4.2.0;8;2;1;0;0;1;2;2;1;1;9;0;9;1;Yes
Bookkeeper;/home/denni/isw2/bookkeeper/bookkeeper-server/src/main/java/org/apache/bookkeeper/proto/DataFormats.java/setBookieId;4.2.0;7;2;1;0;1;1;5;0;1;1;8;0;8;1;Yes
Bookkeeper;/home/denni/isw2/bookkeeper/bookkeeper-server/src/main/java/org/apache/bookkeeper/proto/PerChannelBookieClient.java/connect;4.2.0;34;5;6;0;0;3;7;5;1;7;24;26;50;4;Yes
Bookkeeper;/home/denni/isw2/bookkeeper/bookkeeper-server/src/main/java/org/apache/bookkeeper/proto/PerChannelBookieClient.java/operationComplete;4.2.0;25;5;6;0;1;3;4;3;1;4;15;9;24;2;Yes
Bookkeeper;/home/denni/isw2/bookkeeper/bookkeeper-server/src/main/java/org/apache/bookkeeper/proto/PerChannelBookieClient.java/connectIfNeededAndDoOp;4.2.0;22;7;9;0;1;4;4;2;1;7;71;65;136;2;Yes
Bookkeeper;/home/denni/isw2/bookkeeper/bookkeeper-server/src/main/java/org/apache/bookkeeper/proto/PerChannelBookieClient.java/addEntry;4.2.0;40;4;5;0;7;3;5;6;1;7;52;52;104;3;Yes
Bookkeeper;/home/denni/isw2/bookkeeper/bookkeeper-server/src/main/java/org/apache/bookkeeper/proto/PerChannelBookieClient.java/readEntryAndFenceLedger;4.2.0;25;3;3;0;5;2;11;4;1;6;83;45;128;3;Yes
Bookkeeper;/home/denni/isw2/bookkeeper/bookkeeper-server/src/main/java/org/apache/bookkeeper/proto/PerChannelBookieClient.java/errorOutReadKey;4.2.0;9;2;1;0;1;1;1;1;1;3;8;0;8;2;No
Bookkeeper;/home/denni/isw2/bookkeeper/bookkeeper-server/src/main/java/org/apache/bookkeeper/proto/PerChannelBookieClient.java/safeRun;4.2.0;6;2;1;0;0;1;2;1;1;3;8;0;8;2;No
Bookkeeper;/home/denni/isw2/bookkeeper/bookkeeper-server/src/main/java/org/apache/bookkeeper/proto/PerChannelBookieClient.java/errorOutAddKey;4.2.0;13;3;3;0;1;2;1;2;1;5;4;4;8;2;No
Bookkeeper;/home/denni/isw2/bookkeeper/bookkeeper-server/src/main/java/org/apache/bookkeeper/proto/PerChannelBookieClient.java/safeRun;4.2.0;10;3;3;0;0;2;2;2;1;5;4;3;7;2;No
Bookkeeper;/home/denni/isw2/bookkeeper/bookkeeper-server/src/main/java/org/apache/bookkeeper/proto/PerChannelBookieClient.java/channelDisconnected;4.2.0;13;3;2;0;2;1;5;1;1;5;30;7;37;3;No
Bookkeeper;/home/denni/isw2/bookkeeper/bookkeeper-server/src/main/java/org/apache/bookkeeper/proto/PerChannelBookieClient.java/exceptionCaught;4.2.0;21;8;9;0;2;3;5;3;1;4;14;4;18;3;Yes
Bookkeeper;/home/denni/isw2/bookkeeper/bookkeeper-server/src/main/java/org/apache/bookkeeper/proto/PerChannelBookieClient.java/messageReceived;4.2.0;33;6;4;0;2;2;7;5;1;5;24;6;30;3;Yes
Bookkeeper;/home/denni/isw2/bookkeeper/bookkeeper-server/src/main/java/org/apache/bookkeeper/proto/PerChannelBookieClient.java/safeRun;4.2.0;11;4;1;0;0;1;1;0;1;4;11;3;14;3;Yes
Bookkeeper;/home/denni/isw2/bookkeeper/bookkeeper-server/src/main/java/org/apache/bookkeeper/proto/PerChannelBookieClient.java/handleAddResponse;4.2.0;29;9;3;0;3;1;6;1;1;4;25;5;30;2;Yes
Bookkeeper;/home/denni/isw2/bookkeeper/bookkeeper-server/src/main/java/org/apache/bookkeeper/proto/PerChannelBookieClient.java/handleReadResponse;4.2.0;27;8;10;0;4;4;7;2;1;2;7;5;12;1;Yes
Bookkeeper;/home/denni/isw2/bookkeeper/bookkeeper-server/src/main/java/org/apache/bookkeeper/proto/PerChannelBookieClient.java/equals;4.2.0;6;2;1;0;1;1;3;1;1;1;1;1;2;1;Yes
Bookkeeper;/home/denni/isw2/bookkeeper/bookkeeper-server/src/main/java/org/apache/bookkeeper/proto/PerChannelBookieClient.java/toString;4.2.0;2;1;0;0;0;0;1;0;1;0;0;0;0;0;No
Bookkeeper;/home/denni/isw2/bookkeeper/bookkeeper-server/src/main/java/org/apache/bookkeeper/proto/BookieServerBean.java/getAddStats;4.2.0;3;1;0;0;0;0;1;0;1;0;0;0;0;0;No
Bookkeeper;/home/denni/isw2/bookkeeper/bookkeeper-server/src/main/java/org/apache/bookkeeper/proto/BookieServerBean.java/getReadStats;4.2.0;3;1;0;0;0;0;1;0;1;0;0;0;0;0;No
Bookkeeper;/home/denni/isw2/bookkeeper/bookkeeper-server/src/main/java/org/apache/bookkeeper/proto/BookieServerBean.java/getServerState;4.2.0;3;1;0;0;0;0;1;0;1;0;0;0;0;0;No
Bookkeeper;/home/denni/isw2/bookkeeper/bookkeeper-server/src/main/java/org/apache/bookkeeper/proto/NIOServerFactory.java/getLocalAddress;4.2.0;2;1;0;0;0;0;1;0;1;0;0;0;0;0;No
Bookkeeper;/home/denni/isw2/bookkeeper/bookkeeper-server/src/main/java/org/apache/bookkeeper/proto/NIOServerFactory.java/run;4.2.0;29;7;10;0;0;5;3;7;1;2;6;1;7;1;No
Bookkeeper;/home/denni/isw2/bookkeeper/bookkeeper-server/src/main/java/org/apache/bookkeeper/proto/NIOServerFactory.java/clear;4.2.0;12;3;4;0;0;3;2;2;1;0;0;0;0;0;No
Bookkeeper;/home/denni/isw2/bookkeeper/bookkeeper-server/src/main/java/org/apache/bookkeeper/proto/NIOServerFactory.java/shutdown;4.2.0;10;3;3;0;0;2;1;0;1;1;0;4;4;1;No
Bookkeeper;/home/denni/isw2/bookkeeper/bookkeeper-server/src/main/java/org/apache/bookkeeper/proto/NIOServerFactory.java/doIO;4.2.0;85;18;21;0;1;5;1;6;1;0;0;0;0;0;No
Bookkeeper;/home/denni/isw2/bookkeeper/bookkeeper-server/src/main/java/org/apache/bookkeeper/proto/NIOServerFactory.java/readLength;4.2.0;5;2;1;0;1;1;3;1;1;2;2;2;4;2;No
Bookkeeper;/home/denni/isw2/bookkeeper/bookkeeper-server/src/main/java/org/apache/bookkeeper/proto/NIOServerFactory.java/close;4.2.0;37;8;9;0;0;3;10;0;1;1;1;3;4;1;Yes
Bookkeeper;/home/denni/isw2/bookkeeper/bookkeeper-server/src/main/java/org/apache/bookkeeper/proto/NIOServerFactory.java/makeWritable;4.2.0;8;3;3;0;1;2;1;0;1;0;0;0;0;0;No
Bookkeeper;/home/denni/isw2/bookkeeper/bookkeeper-server/src/main/java/org/apache/bookkeeper/proto/NIOServerFactory.java/sendBuffers;4.2.0;14;5;5;0;1;2;9;4;1;2;4;5;9;1;No
Bookkeeper;/home/denni/isw2/bookkeeper/bookkeeper-server/src/main/java/org/apache/bookkeeper/proto/NIOServerFactory.java/getRemoteAddress;4.2.0;2;1;0;0;0;0;1;0;1;0;0;0;0;0;No
Bookkeeper;/home/denni/isw2/bookkeeper/bookkeeper-server/src/main/java/org/apache/bookkeeper/proto/BookieServer.java/registerJMX;4.2.0;8;2;2;0;0;2;1;0;1;4;31;0;31;1;No
Bookkeeper;/home/denni/isw2/bookkeeper/bookkeeper-server/src/main/java/org/apache/bookkeeper/proto/BookieServer.java/unregisterJMX;4.2.0;8;3;3;0;0;2;2;0;1;4;14;9;23;2;No
Bookkeeper;/home/denni/isw2/bookkeeper/bookkeeper-server/src/main/java/org/apache/bookkeeper/proto/BookieServer.java/loadConfFile;4.2.0;10;3;3;0;2;2;2;0;1;1;1;1;2;1;No
Bookkeeper;/home/denni/isw2/bookkeeper/bookkeeper-server/src/main/java/org/apache/bookkeeper/proto/BookieServer.java/parseArgs;4.2.0;28;7;8;0;1;3;1;6;1;4;27;13;40;2;Yes
Bookkeeper;/home/denni/isw2/bookkeeper/bookkeeper-server/src/main/java/org/apache/bookkeeper/proto/BookieServer.java/main;4.2.0;37;5;5;0;1;2;8;6;1;6;19;3;22;2;Yes
Bookkeeper;/home/denni/isw2/bookkeeper/bookkeeper-server/src/main/java/org/apache/bookkeeper/proto/BookieServer.java/processPacket;4.2.0;137;33;33;0;2;5;13;16;1;8;115;13;128;4;Yes
Bookkeeper;/home/denni/isw2/bookkeeper/bookkeeper-server/src/main/java/org/apache/bookkeeper/proto/BookieServer.java/writeComplete;4.2.0;19;4;4;0;5;2;12;5;1;0;0;0;0;0;No
Bookkeeper;/home/denni/isw2/bookkeeper/bookkeeper-server/src/main/java/org/apache/bookkeeper/proto/BookieProtocol.java/fromInt;4.2.0;10;2;1;0;1;1;5;3;1;1;7;0;7;1;No
Bookkeeper;/home/denni/isw2/bookkeeper/bookkeeper-server/src/main/java/org/apache/bookkeeper/proto/BookkeeperInternalCallbacks.java/processResult;4.2.0;6;2;1;0;3;1;2;0;1;2;8;1;9;2;No
Bookkeeper;/home/denni/isw2/bookkeeper/bookkeeper-server/src/main/java/org/apache/bookkeeper/metastore/MetastoreUtils.java/cleanTable;4.2.0;35;5;5;0;2;2;8;9;1;0;0;0;0;0;No
Bookkeeper;/home/denni/isw2/bookkeeper/bookkeeper-server/src/main/java/org/apache/bookkeeper/metastore/InMemoryMetastoreCursor.java/unsafeReadEntries;4.2.0;11;2;1;0;1;1;4;6;2;0;0;0;0;0;No
Bookkeeper;/home/denni/isw2/bookkeeper/bookkeeper-server/src/main/java/org/apache/bookkeeper/metastore/MetastoreFactory.java/createMetaStore;4.2.0;5;2;2;0;1;2;1;0;1;0;0;0;0;0;No
Bookkeeper;/home/denni/isw2/bookkeeper/bookkeeper-server/src/main/java/org/apache/bookkeeper/metastore/MSException.java/create;4.2.0;19;10;1;0;3;1;1;0;1;0;0;0;0;0;No
Bookkeeper;/home/denni/isw2/bookkeeper/bookkeeper-server/src/main/java/org/apache/bookkeeper/metastore/InMemoryMetastoreTable.java/compare;4.2.0;18;7;8;0;1;3;5;2;1;0;0;0;0;0;No
Bookkeeper;/home/denni/isw2/bookkeeper/bookkeeper-server/src/main/java/org/apache/bookkeeper/metastore/InMemoryMetastoreTable.java/equals;4.2.0;6;2;1;0;1;1;3;1;1;0;0;0;0;0;No
Bookkeeper;/home/denni/isw2/bookkeeper/bookkeeper-server/src/main/java/org/apache/bookkeeper/metastore/InMemoryMetastoreTable.java/cloneValue;4.2.0;16;7;7;0;3;2;4;2;2;0;0;0;0;0;No
Bookkeeper;/home/denni/isw2/bookkeeper/bookkeeper-server/src/main/java/org/apache/bookkeeper/metastore/InMemoryMetastoreTable.java/put;4.2.0;11;2;1;0;5;1;1;1;1;0;0;0;0;0;No
Bookkeeper;/home/denni/isw2/bookkeeper/bookkeeper-server/src/main/java/org/apache/bookkeeper/metastore/InMemoryMetastoreTable.java/run;4.2.0;7;2;1;0;0;1;3;1;1;0;0;0;0;0;No
Bookkeeper;/home/denni/isw2/bookkeeper/bookkeeper-server/src/main/java/org/apache/bookkeeper/metastore/InMemoryMetastoreTable.java/openCursor;4.2.0;8;1;0;0;8;0;1;1;1;0;0;0;0;0;No
Bookkeeper;/home/denni/isw2/bookkeeper/bookkeeper-server/src/main/java/org/apache/bookkeeper/metastore/InMemoryMetastoreTable.java/run;4.2.0;4;1;0;0;0;0;2;1;1;0;0;0;0;0;No
Bookkeeper;/home/denni/isw2/bookkeeper/bookkeeper-server/src/main/java/org/apache/bookkeeper/metastore/InMemoryMetastoreTable.java/remove;4.2.0;8;3;2;0;2;1;5;1;1;0;0;0;0;0;No
Bookkeeper;/home/denni/isw2/bookkeeper/bookkeeper-server/src/main/java/org/apache/bookkeeper/metastore/InMemoryMetastoreTable.java/put;4.2.0;16;5;5;0;3;2;7;1;2;0;0;0;0;0;No
Bookkeeper;/home/denni/isw2/bookkeeper/bookkeeper-server/src/main/java/org/apache/bookkeeper/metastore/InMemoryMetastoreTable.java/openCursor;4.2.0;29;11;12;0;6;3;7;3;2;0;0;0;0;0;No
Bookkeeper;/home/denni/isw2/bookkeeper/hedwig-server/src/main/java/org/apache/hedwig/zookeeper/ZkUtils.java/logErrorAndCreateZKException;4.2.0;4;1;0;0;3;0;3;1;1;0;0;0;0;0;No
Bookkeeper;/home/denni/isw2/bookkeeper/hedwig-server/src/main/java/org/apache/hedwig/server/topics/ZkHubServerManager.java/safeProcessResult;4.2.0;4;2;1;0;4;1;1;0;1;0;0;0;0;0;Yes
Bookkeeper;/home/denni/isw2/bookkeeper/hedwig-server/src/main/java/org/apache/hedwig/server/topics/ZkHubServerManager.java/process;4.2.0;18;9;11;0;1;4;2;0;1;0;0;0;0;0;Yes
Bookkeeper;/home/denni/isw2/bookkeeper/hedwig-server/src/main/java/org/apache/hedwig/server/topics/ZkHubServerManager.java/chooseLeastLoadedNode;4.2.0;33;8;9;0;3;3;2;9;1;2;2;4;6;2;Yes
Bookkeeper;/home/denni/isw2/bookkeeper/hedwig-server/src/main/java/org/apache/hedwig/server/topics/ZkHubServerManager.java/safeProcessResult;4.2.0;24;7;8;0;5;3;1;3;1;2;2;4;6;2;Yes
Bookkeeper;/home/denni/isw2/bookkeeper/hedwig-server/src/main/java/org/apache/hedwig/server/topics/ZkTopicManager.java/choose;4.2.0;14;2;1;0;0;1;1;0;1;3;25;7;32;2;Yes
Bookkeeper;/home/denni/isw2/bookkeeper/hedwig-server/src/main/java/org/apache/hedwig/server/topics/ZkTopicManager.java/operationFinished;4.2.0;7;2;1;0;2;1;2;0;1;2;12;1;13;2;Yes
Bookkeeper;/home/denni/isw2/bookkeeper/hedwig-server/src/main/java/org/apache/hedwig/server/topics/ZkTopicManager.java/operationFailed;4.2.0;4;1;0;0;2;0;2;0;1;3;8;1;9;2;Yes
Bookkeeper;/home/denni/isw2/bookkeeper/hedwig-server/src/main/java/org/apache/hedwig/server/topics/ZkTopicManager.java/read;4.2.0;32;7;8;0;0;3;1;4;1;3;14;2;16;3;Yes
Bookkeeper;/home/denni/isw2/bookkeeper/hedwig-server/src/main/java/org/apache/hedwig/server/topics/ZkTopicManager.java/safeProcessResult;4.2.0;29;7;8;0;5;3;4;4;1;3;14;2;16;3;Yes
Bookkeeper;/home/denni/isw2/bookkeeper/hedwig-server/src/main/java/org/apache/hedwig/server/topics/ZkTopicManager.java/postReleaseCleanup;4.2.0;35;6;6;0;3;2;1;5;1;3;18;4;22;3;Yes
Bookkeeper;/home/denni/isw2/bookkeeper/hedwig-server/src/main/java/org/apache/hedwig/server/topics/ZkTopicManager.java/safeProcessResult;4.2.0;31;6;6;0;5;2;5;5;1;3;16;2;18;3;Yes
Bookkeeper;/home/denni/isw2/bookkeeper/hedwig-server/src/main/java/org/apache/hedwig/server/topics/HubInfo.java/equals;4.2.0;17;6;6;0;1;2;4;1;1;0;0;0;0;0;Yes
Bookkeeper;/home/denni/isw2/bookkeeper/hedwig-server/src/main/java/org/apache/hedwig/server/topics/HubInfo.java/parse;4.2.0;34;6;7;0;1;3;7;6;1;0;0;0;0;0;Yes
Bookkeeper;/home/denni/isw2/bookkeeper/hedwig-server/src/main/java/org/apache/hedwig/server/topics/AbstractTopicManager.java/notifyListenersAndAddToOwnedTopics;4.2.0;34;4;4;0;3;2;3;4;1;4;58;6;64;3;Yes
Bookkeeper;/home/denni/isw2/bookkeeper/hedwig-server/src/main/java/org/apache/hedwig/server/topics/AbstractTopicManager.java/operationFinished;4.2.0;18;3;3;0;2;2;3;0;1;4;25;3;28;3;Yes
Bookkeeper;/home/denni/isw2/bookkeeper/hedwig-server/src/main/java/org/apache/hedwig/server/topics/AbstractTopicManager.java/run;4.2.0;11;2;1;0;0;1;1;0;1;3;20;2;22;3;Yes
Bookkeeper;/home/denni/isw2/bookkeeper/hedwig-server/src/main/java/org/apache/hedwig/server/topics/AbstractTopicManager.java/operationFailed;4.2.0;3;1;0;0;2;0;1;0;1;2;5;1;6;2;Yes
Bookkeeper;/home/denni/isw2/bookkeeper/hedwig-server/src/main/java/org/apache/hedwig/server/topics/AbstractTopicManager.java/realReleaseTopic;4.2.0;4;2;1;0;3;1;3;1;1;1;5;0;5;1;Yes
Bookkeeper;/home/denni/isw2/bookkeeper/hedwig-server/src/main/java/org/apache/hedwig/server/topics/HubLoad.java/equals;4.2.0;5;2;1;0;1;1;2;0;1;0;0;0;0;0;Yes
Bookkeeper;/home/denni/isw2/bookkeeper/hedwig-server/src/main/java/org/apache/hedwig/server/topics/MMTopicManager.java/read;4.2.0;39;6;6;0;0;2;1;2;1;1;1;1;2;1;Yes
Bookkeeper;/home/denni/isw2/bookkeeper/hedwig-server/src/main/java/org/apache/hedwig/server/topics/MMTopicManager.java/operationFinished;4.2.0;33;6;6;0;2;2;9;2;1;1;1;1;2;1;Yes
Bookkeeper;/home/denni/isw2/bookkeeper/hedwig-server/src/main/java/org/apache/hedwig/server/topics/MMTopicManager.java/claim;4.2.0;14;2;1;0;1;1;2;0;1;0;0;0;0;0;Yes
Bookkeeper;/home/denni/isw2/bookkeeper/hedwig-server/src/main/java/org/apache/hedwig/server/topics/MMTopicManager.java/operationFailed;4.2.0;7;2;1;0;2;1;2;0;1;0;0;0;0;0;Yes
Bookkeeper;/home/denni/isw2/bookkeeper/hedwig-server/src/main/java/org/apache/hedwig/server/topics/MMTopicManager.java/claimTopic;4.2.0;4;1;0;0;1;0;3;0;1;0;0;0;0;0;Yes
Bookkeeper;/home/denni/isw2/bookkeeper/hedwig-server/src/main/java/org/apache/hedwig/server/topics/MMTopicManager.java/choose;4.2.0;14;2;1;0;1;1;1;0;1;0;0;0;0;0;Yes
Bookkeeper;/home/denni/isw2/bookkeeper/hedwig-server/src/main/java/org/apache/hedwig/server/topics/MMTopicManager.java/operationFinished;4.2.0;7;2;1;0;2;1;2;0;1;0;0;0;0;0;Yes
Bookkeeper;/home/denni/isw2/bookkeeper/hedwig-server/src/main/java/org/apache/hedwig/server/topics/MMTopicManager.java/operationFailed;4.2.0;4;1;0;0;2;0;2;0;1;0;0;0;0;0;Yes
Bookkeeper;/home/denni/isw2/bookkeeper/hedwig-server/src/main/java/org/apache/hedwig/server/topics/MMTopicManager.java/setOwner;4.2.0;15;2;1;0;2;1;2;0;1;0;0;0;0;0;Yes
Bookkeeper;/home/denni/isw2/bookkeeper/hedwig-server/src/main/java/org/apache/hedwig/server/topics/MMTopicManager.java/operationFinished;4.2.0;4;1;0;0;2;0;2;0;1;0;0;0;0;0;Yes
Bookkeeper;/home/denni/isw2/bookkeeper/hedwig-server/src/main/java/org/apache/hedwig/server/topics/MMTopicManager.java/operationFailed;4.2.0;7;2;1;0;2;1;2;0;1;0;0;0;0;0;Yes
Bookkeeper;/home/denni/isw2/bookkeeper/hedwig-server/src/main/java/org/apache/hedwig/server/topics/MMTopicManager.java/postReleaseCleanup;4.2.0;36;5;4;0;3;1;1;1;1;0;0;0;0;0;Yes
Bookkeeper;/home/denni/isw2/bookkeeper/hedwig-server/src/main/java/org/apache/hedwig/server/topics/MMTopicManager.java/operationFinished;4.2.0;28;5;4;0;2;1;5;1;1;0;0;0;0;0;Yes
Bookkeeper;/home/denni/isw2/bookkeeper/hedwig-server/src/main/java/org/apache/hedwig/server/topics/MMTopicManager.java/operationFailed;4.2.0;8;2;1;0;2;1;3;0;1;0;0;0;0;0;Yes
Bookkeeper;/home/denni/isw2/bookkeeper/hedwig-server/src/main/java/org/apache/hedwig/server/topics/MMTopicManager.java/operationFailed;4.2.0;4;1;0;0;2;0;2;0;1;0;0;0;0;0;Yes
Bookkeeper;/home/denni/isw2/bookkeeper/hedwig-server/src/main/java/org/apache/hedwig/server/topics/MMTopicManager.java/stop;4.2.0;7;2;2;0;0;2;2;0;1;0;0;0;0;0;Yes
Bookkeeper;/home/denni/isw2/bookkeeper/hedwig-server/src/main/java/org/apache/hedwig/server/proxy/HedwigProxy.java/start;4.2.0;12;1;0;0;0;0;3;1;1;1;2;0;2;1;No
Bookkeeper;/home/denni/isw2/bookkeeper/hedwig-server/src/main/java/org/apache/hedwig/server/proxy/HedwigProxy.java/main;4.2.0;21;5;6;0;1;3;4;4;1;1;1;1;2;1;No
Bookkeeper;/home/denni/isw2/bookkeeper/hedwig-server/src/main/java/org/apache/hedwig/server/proxy/ProxyStartDeliveryHandler.java/handleRequest;4.2.0;34;6;6;0;2;2;4;6;1;4;13;12;25;2;No
Bookkeeper;/home/denni/isw2/bookkeeper/hedwig-server/src/main/java/org/apache/hedwig/server/persistence/ReadAheadCacheBean.java/getMaxCacheSize;4.2.0;3;1;0;0;0;0;1;0;1;0;0;0;0;0;No
Bookkeeper;/home/denni/isw2/bookkeeper/hedwig-server/src/main/java/org/apache/hedwig/server/persistence/ReadAheadCacheBean.java/getPresentCacheSize;4.2.0;3;1;0;0;0;0;1;0;1;1;1;1;2;1;No
Bookkeeper;/home/denni/isw2/bookkeeper/hedwig-server/src/main/java/org/apache/hedwig/server/persistence/ReadAheadCacheBean.java/getNumCachedEntries;4.2.0;3;1;0;0;0;0;1;0;1;0;0;0;0;0;No
Bookkeeper;/home/denni/isw2/bookkeeper/hedwig-server/src/main/java/org/apache/hedwig/server/persistence/ReadAheadCacheBean.java/getNumPendingCacheRequests;4.2.0;3;1;0;0;0;0;1;0;1;1;1;1;2;1;No
Bookkeeper;/home/denni/isw2/bookkeeper/hedwig-server/src/main/java/org/apache/hedwig/server/persistence/BookkeeperPersistenceManager.java/buildLedgerRange;4.2.0;3;1;0;0;3;0;2;1;1;3;14;5;19;2;Yes
Bookkeeper;/home/denni/isw2/bookkeeper/hedwig-server/src/main/java/org/apache/hedwig/server/persistence/BookkeeperPersistenceManager.java/runInternal;4.2.0;7;3;2;0;0;1;3;0;1;1;1;1;2;1;No
Bookkeeper;/home/denni/isw2/bookkeeper/hedwig-server/src/main/java/org/apache/hedwig/server/persistence/BookkeeperPersistenceManager.java/read;4.2.0;60;12;13;0;3;3;5;7;1;8;61;20;81;3;Yes
Bookkeeper;/home/denni/isw2/bookkeeper/hedwig-server/src/main/java/org/apache/hedwig/server/persistence/BookkeeperPersistenceManager.java/safeOpenComplete;4.2.0;10;2;1;0;3;1;5;1;1;1;2;0;2;1;Yes
Bookkeeper;/home/denni/isw2/bookkeeper/hedwig-server/src/main/java/org/apache/hedwig/server/persistence/BookkeeperPersistenceManager.java/safeReadComplete;4.2.0;34;7;8;0;4;3;4;4;1;5;36;6;42;1;Yes
Bookkeeper;/home/denni/isw2/bookkeeper/hedwig-server/src/main/java/org/apache/hedwig/server/persistence/BookkeeperPersistenceManager.java/startReadingFrom;4.2.0;10;3;3;0;1;2;2;2;1;3;23;2;25;2;Yes
Bookkeeper;/home/denni/isw2/bookkeeper/hedwig-server/src/main/java/org/apache/hedwig/server/persistence/BookkeeperPersistenceManager.java/run;4.2.0;37;7;8;0;0;3;8;10;1;5;78;14;92;2;Yes
Bookkeeper;/home/denni/isw2/bookkeeper/hedwig-server/src/main/java/org/apache/hedwig/server/persistence/BookkeeperPersistenceManager.java/operationFinished;4.2.0;5;2;1;0;2;1;3;1;1;1;5;0;5;1;No
Bookkeeper;/home/denni/isw2/bookkeeper/hedwig-server/src/main/java/org/apache/hedwig/server/persistence/BookkeeperPersistenceManager.java/runInternal;4.2.0;17;5;5;0;0;2;7;5;1;3;40;16;56;2;Yes
Bookkeeper;/home/denni/isw2/bookkeeper/hedwig-server/src/main/java/org/apache/hedwig/server/persistence/BookkeeperPersistenceManager.java/deleteLedgersAndUpdateLedgersRange;4.2.0;30;4;3;0;3;1;4;3;1;5;89;6;95;3;Yes
Bookkeeper;/home/denni/isw2/bookkeeper/hedwig-server/src/main/java/org/apache/hedwig/server/persistence/BookkeeperPersistenceManager.java/operationFailed;4.2.0;2;1;0;0;2;0;1;0;1;3;7;1;8;2;Yes
Bookkeeper;/home/denni/isw2/bookkeeper/hedwig-server/src/main/java/org/apache/hedwig/server/persistence/BookkeeperPersistenceManager.java/deleteComplete;4.2.0;15;2;1;0;2;1;1;1;1;4;38;2;40;2;Yes
Bookkeeper;/home/denni/isw2/bookkeeper/hedwig-server/src/main/java/org/apache/hedwig/server/persistence/BookkeeperPersistenceManager.java/operationFailed;4.2.0;2;1;0;0;2;0;1;0;1;1;3;0;3;1;Yes
Bookkeeper;/home/denni/isw2/bookkeeper/hedwig-server/src/main/java/org/apache/hedwig/server/persistence/BookkeeperPersistenceManager.java/getMinSeqIdForTopic;4.2.0;6;2;1;0;1;1;2;1;1;1;8;0;8;1;Yes
Bookkeeper;/home/denni/isw2/bookkeeper/hedwig-server/src/main/java/org/apache/hedwig/server/persistence/BookkeeperPersistenceManager.java/releaseTopicIfRequested;4.2.0;30;5;5;0;3;2;4;2;1;3;61;46;107;2;Yes
Bookkeeper;/home/denni/isw2/bookkeeper/hedwig-server/src/main/java/org/apache/hedwig/server/persistence/BookkeeperPersistenceManager.java/operationFailed;4.2.0;3;1;0;0;2;0;1;0;1;3;8;3;11;2;Yes
Bookkeeper;/home/denni/isw2/bookkeeper/hedwig-server/src/main/java/org/apache/hedwig/server/persistence/BookkeeperPersistenceManager.java/operationFinished;4.2.0;3;1;0;0;2;0;1;0;1;2;7;3;10;2;Yes
Bookkeeper;/home/denni/isw2/bookkeeper/hedwig-server/src/main/java/org/apache/hedwig/server/persistence/BookkeeperPersistenceManager.java/doPersistMessage;4.2.0;68;13;14;0;1;3;15;12;1;6;71;25;96;2;Yes
Bookkeeper;/home/denni/isw2/bookkeeper/hedwig-server/src/main/java/org/apache/hedwig/server/persistence/BookkeeperPersistenceManager.java/safeAddComplete;4.2.0;33;6;6;0;4;2;6;4;1;6;8;2;10;2;Yes
Bookkeeper;/home/denni/isw2/bookkeeper/hedwig-server/src/main/java/org/apache/hedwig/server/persistence/BookkeeperPersistenceManager.java/operationFailed;4.2.0;4;1;0;0;2;0;2;0;1;0;0;0;0;0;No
Bookkeeper;/home/denni/isw2/bookkeeper/hedwig-server/src/main/java/org/apache/hedwig/server/persistence/BookkeeperPersistenceManager.java/operationFinished;4.2.0;10;2;1;0;2;1;5;2;1;1;1;1;2;1;No
Bookkeeper;/home/denni/isw2/bookkeeper/hedwig-server/src/main/java/org/apache/hedwig/server/persistence/BookkeeperPersistenceManager.java/scanSingleMessage;4.2.0;2;1;0;0;1;0;1;0;1;1;2;0;2;1;Yes
Bookkeeper;/home/denni/isw2/bookkeeper/hedwig-server/src/main/java/org/apache/hedwig/server/persistence/BookkeeperPersistenceManager.java/getStartSeqIdToProcessTopicLedgerRanges;4.2.0;34;7;7;0;2;2;4;7;1;3;97;0;97;1;Yes
Bookkeeper;/home/denni/isw2/bookkeeper/hedwig-server/src/main/java/org/apache/hedwig/server/persistence/BookkeeperPersistenceManager.java/safeOpenComplete;4.2.0;23;6;6;0;3;2;7;5;1;3;74;0;74;1;Yes
Bookkeeper;/home/denni/isw2/bookkeeper/hedwig-server/src/main/java/org/apache/hedwig/server/persistence/BookkeeperPersistenceManager.java/processTopicLedgerRanges;4.2.0;26;7;8;0;3;3;5;5;1;3;77;0;77;1;Yes
Bookkeeper;/home/denni/isw2/bookkeeper/hedwig-server/src/main/java/org/apache/hedwig/server/persistence/BookkeeperPersistenceManager.java/recoverLastTopicLedgerAndOpenNewOne;4.2.0;58;7;7;0;4;2;1;9;1;3;72;0;72;1;Yes
Bookkeeper;/home/denni/isw2/bookkeeper/hedwig-server/src/main/java/org/apache/hedwig/server/persistence/BookkeeperPersistenceManager.java/safeOpenComplete;4.2.0;42;7;7;0;3;2;4;9;1;3;68;0;68;1;Yes
Bookkeeper;/home/denni/isw2/bookkeeper/hedwig-server/src/main/java/org/apache/hedwig/server/persistence/BookkeeperPersistenceManager.java/safeReadComplete;4.2.0;27;5;5;0;4;2;10;7;1;3;38;0;38;1;Yes
Bookkeeper;/home/denni/isw2/bookkeeper/hedwig-server/src/main/java/org/apache/hedwig/server/persistence/BookkeeperPersistenceManager.java/openNewTopicLedger;4.2.0;51;6;5;0;7;1;1;5;1;2;5;0;5;2;Yes
Bookkeeper;/home/denni/isw2/bookkeeper/hedwig-server/src/main/java/org/apache/hedwig/server/persistence/BookkeeperPersistenceManager.java/safeCreateComplete;4.2.0;29;6;5;0;3;1;11;4;1;1;1;0;1;1;No
Bookkeeper;/home/denni/isw2/bookkeeper/hedwig-server/src/main/java/org/apache/hedwig/server/persistence/BookkeeperPersistenceManager.java/operationFinished;4.2.0;5;1;0;0;2;0;3;0;1;0;0;0;0;0;No
Bookkeeper;/home/denni/isw2/bookkeeper/hedwig-server/src/main/java/org/apache/hedwig/server/persistence/BookkeeperPersistenceManager.java/run;4.2.0;8;2;1;0;0;1;3;1;1;1;4;0;4;1;Yes
Bookkeeper;/home/denni/isw2/bookkeeper/hedwig-server/src/main/java/org/apache/hedwig/server/persistence/BookkeeperPersistenceManager.java/closeLastTopicLedgerAndOpenNewOne;4.2.0;20;3;2;0;1;1;2;5;1;1;1;0;1;1;Yes
Bookkeeper;/home/denni/isw2/bookkeeper/hedwig-server/src/main/java/org/apache/hedwig/server/persistence/BookkeeperPersistenceManager.java/closeComplete;4.2.0;15;3;2;0;3;1;8;3;1;0;0;0;0;0;No
Bookkeeper;/home/denni/isw2/bookkeeper/hedwig-server/src/main/java/org/apache/hedwig/server/persistence/BookkeeperPersistenceManager.java/runInternal;4.2.0;10;5;5;0;0;2;4;2;1;0;0;0;0;0;No
Bookkeeper;/home/denni/isw2/bookkeeper/hedwig-server/src/main/java/org/apache/hedwig/server/persistence/LocalDBPersistenceManager.java/adjustTopicSeqIdForPublish;4.2.0;32;3;3;0;2;2;5;3;1;0;0;0;0;0;No
Bookkeeper;/home/denni/isw2/bookkeeper/hedwig-server/src/main/java/org/apache/hedwig/server/persistence/LocalDBPersistenceManager.java/persistMessage;4.2.0;40;7;9;0;1;4;12;10;1;2;3;3;6;2;Yes
Bookkeeper;/home/denni/isw2/bookkeeper/hedwig-server/src/main/java/org/apache/hedwig/server/persistence/LocalDBPersistenceManager.java/scanMessagesInternal;4.2.0;65;14;17;0;7;5;6;11;1;3;22;2;24;2;No
Bookkeeper;/home/denni/isw2/bookkeeper/hedwig-server/src/main/java/org/apache/hedwig/server/persistence/LocalDBPersistenceManager.java/consumedUntil;4.2.0;24;7;8;0;2;3;4;4;1;2;13;1;14;2;Yes
Bookkeeper;/home/denni/isw2/bookkeeper/hedwig-server/src/main/java/org/apache/hedwig/server/persistence/LocalDBPersistenceManager.java/finalize;4.2.0;14;5;7;0;0;4;2;1;1;0;0;0;0;0;No
Bookkeeper;/home/denni/isw2/bookkeeper/hedwig-server/src/main/java/org/apache/hedwig/server/persistence/CacheValue.java/setMessageAndInvokeCallbacks;4.2.0;9;4;4;0;2;2;5;1;1;2;6;6;12;2;Yes
Bookkeeper;/home/denni/isw2/bookkeeper/hedwig-server/src/main/java/org/apache/hedwig/server/persistence/ReadAheadCache.java/enqueueWithoutFailureByTopic;4.2.0;13;3;3;0;2;2;2;0;1;3;6;0;6;1;No
Bookkeeper;/home/denni/isw2/bookkeeper/hedwig-server/src/main/java/org/apache/hedwig/server/persistence/ReadAheadCache.java/stop;4.2.0;9;2;2;0;0;2;1;0;1;1;6;1;7;1;No
Bookkeeper;/home/denni/isw2/bookkeeper/hedwig-server/src/main/java/org/apache/hedwig/server/persistence/ReadAheadCache.java/doReadAheadStartingFrom;4.2.0;29;5;5;0;3;2;9;8;1;2;6;2;8;2;No
Bookkeeper;/home/denni/isw2/bookkeeper/hedwig-server/src/main/java/org/apache/hedwig/server/persistence/ReadAheadCache.java/messageScanned;4.2.0;11;3;2;0;2;1;7;2;1;2;4;4;8;2;No
Bookkeeper;/home/denni/isw2/bookkeeper/hedwig-server/src/main/java/org/apache/hedwig/server/persistence/ReadAheadCache.java/scanFinished;4.2.0;3;2;1;0;2;1;1;0;1;3;3;4;7;3;Yes
Bookkeeper;/home/denni/isw2/bookkeeper/hedwig-server/src/main/java/org/apache/hedwig/server/persistence/ReadAheadCache.java/addMessageToCache;4.2.0;26;3;3;0;3;2;11;4;1;4;49;26;75;3;Yes
Bookkeeper;/home/denni/isw2/bookkeeper/hedwig-server/src/main/java/org/apache/hedwig/server/persistence/ReadAheadCache.java/removeMessageFromCache;4.2.0;18;5;4;0;4;1;7;4;1;3;42;20;62;2;No
Bookkeeper;/home/denni/isw2/bookkeeper/hedwig-server/src/main/java/org/apache/hedwig/server/persistence/ReadAheadCache.java/collectOldOrExpiredCacheEntries;4.2.0;14;5;6;0;1;3;2;2;1;2;18;15;33;1;No
Bookkeeper;/home/denni/isw2/bookkeeper/hedwig-server/src/main/java/org/apache/hedwig/server/persistence/ReadAheadCache.java/collectCacheEntriesAtTimestamp;4.2.0;11;2;1;0;2;1;3;3;1;4;20;3;23;3;Yes
Bookkeeper;/home/denni/isw2/bookkeeper/hedwig-server/src/main/java/org/apache/hedwig/server/persistence/ReadAheadCache.java/performRequest;4.2.0;11;1;0;0;0;0;1;0;1;0;0;0;0;0;No
Bookkeeper;/home/denni/isw2/bookkeeper/hedwig-server/src/main/java/org/apache/hedwig/server/persistence/ReadAheadCache.java/performRequest;4.2.0;2;1;0;0;0;0;1;0;1;1;3;0;3;1;No
Bookkeeper;/home/denni/isw2/bookkeeper/hedwig-server/src/main/java/org/apache/hedwig/server/persistence/ReadAheadCache.java/performRequest;4.2.0;2;1;0;0;0;0;1;0;1;1;2;0;2;1;No
Bookkeeper;/home/denni/isw2/bookkeeper/hedwig-server/src/main/java/org/apache/hedwig/server/persistence/ReadAheadCache.java/performRequest;4.2.0;17;4;3;0;0;1;5;5;1;1;13;0;13;1;No
Bookkeeper;/home/denni/isw2/bookkeeper/hedwig-server/src/main/java/org/apache/hedwig/server/persistence/ReadAheadCache.java/performRequest;4.2.0;21;3;2;0;0;1;6;3;1;0;0;0;0;0;No
Bookkeeper;/home/denni/isw2/bookkeeper/hedwig-server/src/main/java/org/apache/hedwig/server/persistence/ReadAheadCache.java/registerJMX;4.2.0;8;2;2;0;1;2;1;0;1;0;0;0;0;0;No
Bookkeeper;/home/denni/isw2/bookkeeper/hedwig-server/src/main/java/org/apache/hedwig/server/persistence/ReadAheadCache.java/unregisterJMX;4.2.0;7;3;3;0;0;2;1;0;1;0;0;0;0;0;No
Bookkeeper;/home/denni/isw2/bookkeeper/hedwig-server/src/main/java/org/apache/hedwig/server/netty/UmbrellaHandler.java/exceptionCaught;4.2.0;9;2;1;0;2;1;2;2;1;1;1;3;4;1;Yes
Bookkeeper;/home/denni/isw2/bookkeeper/hedwig-server/src/main/java/org/apache/hedwig/server/netty/UmbrellaHandler.java/channelConnected;4.2.0;11;3;3;0;2;2;1;0;1;2;2;4;6;1;Yes
Bookkeeper;/home/denni/isw2/bookkeeper/hedwig-server/src/main/java/org/apache/hedwig/server/netty/UmbrellaHandler.java/operationComplete;4.2.0;6;2;1;0;1;1;1;0;1;1;1;3;4;1;Yes
Bookkeeper;/home/denni/isw2/bookkeeper/hedwig-server/src/main/java/org/apache/hedwig/server/netty/UmbrellaHandler.java/sendErrorResponseToMalformedRequest;4.2.0;5;1;0;0;3;0;4;2;1;0;0;0;0;0;No
Bookkeeper;/home/denni/isw2/bookkeeper/hedwig-server/src/main/java/org/apache/hedwig/server/netty/PubSubServerPipelineFactory.java/getPipeline;4.2.0;10;2;1;0;0;1;8;1;1;1;1;1;2;1;No
Bookkeeper;/home/denni/isw2/bookkeeper/hedwig-server/src/main/java/org/apache/hedwig/server/netty/PubSubServer.java/instantiateZookeeperClient;4.2.0;12;4;4;0;0;2;1;1;1;1;7;0;7;1;Yes
Bookkeeper;/home/denni/isw2/bookkeeper/hedwig-server/src/main/java/org/apache/hedwig/server/netty/PubSubServer.java/instantiateMetadataManagerFactory;4.2.0;4;2;1;0;0;1;2;0;1;0;0;0;0;0;No
Bookkeeper;/home/denni/isw2/bookkeeper/hedwig-server/src/main/java/org/apache/hedwig/server/netty/PubSubServer.java/initializeNetty;4.2.0;12;3;2;0;3;0;11;4;1;5;24;4;28;2;Yes
Bookkeeper;/home/denni/isw2/bookkeeper/hedwig-server/src/main/java/org/apache/hedwig/server/netty/PubSubServer.java/registerJMX;4.2.0;16;4;5;0;1;3;2;1;1;2;5;2;7;1;Yes
Bookkeeper;/home/denni/isw2/bookkeeper/hedwig-server/src/main/java/org/apache/hedwig/server/netty/PubSubServer.java/unregisterJMX;4.2.0;15;6;6;0;0;2;5;0;1;4;6;3;9;3;Yes
Bookkeeper;/home/denni/isw2/bookkeeper/hedwig-server/src/main/java/org/apache/hedwig/server/netty/PubSubServer.java/start;4.2.0;34;4;4;0;0;2;4;4;1;6;18;8;26;2;Yes
Bookkeeper;/home/denni/isw2/bookkeeper/hedwig-server/src/main/java/org/apache/hedwig/server/netty/PubSubServer.java/run;4.2.0;27;3;3;0;0;2;2;2;1;5;17;8;25;2;Yes
Bookkeeper;/home/denni/isw2/bookkeeper/hedwig-server/src/main/java/org/apache/hedwig/server/netty/PubSubServer.java/errorMsgAndExit;4.2.0;9;1;0;0;3;0;3;0;1;1;1;0;1;1;Yes
Bookkeeper;/home/denni/isw2/bookkeeper/hedwig-server/src/main/java/org/apache/hedwig/server/netty/PubSubServer.java/main;4.2.0;32;8;9;0;1;3;6;8;1;1;10;0;10;1;Yes
Bookkeeper;/home/denni/isw2/bookkeeper/hedwig-server/src/main/java/org/apache/hedwig/server/common/TerminateJVMExceptionHandler.java/uncaughtException;4.2.0;4;1;0;0;2;0;2;0;1;2;2;2;4;2;No
Bookkeeper;/home/denni/isw2/bookkeeper/hedwig-server/src/main/java/org/apache/hedwig/server/common/ServerConfiguration.java/refreshMyServerAddress;4.2.0;5;2;2;0;0;2;1;0;1;0;0;0;0;0;No
Bookkeeper;/home/denni/isw2/bookkeeper/hedwig-server/src/main/java/org/apache/hedwig/server/common/ServerConfiguration.java/getZkHost;4.2.0;10;2;1;0;0;1;3;1;1;2;6;1;7;1;Yes
Bookkeeper;/home/denni/isw2/bookkeeper/hedwig-server/src/main/java/org/apache/hedwig/server/common/ServerConfiguration.java/validate;4.2.0;16;7;8;0;0;3;4;2;1;0;0;0;0;0;No
Bookkeeper;/home/denni/isw2/bookkeeper/hedwig-server/src/main/java/org/apache/hedwig/server/delivery/FIFODeliveryManager.java/run;4.2.0;18;5;6;0;0;3;1;1;1;6;19;6;25;2;Yes
Bookkeeper;/home/denni/isw2/bookkeeper/hedwig-server/src/main/java/org/apache/hedwig/server/delivery/FIFODeliveryManager.java/removeDeliveryPtr;4.2.0;12;5;4;0;4;1;7;2;1;4;13;2;15;3;Yes
Bookkeeper;/home/denni/isw2/bookkeeper/hedwig-server/src/main/java/org/apache/hedwig/server/delivery/FIFODeliveryManager.java/messageConsumed;4.2.0;16;5;4;0;1;1;5;0;1;2;13;7;20;2;No
Bookkeeper;/home/denni/isw2/bookkeeper/hedwig-server/src/main/java/org/apache/hedwig/server/delivery/FIFODeliveryManager.java/msgLimitExceeded;4.2.0;6;3;2;0;0;1;3;0;1;1;1;1;2;1;No
Bookkeeper;/home/denni/isw2/bookkeeper/hedwig-server/src/main/java/org/apache/hedwig/server/delivery/FIFODeliveryManager.java/doDeliverNextMessage;4.2.0;13;3;2;0;0;1;3;0;1;2;19;13;32;1;No
Bookkeeper;/home/denni/isw2/bookkeeper/hedwig-server/src/main/java/org/apache/hedwig/server/delivery/FIFODeliveryManager.java/performRequest;4.2.0;20;3;3;0;0;2;5;2;1;3;21;2;23;2;No
Bookkeeper;/home/denni/isw2/bookkeeper/hedwig-server/src/main/java/org/apache/hedwig/server/delivery/FIFODeliveryManager.java/doStopServingSubscriber;4.2.0;16;1;0;0;2;0;2;0;1;1;13;0;13;1;No
Bookkeeper;/home/denni/isw2/bookkeeper/hedwig-server/src/main/java/org/apache/hedwig/server/delivery/FIFODeliveryManager.java/performRequest;4.2.0;2;1;0;0;0;0;1;0;1;0;0;0;0;0;No
Bookkeeper;/home/denni/isw2/bookkeeper/hedwig-server/src/main/java/org/apache/hedwig/server/delivery/ChannelEndPoint.java/operationComplete;4.2.0;9;3;2;0;1;1;4;1;1;0;0;0;0;0;No
Bookkeeper;/home/denni/isw2/bookkeeper/hedwig-server/src/main/java/org/apache/hedwig/server/meta/FactoryLayout.java/equals;4.2.0;6;2;1;0;1;1;3;1;1;0;0;0;0;0;Yes
Bookkeeper;/home/denni/isw2/bookkeeper/hedwig-server/src/main/java/org/apache/hedwig/server/meta/ZkMetadataManagerFactory.java/parseAndReturnTopicLedgerRanges;4.2.0;24;2;2;0;5;2;1;2;1;0;0;0;0;0;Yes
Bookkeeper;/home/denni/isw2/bookkeeper/hedwig-server/src/main/java/org/apache/hedwig/server/meta/ZkMetadataManagerFactory.java/replaceSubscriptionData;4.2.0;29;8;10;0;6;4;3;2;1;3;32;9;41;2;Yes
Bookkeeper;/home/denni/isw2/bookkeeper/hedwig-server/src/main/java/org/apache/hedwig/server/meta/ZkMetadataManagerFactory.java/readSubscriptions;4.2.0;49;11;12;0;3;3;2;11;1;4;98;6;104;1;Yes
Bookkeeper;/home/denni/isw2/bookkeeper/hedwig-server/src/main/java/org/apache/hedwig/server/meta/ZkMetadataManagerFactory.java/safeProcessResult;4.2.0;44;11;12;0;4;3;6;10;1;4;87;3;90;1;Yes
Bookkeeper;/home/denni/isw2/bookkeeper/hedwig-server/src/main/java/org/apache/hedwig/server/meta/ZkMetadataManagerFactory.java/readOwnerInfo;4.2.0;22;4;4;0;3;2;2;4;1;3;30;2;32;2;Yes
Bookkeeper;/home/denni/isw2/bookkeeper/hedwig-server/src/main/java/org/apache/hedwig/server/meta/ZkMetadataManagerFactory.java/safeProcessResult;4.2.0;17;4;4;0;5;2;7;3;1;3;24;2;26;2;Yes
Bookkeeper;/home/denni/isw2/bookkeeper/hedwig-server/src/main/java/org/apache/hedwig/server/meta/MetadataManagerFactory.java/newMetadataManagerFactory;4.2.0;37;8;9;0;2;3;10;5;1;1;2;26;28;1;Yes
Bookkeeper;/home/denni/isw2/bookkeeper/hedwig-server/src/main/java/org/apache/hedwig/server/meta/MetadataManagerFactory.java/createMetadataManagerFactory;4.2.0;31;5;6;0;3;3;7;4;1;1;31;0;31;1;Yes
Bookkeeper;/home/denni/isw2/bookkeeper/hedwig-server/src/main/java/org/apache/hedwig/server/meta/MsMetadataManagerFactory.java/initialize;4.2.0;23;7;7;0;3;2;5;0;1;0;0;0;0;0;No
Bookkeeper;/home/denni/isw2/bookkeeper/hedwig-server/src/main/java/org/apache/hedwig/server/meta/MsMetadataManagerFactory.java/getTopics;4.2.0;37;6;7;0;0;3;6;5;2;0;0;0;0;0;No
Bookkeeper;/home/denni/isw2/bookkeeper/hedwig-server/src/main/java/org/apache/hedwig/server/meta/MsMetadataManagerFactory.java/readOwnerInfo;4.2.0;21;5;5;0;3;2;1;3;1;1;1;1;2;1;Yes
Bookkeeper;/home/denni/isw2/bookkeeper/hedwig-server/src/main/java/org/apache/hedwig/server/meta/MsMetadataManagerFactory.java/complete;4.2.0;17;5;5;0;3;2;6;3;1;1;1;1;2;1;Yes
Bookkeeper;/home/denni/isw2/bookkeeper/hedwig-server/src/main/java/org/apache/hedwig/server/meta/MsMetadataManagerFactory.java/writeOwnerInfo;4.2.0;23;5;7;0;5;4;3;1;1;1;1;1;2;1;Yes
Bookkeeper;/home/denni/isw2/bookkeeper/hedwig-server/src/main/java/org/apache/hedwig/server/meta/MsMetadataManagerFactory.java/complete;4.2.0;17;5;7;0;3;4;1;0;1;0;0;0;0;0;No
Bookkeeper;/home/denni/isw2/bookkeeper/hedwig-server/src/main/java/org/apache/hedwig/server/meta/MsMetadataManagerFactory.java/deleteOwnerInfo;4.2.0;19;4;5;0;4;3;1;0;1;0;0;0;0;0;No
Bookkeeper;/home/denni/isw2/bookkeeper/hedwig-server/src/main/java/org/apache/hedwig/server/meta/MsMetadataManagerFactory.java/complete;4.2.0;15;4;5;0;3;3;1;0;1;0;0;0;0;0;No
Bookkeeper;/home/denni/isw2/bookkeeper/hedwig-server/src/main/java/org/apache/hedwig/server/meta/MsMetadataManagerFactory.java/readTopicPersistenceInfo;4.2.0;16;4;4;0;3;2;1;1;1;0;0;0;0;0;No
Bookkeeper;/home/denni/isw2/bookkeeper/hedwig-server/src/main/java/org/apache/hedwig/server/meta/MsMetadataManagerFactory.java/complete;4.2.0;12;4;4;0;3;2;1;1;1;0;0;0;0;0;No
Bookkeeper;/home/denni/isw2/bookkeeper/hedwig-server/src/main/java/org/apache/hedwig/server/meta/MsMetadataManagerFactory.java/parseAndReturnTopicLedgerRanges;4.2.0;33;3;3;0;5;2;1;7;1;0;0;0;0;0;No
Bookkeeper;/home/denni/isw2/bookkeeper/hedwig-server/src/main/java/org/apache/hedwig/server/meta/MsMetadataManagerFactory.java/writeTopicPersistenceInfo;4.2.0;22;5;7;0;5;4;3;1;1;1;1;1;2;1;Yes
Bookkeeper;/home/denni/isw2/bookkeeper/hedwig-server/src/main/java/org/apache/hedwig/server/meta/MsMetadataManagerFactory.java/complete;4.2.0;16;5;7;0;3;4;1;0;1;0;0;0;0;0;No
Bookkeeper;/home/denni/isw2/bookkeeper/hedwig-server/src/main/java/org/apache/hedwig/server/meta/MsMetadataManagerFactory.java/deleteTopicPersistenceInfo;4.2.0;19;4;5;0;4;3;1;0;1;0;0;0;0;0;No
Bookkeeper;/home/denni/isw2/bookkeeper/hedwig-server/src/main/java/org/apache/hedwig/server/meta/MsMetadataManagerFactory.java/complete;4.2.0;15;4;5;0;3;3;1;0;1;0;0;0;0;0;No
Bookkeeper;/home/denni/isw2/bookkeeper/hedwig-server/src/main/java/org/apache/hedwig/server/meta/MsMetadataManagerFactory.java/createSubscriptionData;4.2.0;17;4;4;0;5;2;3;2;1;0;0;0;0;0;No
Bookkeeper;/home/denni/isw2/bookkeeper/hedwig-server/src/main/java/org/apache/hedwig/server/meta/MsMetadataManagerFactory.java/complete;4.2.0;11;4;4;0;3;2;1;0;1;0;0;0;0;0;No
Bookkeeper;/home/denni/isw2/bookkeeper/hedwig-server/src/main/java/org/apache/hedwig/server/meta/MsMetadataManagerFactory.java/updateSubscriptionData;4.2.0;20;5;6;0;6;3;3;2;1;0;0;0;0;0;No
Bookkeeper;/home/denni/isw2/bookkeeper/hedwig-server/src/main/java/org/apache/hedwig/server/meta/MsMetadataManagerFactory.java/complete;4.2.0;14;5;6;0;3;3;1;0;1;0;0;0;0;0;No
Bookkeeper;/home/denni/isw2/bookkeeper/hedwig-server/src/main/java/org/apache/hedwig/server/meta/MsMetadataManagerFactory.java/deleteSubscriptionData;4.2.0;19;4;5;0;5;3;2;1;1;0;0;0;0;0;No
Bookkeeper;/home/denni/isw2/bookkeeper/hedwig-server/src/main/java/org/apache/hedwig/server/meta/MsMetadataManagerFactory.java/complete;4.2.0;14;4;5;0;3;3;1;0;1;0;0;0;0;0;No
Bookkeeper;/home/denni/isw2/bookkeeper/hedwig-server/src/main/java/org/apache/hedwig/server/meta/MsMetadataManagerFactory.java/value2SubscriptionData;4.2.0;15;3;2;0;1;1;6;7;1;0;0;0;0;0;No
Bookkeeper;/home/denni/isw2/bookkeeper/hedwig-server/src/main/java/org/apache/hedwig/server/meta/MsMetadataManagerFactory.java/readSubscriptionData;4.2.0;30;6;6;0;4;2;2;6;1;0;0;0;0;0;No
Bookkeeper;/home/denni/isw2/bookkeeper/hedwig-server/src/main/java/org/apache/hedwig/server/meta/MsMetadataManagerFactory.java/complete;4.2.0;25;6;6;0;3;2;3;5;1;0;0;0;0;0;No
Bookkeeper;/home/denni/isw2/bookkeeper/hedwig-server/src/main/java/org/apache/hedwig/server/meta/MsMetadataManagerFactory.java/readSubscriptions;4.2.0;34;6;7;0;6;3;3;9;1;0;0;0;0;0;No
Bookkeeper;/home/denni/isw2/bookkeeper/hedwig-server/src/main/java/org/apache/hedwig/server/meta/MsMetadataManagerFactory.java/complete;4.2.0;27;5;6;0;3;3;3;8;1;0;0;0;0;0;No
Bookkeeper;/home/denni/isw2/bookkeeper/hedwig-server/src/main/java/org/apache/hedwig/server/meta/MsMetadataManagerFactory.java/readSubscriptions;4.2.0;13;2;1;0;3;1;3;3;1;0;0;0;0;0;No
Bookkeeper;/home/denni/isw2/bookkeeper/hedwig-server/src/main/java/org/apache/hedwig/server/meta/MsMetadataManagerFactory.java/complete;4.2.0;7;2;1;0;3;1;3;1;1;0;0;0;0;0;No
Bookkeeper;/home/denni/isw2/bookkeeper/hedwig-server/src/main/java/org/apache/hedwig/server/meta/MsMetadataManagerFactory.java/logErrorAndFinishOperation;4.2.0;7;1;0;0;5;0;2;0;1;0;0;0;0;0;No
Bookkeeper;/home/denni/isw2/bookkeeper/hedwig-server/src/main/java/org/apache/hedwig/server/meta/MsMetadataManagerFactory.java/logErrorAndFinishOperation;4.2.0;13;3;3;0;4;2;3;1;1;0;0;0;0;0;No
Bookkeeper;/home/denni/isw2/bookkeeper/hedwig-server/src/main/java/org/apache/hedwig/server/regions/RegionManager.java/run;4.2.0;37;8;9;0;0;3;4;8;1;5;69;20;89;3;Yes
Bookkeeper;/home/denni/isw2/bookkeeper/hedwig-server/src/main/java/org/apache/hedwig/server/regions/RegionManager.java/putTopicInRetryMap;4.2.0;9;3;2;0;2;1;2;1;1;2;13;1;14;2;Yes
Bookkeeper;/home/denni/isw2/bookkeeper/hedwig-server/src/main/java/org/apache/hedwig/server/regions/RegionManager.java/doRemoteSubscribe;4.2.0;68;14;15;0;5;3;3;1;1;5;100;12;112;3;Yes
Bookkeeper;/home/denni/isw2/bookkeeper/hedwig-server/src/main/java/org/apache/hedwig/server/regions/RegionManager.java/operationFinished;4.2.0;33;9;10;0;2;3;2;0;1;3;60;8;68;2;Yes
Bookkeeper;/home/denni/isw2/bookkeeper/hedwig-server/src/main/java/org/apache/hedwig/server/regions/RegionManager.java/deliver;4.2.0;16;4;3;0;5;1;2;0;1;3;34;4;38;2;Yes
Bookkeeper;/home/denni/isw2/bookkeeper/hedwig-server/src/main/java/org/apache/hedwig/server/regions/RegionManager.java/operationFailed;4.2.0;5;2;1;0;2;1;2;0;1;2;7;1;8;2;Yes
Bookkeeper;/home/denni/isw2/bookkeeper/hedwig-server/src/main/java/org/apache/hedwig/server/regions/RegionManager.java/operationFailed;4.2.0;7;3;2;0;2;1;3;0;1;3;13;1;14;2;Yes
Bookkeeper;/home/denni/isw2/bookkeeper/hedwig-server/src/main/java/org/apache/hedwig/server/regions/RegionManager.java/retrySubscribe;4.2.0;12;3;2;0;3;1;2;1;1;2;17;1;18;2;Yes
Bookkeeper;/home/denni/isw2/bookkeeper/hedwig-server/src/main/java/org/apache/hedwig/server/regions/RegionManager.java/onLastLocalUnsubscribe;4.2.0;30;7;9;0;1;4;2;3;1;2;24;4;28;2;Yes
Bookkeeper;/home/denni/isw2/bookkeeper/hedwig-server/src/main/java/org/apache/hedwig/server/regions/RegionManager.java/operationFailed;4.2.0;4;2;1;0;2;1;1;0;1;1;1;1;2;1;Yes
Bookkeeper;/home/denni/isw2/bookkeeper/hedwig-server/src/main/java/org/apache/hedwig/server/regions/RegionManager.java/run;4.2.0;16;5;7;0;0;4;2;3;1;2;19;2;21;2;Yes
Bookkeeper;/home/denni/isw2/bookkeeper/hedwig-server/src/main/java/org/apache/hedwig/server/regions/HedwigHubClientFactory.java/create;4.2.0;23;2;2;0;1;2;3;2;1;1;11;2;13;1;Yes
Bookkeeper;/home/denni/isw2/bookkeeper/hedwig-server/src/main/java/org/apache/hedwig/server/handlers/PublishHandler.java/getSuccessResponse;4.2.0;6;2;1;0;2;1;4;2;1;1;10;0;10;1;Yes
Bookkeeper;/home/denni/isw2/bookkeeper/hedwig-server/src/main/java/org/apache/hedwig/server/handlers/SubscribeHandler.java/handleRequestAtOwner;4.2.0;78;9;9;0;2;2;9;20;1;9;143;80;223;3;Yes
Bookkeeper;/home/denni/isw2/bookkeeper/hedwig-server/src/main/java/org/apache/hedwig/server/handlers/SubscribeHandler.java/operationFailed;4.2.0;5;1;0;0;2;0;3;0;1;2;2;0;2;1;Yes
Bookkeeper;/home/denni/isw2/bookkeeper/hedwig-server/src/main/java/org/apache/hedwig/server/handlers/SubscribeHandler.java/operationFinished;4.2.0;51;7;7;0;2;2;11;14;1;9;127;72;199;3;Yes
Bookkeeper;/home/denni/isw2/bookkeeper/hedwig-server/src/main/java/org/apache/hedwig/server/handlers/SubscribeHandler.java/operationFinished;4.2.0;7;1;0;0;2;0;5;2;1;4;43;4;47;1;Yes
Bookkeeper;/home/denni/isw2/bookkeeper/hedwig-server/src/main/java/org/apache/hedwig/server/handlers/SubscriptionChannelManager.java/channelDisconnected;4.2.0;11;4;5;0;1;3;3;3;1;1;3;0;3;1;Yes
Bookkeeper;/home/denni/isw2/bookkeeper/hedwig-server/src/main/java/org/apache/hedwig/server/handlers/SubscriptionChannelManager.java/put;4.2.0;42;10;13;0;3;5;1;5;1;1;20;4;24;1;Yes
Bookkeeper;/home/denni/isw2/bookkeeper/hedwig-server/src/main/java/org/apache/hedwig/server/handlers/SubscriptionChannelManager.java/remove;4.2.0;18;5;6;0;2;3;1;1;1;0;0;0;0;0;No
Bookkeeper;/home/denni/isw2/bookkeeper/hedwig-server/src/main/java/org/apache/hedwig/server/benchmark/AbstractBenchmark.java/doOps;4.2.0;1;1;0;0;1;0;0;0;1;1;0;0;0;1;No
Bookkeeper;/home/denni/isw2/bookkeeper/hedwig-server/src/main/java/org/apache/hedwig/server/benchmark/AbstractBenchmark.java/tearDown;4.2.0;1;1;0;0;0;0;0;0;1;1;0;0;0;1;No
Bookkeeper;/home/denni/isw2/bookkeeper/hedwig-server/src/main/java/org/apache/hedwig/server/benchmark/AbstractBenchmark.java/handle;4.2.0;11;4;3;0;2;1;6;1;1;2;10;10;20;2;Yes
Bookkeeper;/home/denni/isw2/bookkeeper/hedwig-server/src/main/java/org/apache/hedwig/server/benchmark/AbstractBenchmark.java/runPhase;4.2.0;8;2;1;0;2;1;3;1;1;2;9;9;18;2;Yes
Bookkeeper;/home/denni/isw2/bookkeeper/hedwig-server/src/main/java/org/apache/hedwig/server/benchmark/AbstractBenchmark.java/run;4.2.0;9;1;0;0;0;0;8;2;1;1;6;6;12;1;No
Bookkeeper;/home/denni/isw2/bookkeeper/hedwig-server/src/main/java/org/apache/hedwig/server/benchmark/BookkeeperBenchmark.java/doOps;4.2.0;16;2;1;0;1;1;7;8;1;2;18;18;36;2;Yes
Bookkeeper;/home/denni/isw2/bookkeeper/hedwig-server/src/main/java/org/apache/hedwig/server/benchmark/BookkeeperBenchmark.java/addComplete;4.2.0;3;1;0;0;4;0;1;0;1;1;2;3;5;1;No
Bookkeeper;/home/denni/isw2/bookkeeper/hedwig-server/src/main/java/org/apache/hedwig/server/benchmark/BookkeeperBenchmark.java/main;4.2.0;3;1;0;0;1;0;2;1;1;0;0;0;0;0;No
Bookkeeper;/home/denni/isw2/bookkeeper/hedwig-server/src/main/java/org/apache/hedwig/server/benchmark/BookieBenchmark.java/doOps;4.2.0;24;2;1;0;1;1;7;11;1;3;24;24;48;3;Yes
Bookkeeper;/home/denni/isw2/bookkeeper/hedwig-server/src/main/java/org/apache/hedwig/server/benchmark/BookieBenchmark.java/writeComplete;4.2.0;3;1;0;0;5;0;1;0;1;1;2;2;4;1;No
Bookkeeper;/home/denni/isw2/bookkeeper/hedwig-server/src/main/java/org/apache/hedwig/server/benchmark/BookieBenchmark.java/main;4.2.0;3;1;0;0;1;0;2;1;1;0;0;0;0;0;No
Bookkeeper;/home/denni/isw2/bookkeeper/hedwig-server/src/main/java/org/apache/hedwig/server/subscriptions/AbstractSubscriptionManager.java/run;4.2.0;22;7;8;0;0;3;1;7;1;6;29;24;53;3;Yes
Bookkeeper;/home/denni/isw2/bookkeeper/hedwig-server/src/main/java/org/apache/hedwig/server/subscriptions/AbstractSubscriptionManager.java/run;4.2.0;28;3;2;0;0;1;2;1;1;4;8;13;21;2;No
Bookkeeper;/home/denni/isw2/bookkeeper/hedwig-server/src/main/java/org/apache/hedwig/server/subscriptions/AbstractSubscriptionManager.java/operationFinished;4.2.0;18;2;1;0;2;1;3;1;1;3;5;12;17;2;No
Bookkeeper;/home/denni/isw2/bookkeeper/hedwig-server/src/main/java/org/apache/hedwig/server/subscriptions/AbstractSubscriptionManager.java/operationFailed;4.2.0;4;1;0;0;2;0;2;0;1;0;0;0;0;0;No
Bookkeeper;/home/denni/isw2/bookkeeper/hedwig-server/src/main/java/org/apache/hedwig/server/subscriptions/AbstractSubscriptionManager.java/operationFinished;4.2.0;5;1;0;0;2;0;3;0;1;1;2;0;2;1;No
Bookkeeper;/home/denni/isw2/bookkeeper/hedwig-server/src/main/java/org/apache/hedwig/server/subscriptions/AbstractSubscriptionManager.java/notifyFirstLocalSubscribe;4.2.0;4;2;1;0;4;1;2;2;1;2;5;3;8;2;No
Bookkeeper;/home/denni/isw2/bookkeeper/hedwig-server/src/main/java/org/apache/hedwig/server/subscriptions/AbstractSubscriptionManager.java/run;4.2.0;27;7;8;0;0;3;3;3;1;7;79;15;94;2;Yes
Bookkeeper;/home/denni/isw2/bookkeeper/hedwig-server/src/main/java/org/apache/hedwig/server/subscriptions/AbstractSubscriptionManager.java/operationFinished;4.2.0;4;1;0;0;2;0;2;0;1;2;6;0;6;1;Yes
Bookkeeper;/home/denni/isw2/bookkeeper/hedwig-server/src/main/java/org/apache/hedwig/server/subscriptions/AbstractSubscriptionManager.java/operationFailed;4.2.0;4;1;0;0;2;0;2;0;1;4;10;2;12;2;Yes
Bookkeeper;/home/denni/isw2/bookkeeper/hedwig-server/src/main/java/org/apache/hedwig/server/subscriptions/AbstractSubscriptionManager.java/notifyLastLocalUnsubscribe;4.2.0;2;2;1;0;1;1;1;1;1;2;4;0;4;2;No
Bookkeeper;/home/denni/isw2/bookkeeper/hedwig-server/src/main/java/org/apache/hedwig/server/subscriptions/AbstractSubscriptionManager.java/run;4.2.0;79;11;12;0;0;3;14;11;1;8;102;34;136;2;Yes
Bookkeeper;/home/denni/isw2/bookkeeper/hedwig-server/src/main/java/org/apache/hedwig/server/subscriptions/AbstractSubscriptionManager.java/operationFinished;4.2.0;27;2;1;0;2;1;2;1;1;5;18;13;31;2;Yes
Bookkeeper;/home/denni/isw2/bookkeeper/hedwig-server/src/main/java/org/apache/hedwig/server/subscriptions/AbstractSubscriptionManager.java/operationFailed;4.2.0;14;1;0;0;2;0;2;0;1;5;10;1;11;2;Yes
Bookkeeper;/home/denni/isw2/bookkeeper/hedwig-server/src/main/java/org/apache/hedwig/server/subscriptions/AbstractSubscriptionManager.java/operationFailed;4.2.0;4;1;0;0;2;0;2;0;1;1;1;0;1;1;Yes
Bookkeeper;/home/denni/isw2/bookkeeper/hedwig-server/src/main/java/org/apache/hedwig/server/subscriptions/AbstractSubscriptionManager.java/hasLocalSubscriptions;4.2.0;8;3;3;0;1;2;2;1;1;1;5;0;5;1;No
Bookkeeper;/home/denni/isw2/bookkeeper/hedwig-server/src/main/java/org/apache/hedwig/server/subscriptions/AbstractSubscriptionManager.java/stop;4.2.0;21;3;3;0;0;2;2;3;1;2;14;3;17;1;Yes
Bookkeeper;/home/denni/isw2/bookkeeper/hedwig-server/src/main/java/org/apache/hedwig/server/subscriptions/AbstractSubscriptionManager.java/updateSubscriptionState;4.2.0;28;3;2;0;5;1;3;2;1;1;31;0;31;1;Yes
Bookkeeper;/home/denni/isw2/bookkeeper/hedwig-server/src/main/java/org/apache/hedwig/server/subscriptions/AbstractSubscriptionManager.java/updateSubscriptionPreferences;4.2.0;28;3;2;0;5;1;3;2;1;1;24;0;24;1;Yes
Bookkeeper;/home/denni/isw2/bookkeeper/hedwig-server/src/main/java/org/apache/hedwig/server/subscriptions/AllToAllTopologyFilter.java/testMessage;4.2.0;6;2;1;0;1;1;1;0;1;1;7;0;7;1;Yes
Bookkeeper;/home/denni/isw2/bookkeeper/hedwig-server/src/main/java/org/apache/hedwig/server/subscriptions/InMemorySubscriptionState.java/updatePreferences;4.2.0;43;14;17;0;1;5;8;7;1;2;21;0;21;1;Yes
Bookkeeper;/home/denni/isw2/bookkeeper/hedwig-server/src/main/java/org/apache/hedwig/admin/HedwigAdmin.java/close;4.2.0;12;1;0;0;0;0;6;0;1;2;7;0;7;1;Yes
Bookkeeper;/home/denni/isw2/bookkeeper/hedwig-server/src/main/java/org/apache/hedwig/admin/HedwigAdmin.java/hasTopic;4.2.0;25;3;2;0;1;1;5;1;1;1;19;0;19;1;Yes
Bookkeeper;/home/denni/isw2/bookkeeper/hedwig-server/src/main/java/org/apache/hedwig/admin/HedwigAdmin.java/getAvailableHubs;4.2.0;26;5;6;0;0;3;5;10;3;2;7;1;8;2;Yes
Bookkeeper;/home/denni/isw2/bookkeeper/hedwig-server/src/main/java/org/apache/hedwig/admin/HedwigAdmin.java/getTopics;4.2.0;8;1;0;0;0;0;1;0;2;0;0;0;0;0;No
Bookkeeper;/home/denni/isw2/bookkeeper/hedwig-server/src/main/java/org/apache/hedwig/admin/HedwigAdmin.java/getTopicOwner;4.2.0;25;3;2;0;1;1;5;1;1;2;23;0;23;1;Yes
Bookkeeper;/home/denni/isw2/bookkeeper/hedwig-server/src/main/java/org/apache/hedwig/admin/HedwigAdmin.java/getTopicLedgers;4.2.0;62;13;15;0;1;4;13;16;2;3;63;45;108;1;Yes
Bookkeeper;/home/denni/isw2/bookkeeper/hedwig-server/src/main/java/org/apache/hedwig/admin/HedwigAdmin.java/getTopicSubscriptions;4.2.0;25;3;2;0;1;1;5;3;3;3;23;12;35;1;Yes
Bookkeeper;/home/denni/isw2/bookkeeper/hedwig-server/src/main/java/org/apache/hedwig/admin/HedwigAdmin.java/getSubscription;4.2.0;27;3;2;0;2;1;5;1;1;1;6;0;6;1;Yes
Bookkeeper;/home/denni/isw2/bookkeeper/hedwig-server/src/main/java/org/apache/hedwig/admin/HedwigAdmin.java/format;4.2.0;10;1;0;0;0;0;6;0;1;1;11;0;11;1;Yes
Bookkeeper;/home/denni/isw2/bookkeeper/hedwig-server/src/main/java/org/apache/hedwig/admin/console/JLineHedwigCompletor.java/complete;4.2.0;15;4;4;0;3;2;6;3;1;1;1;1;2;1;Yes
Bookkeeper;/home/denni/isw2/bookkeeper/hedwig-server/src/main/java/org/apache/hedwig/admin/console/JLineHedwigCompletor.java/completeTopic;4.2.0;12;5;6;0;3;3;2;3;1;2;7;0;7;2;Yes
Bookkeeper;/home/denni/isw2/bookkeeper/hedwig-server/src/main/java/org/apache/hedwig/admin/console/HedwigCommands.java/printUsage;4.2.0;5;2;1;0;0;1;3;1;1;0;0;0;0;0;No
Bookkeeper;/home/denni/isw2/bookkeeper/hedwig-server/src/main/java/org/apache/hedwig/admin/console/HedwigCommands.java/findCandidateCommands;4.2.0;18;3;3;0;1;2;5;4;2;0;0;0;0;0;No
Bookkeeper;/home/denni/isw2/bookkeeper/hedwig-server/src/main/java/org/apache/hedwig/admin/console/ReadTopic.java/checkTopic;4.2.0;8;2;1;0;0;0;1;0;1;0;0;0;0;0;No
Bookkeeper;/home/denni/isw2/bookkeeper/hedwig-server/src/main/java/org/apache/hedwig/admin/console/ReadTopic.java/getTopicLedgers;4.2.0;12;2;1;0;0;1;4;1;1;1;1;0;1;1;Yes
Bookkeeper;/home/denni/isw2/bookkeeper/hedwig-server/src/main/java/org/apache/hedwig/admin/console/ReadTopic.java/getLeastSubscription;4.2.0;12;5;5;0;0;2;5;4;1;0;0;0;0;0;No
Bookkeeper;/home/denni/isw2/bookkeeper/hedwig-server/src/main/java/org/apache/hedwig/admin/console/ReadTopic.java/readTopic;4.2.0;15;5;3;0;0;2;1;1;1;1;4;4;8;1;Yes
Bookkeeper;/home/denni/isw2/bookkeeper/hedwig-server/src/main/java/org/apache/hedwig/admin/console/ReadTopic.java/_readTopic;4.2.0;25;9;10;0;0;3;9;4;1;1;4;0;4;1;Yes
Bookkeeper;/home/denni/isw2/bookkeeper/hedwig-server/src/main/java/org/apache/hedwig/admin/console/ReadTopic.java/readLedger;4.2.0;56;13;17;0;1;6;12;8;1;1;10;8;18;1;Yes
Bookkeeper;/home/denni/isw2/bookkeeper/hedwig-server/src/main/java/org/apache/hedwig/admin/console/ReadTopic.java/formatMessage;4.2.0;36;7;9;0;1;4;9;7;1;0;0;0;0;0;No
Bookkeeper;/home/denni/isw2/bookkeeper/hedwig-server/src/main/java/org/apache/hedwig/admin/console/ReadTopic.java/pressKeyToContinue;4.2.0;7;2;1;0;0;1;5;2;1;1;1;1;2;1;Yes
Bookkeeper;/home/denni/isw2/bookkeeper/hedwig-server/src/main/java/org/apache/hedwig/admin/console/HedwigConsole.java/runCmd;4.2.0;1;1;0;0;1;0;0;0;1;0;0;0;0;0;No
Bookkeeper;/home/denni/isw2/bookkeeper/hedwig-server/src/main/java/org/apache/hedwig/admin/console/HedwigConsole.java/runCmd;4.2.0;19;5;5;0;1;2;8;1;1;0;0;0;0;0;No
Bookkeeper;/home/denni/isw2/bookkeeper/hedwig-server/src/main/java/org/apache/hedwig/admin/console/HedwigConsole.java/runCmd;4.2.0;7;3;3;0;1;2;2;1;1;0;0;0;0;0;No
Bookkeeper;/home/denni/isw2/bookkeeper/hedwig-server/src/main/java/org/apache/hedwig/admin/console/HedwigConsole.java/runCmd;4.2.0;9;4;4;0;1;2;2;0;1;0;0;0;0;0;No
Bookkeeper;/home/denni/isw2/bookkeeper/hedwig-server/src/main/java/org/apache/hedwig/admin/console/HedwigConsole.java/runCmd;4.2.0;19;5;5;0;1;2;8;5;1;1;1;1;2;1;No
Bookkeeper;/home/denni/isw2/bookkeeper/hedwig-server/src/main/java/org/apache/hedwig/admin/console/HedwigConsole.java/deliver;4.2.0;4;1;0;0;5;0;2;0;1;0;0;0;0;0;No
Bookkeeper;/home/denni/isw2/bookkeeper/hedwig-server/src/main/java/org/apache/hedwig/admin/console/HedwigConsole.java/processEvent;4.2.0;3;1;0;0;3;0;1;0;1;1;4;0;4;1;Yes
Bookkeeper;/home/denni/isw2/bookkeeper/hedwig-server/src/main/java/org/apache/hedwig/admin/console/HedwigConsole.java/runCmd;4.2.0;37;9;12;0;1;5;8;5;1;1;4;1;5;1;Yes
Bookkeeper;/home/denni/isw2/bookkeeper/hedwig-server/src/main/java/org/apache/hedwig/admin/console/HedwigConsole.java/runCmd;4.2.0;14;3;3;0;1;2;5;2;1;0;0;0;0;0;No
Bookkeeper;/home/denni/isw2/bookkeeper/hedwig-server/src/main/java/org/apache/hedwig/admin/console/HedwigConsole.java/runCmd;4.2.0;24;6;7;0;1;3;10;10;1;1;3;1;4;1;Yes
Bookkeeper;/home/denni/isw2/bookkeeper/hedwig-server/src/main/java/org/apache/hedwig/admin/console/HedwigConsole.java/runCmd;4.2.0;12;3;3;0;1;2;5;2;1;0;0;0;0;0;No
Bookkeeper;/home/denni/isw2/bookkeeper/hedwig-server/src/main/java/org/apache/hedwig/admin/console/HedwigConsole.java/runCmd;4.2.0;13;3;3;0;1;2;7;4;1;1;3;2;5;1;Yes
Bookkeeper;/home/denni/isw2/bookkeeper/hedwig-server/src/main/java/org/apache/hedwig/admin/console/HedwigConsole.java/runCmd;4.2.0;21;4;4;0;1;2;13;7;1;2;2;1;3;2;Yes
Bookkeeper;/home/denni/isw2/bookkeeper/hedwig-server/src/main/java/org/apache/hedwig/admin/console/HedwigConsole.java/runCmd;4.2.0;50;8;9;0;1;3;16;12;1;3;7;11;18;2;Yes
Bookkeeper;/home/denni/isw2/bookkeeper/hedwig-server/src/main/java/org/apache/hedwig/admin/console/HedwigConsole.java/deliver;4.2.0;6;2;1;0;5;1;2;0;1;0;0;0;0;0;No
Bookkeeper;/home/denni/isw2/bookkeeper/hedwig-server/src/main/java/org/apache/hedwig/admin/console/HedwigConsole.java/runCmd;4.2.0;20;6;7;0;1;3;4;1;1;1;9;4;13;1;Yes
Bookkeeper;/home/denni/isw2/bookkeeper/hedwig-server/src/main/java/org/apache/hedwig/admin/console/HedwigConsole.java/showHubs;4.2.0;5;2;1;0;0;1;3;2;1;1;6;0;6;1;Yes
Bookkeeper;/home/denni/isw2/bookkeeper/hedwig-server/src/main/java/org/apache/hedwig/admin/console/HedwigConsole.java/showTopics;4.2.0;16;5;6;0;0;3;6;4;1;1;4;0;4;1;Yes
Bookkeeper;/home/denni/isw2/bookkeeper/hedwig-server/src/main/java/org/apache/hedwig/admin/console/HedwigConsole.java/runCmd;4.2.0;8;3;2;0;1;1;2;0;1;1;2;0;2;1;Yes
Bookkeeper;/home/denni/isw2/bookkeeper/hedwig-server/src/main/java/org/apache/hedwig/admin/console/HedwigConsole.java/describeTopic;4.2.0;12;2;1;0;1;0;11;4;1;0;0;0;0;0;No
Bookkeeper;/home/denni/isw2/bookkeeper/hedwig-server/src/main/java/org/apache/hedwig/admin/console/HedwigConsole.java/printTopicLedgers;4.2.0;11;4;3;0;1;1;5;1;1;2;8;12;20;1;Yes
Bookkeeper;/home/denni/isw2/bookkeeper/hedwig-server/src/main/java/org/apache/hedwig/admin/console/HedwigConsole.java/printTopicSubscriptions;4.2.0;8;3;2;0;1;1;4;1;1;0;0;0;0;0;No
Bookkeeper;/home/denni/isw2/bookkeeper/hedwig-server/src/main/java/org/apache/hedwig/admin/console/HedwigConsole.java/runCmd;4.2.0;15;4;3;0;1;1;7;2;1;1;19;0;19;1;Yes
Bookkeeper;/home/denni/isw2/bookkeeper/hedwig-server/src/main/java/org/apache/hedwig/admin/console/HedwigConsole.java/usage;4.2.0;7;2;1;0;0;1;5;1;1;0;0;0;0;0;No
Bookkeeper;/home/denni/isw2/bookkeeper/hedwig-server/src/main/java/org/apache/hedwig/admin/console/HedwigConsole.java/parseOptions;4.2.0;25;5;7;0;1;4;4;3;1;1;1;0;1;1;No
Bookkeeper;/home/denni/isw2/bookkeeper/hedwig-server/src/main/java/org/apache/hedwig/admin/console/HedwigConsole.java/printMessage;4.2.0;3;2;1;0;1;1;1;0;1;0;0;0;0;0;No
Bookkeeper;/home/denni/isw2/bookkeeper/hedwig-server/src/main/java/org/apache/hedwig/admin/console/HedwigConsole.java/continueOrQuit;4.2.0;12;4;4;0;0;2;5;1;1;2;2;3;5;2;Yes
Bookkeeper;/home/denni/isw2/bookkeeper/hedwig-server/src/main/java/org/apache/hedwig/admin/console/HedwigConsole.java/executeLine;4.2.0;6;2;1;0;1;1;1;0;1;0;0;0;0;0;No
Bookkeeper;/home/denni/isw2/bookkeeper/hedwig-server/src/main/java/org/apache/hedwig/admin/console/HedwigConsole.java/processCmd;4.2.0;31;8;9;0;1;3;13;7;1;2;33;44;77;1;Yes
Bookkeeper;/home/denni/isw2/bookkeeper/hedwig-server/src/main/java/org/apache/hedwig/admin/console/HedwigConsole.java/run;4.2.0;32;7;8;0;0;3;6;5;1;2;9;0;9;1;Yes
Bookkeeper;/home/denni/isw2/bookkeeper/hedwig-server/src/main/java/org/apache/hedwig/data/MessageFormatter.java/formatEntry;4.2.0;10;2;2;0;1;2;3;1;1;0;0;0;0;0;Yes
Bookkeeper;/home/denni/isw2/bookkeeper/hedwig-server/src/main/java/org/apache/hedwig/data/MessageFormatter.java/formatEntry;4.2.0;10;2;2;0;1;2;3;1;1;0;0;0;0;0;Yes
Bookkeeper;/home/denni/isw2/bookkeeper/hedwig-server/src/main/java/org/apache/hedwig/data/MessageFormatter.java/formatMessage;4.2.0;35;7;9;0;1;4;7;7;1;0;0;0;0;0;Yes
Bookkeeper;/home/denni/isw2/bookkeeper/hedwig-protocol/src/main/java/org/apache/hedwig/protoextensions/MapUtils.java/buildMap;4.2.0;12;3;3;0;1;2;4;6;3;0;0;0;0;0;No
Bookkeeper;/home/denni/isw2/bookkeeper/hedwig-protocol/src/main/java/org/apache/hedwig/exceptions/PubSubException.java/create;4.2.0;42;19;35;0;2;18;1;0;1;4;20;0;20;1;Yes
Bookkeeper;/home/denni/isw2/bookkeeper/hedwig-protocol/src/main/java/org/apache/hedwig/protocol/PubSubProtocol.java/valueOf;4.2.0;46;23;1;0;1;1;1;0;1;5;74;25;99;2;Yes
Bookkeeper;/home/denni/isw2/bookkeeper/hedwig-protocol/src/main/java/org/apache/hedwig/protocol/PubSubProtocol.java/hasKey;4.2.0;2;1;0;0;0;0;1;0;1;3;6;0;6;2;Yes
Bookkeeper;/home/denni/isw2/bookkeeper/hedwig-protocol/src/main/java/org/apache/hedwig/protocol/PubSubProtocol.java/getKey;4.2.0;10;3;3;0;0;2;2;3;1;3;39;0;39;2;Yes
Bookkeeper;/home/denni/isw2/bookkeeper/hedwig-protocol/src/main/java/org/apache/hedwig/protocol/PubSubProtocol.java/hasValue;4.2.0;2;1;0;0;0;0;1;0;1;3;6;0;6;2;Yes
Bookkeeper;/home/denni/isw2/bookkeeper/hedwig-protocol/src/main/java/org/apache/hedwig/protocol/PubSubProtocol.java/getValue;4.2.0;2;1;0;0;0;0;1;0;1;3;6;0;6;2;Yes
Bookkeeper;/home/denni/isw2/bookkeeper/hedwig-protocol/src/main/java/org/apache/hedwig/protocol/PubSubProtocol.java/initFields;4.2.0;3;1;0;0;0;0;2;0;1;4;10;0;10;2;Yes
Bookkeeper;/home/denni/isw2/bookkeeper/hedwig-protocol/src/main/java/org/apache/hedwig/protocol/PubSubProtocol.java/maybeForceBuilderInitialization;4.2.0;2;2;1;0;0;1;1;0;1;3;8;0;8;2;Yes
Bookkeeper;/home/denni/isw2/bookkeeper/hedwig-protocol/src/main/java/org/apache/hedwig/protocol/PubSubProtocol.java/create;4.2.0;2;1;0;0;0;0;1;0;1;3;6;0;6;2;Yes
Bookkeeper;/home/denni/isw2/bookkeeper/hedwig-protocol/src/main/java/org/apache/hedwig/protocol/PubSubProtocol.java/clear;4.2.0;7;1;0;0;0;0;6;0;1;4;22;0;22;2;Yes
Bookkeeper;/home/denni/isw2/bookkeeper/hedwig-protocol/src/main/java/org/apache/hedwig/protocol/PubSubProtocol.java/clone;4.2.0;2;1;0;0;0;0;1;0;1;3;6;0;6;2;Yes
Bookkeeper;/home/denni/isw2/bookkeeper/hedwig-protocol/src/main/java/org/apache/hedwig/protocol/PubSubProtocol.java/buildParsed;4.2.0;5;2;1;0;0;1;3;1;1;4;26;0;26;2;Yes
Bookkeeper;/home/denni/isw2/bookkeeper/hedwig-protocol/src/main/java/org/apache/hedwig/protocol/PubSubProtocol.java/buildPartial;4.2.0;13;3;2;0;0;1;10;3;1;4;50;0;50;2;Yes
Bookkeeper;/home/denni/isw2/bookkeeper/hedwig-protocol/src/main/java/org/apache/hedwig/protocol/PubSubProtocol.java/mergeFrom;4.2.0;23;7;5;0;2;3;2;2;1;4;130;0;130;2;Yes
Bookkeeper;/home/denni/isw2/bookkeeper/hedwig-protocol/src/main/java/org/apache/hedwig/protocol/PubSubProtocol.java/hasKey;4.2.0;2;1;0;0;0;0;1;0;1;4;8;0;8;2;Yes
Bookkeeper;/home/denni/isw2/bookkeeper/hedwig-protocol/src/main/java/org/apache/hedwig/protocol/PubSubProtocol.java/getKey;4.2.0;8;2;1;0;0;1;2;2;1;4;31;0;31;2;Yes
Bookkeeper;/home/denni/isw2/bookkeeper/hedwig-protocol/src/main/java/org/apache/hedwig/protocol/PubSubProtocol.java/setKey;4.2.0;7;2;1;0;1;1;5;0;1;4;30;0;30;2;Yes
Bookkeeper;/home/denni/isw2/bookkeeper/hedwig-protocol/src/main/java/org/apache/hedwig/protocol/PubSubProtocol.java/hasValue;4.2.0;2;1;0;0;0;0;1;0;1;4;8;0;8;2;Yes
Bookkeeper;/home/denni/isw2/bookkeeper/hedwig-protocol/src/main/java/org/apache/hedwig/protocol/PubSubProtocol.java/getValue;4.2.0;2;1;0;0;0;0;1;0;1;4;8;0;8;2;Yes
Bookkeeper;/home/denni/isw2/bookkeeper/hedwig-protocol/src/main/java/org/apache/hedwig/protocol/PubSubProtocol.java/setValue;4.2.0;7;2;1;0;1;1;5;0;1;4;27;0;27;2;Yes
Bookkeeper;/home/denni/isw2/bookkeeper/hedwig-protocol/src/main/java/org/apache/hedwig/protocol/PubSubProtocol.java/clearValue;4.2.0;5;1;0;0;0;0;4;0;1;3;15;0;15;2;Yes
Bookkeeper;/home/denni/isw2/bookkeeper/hedwig-protocol/src/main/java/org/apache/hedwig/protocol/PubSubProtocol.java/getEntriesList;4.2.0;2;1;0;0;0;0;1;0;2;4;8;0;8;2;Yes
Bookkeeper;/home/denni/isw2/bookkeeper/hedwig-protocol/src/main/java/org/apache/hedwig/protocol/PubSubProtocol.java/getEntriesOrBuilderList;4.2.0;2;1;0;0;0;0;1;0;2;3;9;0;9;2;Yes
Bookkeeper;/home/denni/isw2/bookkeeper/hedwig-protocol/src/main/java/org/apache/hedwig/protocol/PubSubProtocol.java/getEntriesCount;4.2.0;2;1;0;0;0;0;1;0;1;3;6;0;6;2;Yes
Bookkeeper;/home/denni/isw2/bookkeeper/hedwig-protocol/src/main/java/org/apache/hedwig/protocol/PubSubProtocol.java/getEntries;4.2.0;2;1;0;0;1;0;1;0;1;3;6;0;6;2;Yes
Bookkeeper;/home/denni/isw2/bookkeeper/hedwig-protocol/src/main/java/org/apache/hedwig/protocol/PubSubProtocol.java/getEntriesOrBuilder;4.2.0;2;1;0;0;1;0;1;0;1;3;9;0;9;2;Yes
Bookkeeper;/home/denni/isw2/bookkeeper/hedwig-protocol/src/main/java/org/apache/hedwig/protocol/PubSubProtocol.java/writeTo;4.2.0;5;2;1;0;1;1;3;1;1;4;25;0;25;2;Yes
Bookkeeper;/home/denni/isw2/bookkeeper/hedwig-protocol/src/main/java/org/apache/hedwig/protocol/PubSubProtocol.java/getSerializedSize;4.2.0;10;3;2;0;0;1;7;2;1;4;44;0;44;2;Yes
Bookkeeper;/home/denni/isw2/bookkeeper/hedwig-protocol/src/main/java/org/apache/hedwig/protocol/PubSubProtocol.java/maybeForceBuilderInitialization;4.2.0;3;2;1;0;0;1;1;0;1;3;12;0;12;2;Yes
Bookkeeper;/home/denni/isw2/bookkeeper/hedwig-protocol/src/main/java/org/apache/hedwig/protocol/PubSubProtocol.java/create;4.2.0;2;1;0;0;0;0;1;0;1;3;6;0;6;2;Yes
Bookkeeper;/home/denni/isw2/bookkeeper/hedwig-protocol/src/main/java/org/apache/hedwig/protocol/PubSubProtocol.java/clone;4.2.0;2;1;0;0;0;0;1;0;1;4;7;0;7;2;Yes
Bookkeeper;/home/denni/isw2/bookkeeper/hedwig-protocol/src/main/java/org/apache/hedwig/protocol/PubSubProtocol.java/buildParsed;4.2.0;5;2;1;0;0;1;3;1;1;4;32;0;32;2;Yes
Bookkeeper;/home/denni/isw2/bookkeeper/hedwig-protocol/src/main/java/org/apache/hedwig/protocol/PubSubProtocol.java/buildPartial;4.2.0;12;3;3;0;0;2;5;2;1;4;48;0;48;2;Yes
Bookkeeper;/home/denni/isw2/bookkeeper/hedwig-protocol/src/main/java/org/apache/hedwig/protocol/PubSubProtocol.java/mergeFrom;4.2.0;24;8;9;0;1;3;4;0;1;4;107;0;107;2;Yes
Bookkeeper;/home/denni/isw2/bookkeeper/hedwig-protocol/src/main/java/org/apache/hedwig/protocol/PubSubProtocol.java/mergeFrom;4.2.0;20;6;5;0;2;3;2;3;1;4;105;0;105;2;Yes
Bookkeeper;/home/denni/isw2/bookkeeper/hedwig-protocol/src/main/java/org/apache/hedwig/protocol/PubSubProtocol.java/ensureEntriesIsMutable;4.2.0;4;2;1;0;0;1;1;0;1;4;16;0;16;2;Yes
Bookkeeper;/home/denni/isw2/bookkeeper/hedwig-protocol/src/main/java/org/apache/hedwig/protocol/PubSubProtocol.java/getEntriesList;4.2.0;5;2;1;0;0;1;1;0;2;4;19;0;19;2;Yes
Bookkeeper;/home/denni/isw2/bookkeeper/hedwig-protocol/src/main/java/org/apache/hedwig/protocol/PubSubProtocol.java/getEntriesCount;4.2.0;5;2;1;0;0;1;1;0;1;4;20;0;20;2;Yes
Bookkeeper;/home/denni/isw2/bookkeeper/hedwig-protocol/src/main/java/org/apache/hedwig/protocol/PubSubProtocol.java/getEntries;4.2.0;5;2;1;0;1;1;1;0;1;4;19;0;19;2;Yes
Bookkeeper;/home/denni/isw2/bookkeeper/hedwig-protocol/src/main/java/org/apache/hedwig/protocol/PubSubProtocol.java/setEntries;4.2.0;10;3;3;0;2;2;2;0;1;4;44;0;44;2;Yes
Bookkeeper;/home/denni/isw2/bookkeeper/hedwig-protocol/src/main/java/org/apache/hedwig/protocol/PubSubProtocol.java/addEntries;4.2.0;10;3;3;0;1;2;2;0;1;4;41;0;41;2;Yes
Bookkeeper;/home/denni/isw2/bookkeeper/hedwig-protocol/src/main/java/org/apache/hedwig/protocol/PubSubProtocol.java/addEntries;4.2.0;10;3;3;0;2;2;2;0;1;4;42;0;42;2;Yes
Bookkeeper;/home/denni/isw2/bookkeeper/hedwig-protocol/src/main/java/org/apache/hedwig/protocol/PubSubProtocol.java/getEntriesOrBuilder;4.2.0;5;2;1;0;1;1;1;0;1;4;20;0;20;2;Yes
Bookkeeper;/home/denni/isw2/bookkeeper/hedwig-protocol/src/main/java/org/apache/hedwig/protocol/PubSubProtocol.java/getEntriesOrBuilderList;4.2.0;5;2;1;0;0;1;1;0;2;4;27;0;27;2;Yes
Bookkeeper;/home/denni/isw2/bookkeeper/hedwig-protocol/src/main/java/org/apache/hedwig/protocol/PubSubProtocol.java/hasProperties;4.2.0;2;1;0;0;0;0;1;0;1;3;6;0;6;2;Yes
Bookkeeper;/home/denni/isw2/bookkeeper/hedwig-protocol/src/main/java/org/apache/hedwig/protocol/PubSubProtocol.java/getProperties;4.2.0;2;1;0;0;0;0;1;0;1;3;6;0;6;2;Yes
Bookkeeper;/home/denni/isw2/bookkeeper/hedwig-protocol/src/main/java/org/apache/hedwig/protocol/PubSubProtocol.java/getPropertiesOrBuilder;4.2.0;2;1;0;0;0;0;1;0;1;3;6;0;6;2;Yes
Bookkeeper;/home/denni/isw2/bookkeeper/hedwig-protocol/src/main/java/org/apache/hedwig/protocol/PubSubProtocol.java/hasMessageType;4.2.0;2;1;0;0;0;0;1;0;1;3;6;0;6;2;Yes
Bookkeeper;/home/denni/isw2/bookkeeper/hedwig-protocol/src/main/java/org/apache/hedwig/protocol/PubSubProtocol.java/getMessageType;4.2.0;10;3;3;0;0;2;2;3;1;3;39;0;39;2;Yes
Bookkeeper;/home/denni/isw2/bookkeeper/hedwig-protocol/src/main/java/org/apache/hedwig/protocol/PubSubProtocol.java/maybeForceBuilderInitialization;4.2.0;3;2;1;0;0;1;1;0;1;4;15;0;15;2;Yes
Bookkeeper;/home/denni/isw2/bookkeeper/hedwig-protocol/src/main/java/org/apache/hedwig/protocol/PubSubProtocol.java/create;4.2.0;2;1;0;0;0;0;1;0;1;3;6;0;6;2;Yes
Bookkeeper;/home/denni/isw2/bookkeeper/hedwig-protocol/src/main/java/org/apache/hedwig/protocol/PubSubProtocol.java/clone;4.2.0;2;1;0;0;0;0;1;0;1;3;6;0;6;2;Yes
Bookkeeper;/home/denni/isw2/bookkeeper/hedwig-protocol/src/main/java/org/apache/hedwig/protocol/PubSubProtocol.java/buildParsed;4.2.0;5;2;1;0;0;1;3;1;1;4;25;0;25;2;Yes
Bookkeeper;/home/denni/isw2/bookkeeper/hedwig-protocol/src/main/java/org/apache/hedwig/protocol/PubSubProtocol.java/buildPartial;4.2.0;16;4;3;0;0;1;10;3;1;4;64;0;64;2;Yes
Bookkeeper;/home/denni/isw2/bookkeeper/hedwig-protocol/src/main/java/org/apache/hedwig/protocol/PubSubProtocol.java/mergeFrom;4.2.0;26;8;6;0;2;3;2;3;1;4;148;0;148;2;Yes
Bookkeeper;/home/denni/isw2/bookkeeper/hedwig-protocol/src/main/java/org/apache/hedwig/protocol/PubSubProtocol.java/hasProperties;4.2.0;2;1;0;0;0;0;1;0;1;4;8;0;8;2;Yes
Bookkeeper;/home/denni/isw2/bookkeeper/hedwig-protocol/src/main/java/org/apache/hedwig/protocol/PubSubProtocol.java/getProperties;4.2.0;5;2;1;0;0;1;1;0;1;4;22;0;22;2;Yes
Bookkeeper;/home/denni/isw2/bookkeeper/hedwig-protocol/src/main/java/org/apache/hedwig/protocol/PubSubProtocol.java/setProperties;4.2.0;10;3;3;0;1;2;3;0;1;4;47;0;47;2;Yes
Bookkeeper;/home/denni/isw2/bookkeeper/hedwig-protocol/src/main/java/org/apache/hedwig/protocol/PubSubProtocol.java/getPropertiesOrBuilder;4.2.0;5;2;1;0;0;1;1;0;1;3;18;0;18;2;Yes
Bookkeeper;/home/denni/isw2/bookkeeper/hedwig-protocol/src/main/java/org/apache/hedwig/protocol/PubSubProtocol.java/hasMessageType;4.2.0;2;1;0;0;0;0;1;0;1;3;6;0;6;2;Yes
Bookkeeper;/home/denni/isw2/bookkeeper/hedwig-protocol/src/main/java/org/apache/hedwig/protocol/PubSubProtocol.java/getMessageType;4.2.0;8;2;1;0;0;1;2;2;1;3;27;0;27;2;Yes
Bookkeeper;/home/denni/isw2/bookkeeper/hedwig-protocol/src/main/java/org/apache/hedwig/protocol/PubSubProtocol.java/setMessageType;4.2.0;7;2;1;0;1;1;5;0;1;3;24;0;24;2;Yes
Bookkeeper;/home/denni/isw2/bookkeeper/hedwig-protocol/src/main/java/org/apache/hedwig/protocol/PubSubProtocol.java/hasBody;4.2.0;2;1;0;0;0;0;1;0;1;3;6;0;6;2;Yes
Bookkeeper;/home/denni/isw2/bookkeeper/hedwig-protocol/src/main/java/org/apache/hedwig/protocol/PubSubProtocol.java/getBody;4.2.0;2;1;0;0;0;0;1;0;1;4;7;0;7;2;Yes
Bookkeeper;/home/denni/isw2/bookkeeper/hedwig-protocol/src/main/java/org/apache/hedwig/protocol/PubSubProtocol.java/hasSrcRegion;4.2.0;2;1;0;0;0;0;1;0;1;2;4;0;4;2;No
Bookkeeper;/home/denni/isw2/bookkeeper/hedwig-protocol/src/main/java/org/apache/hedwig/protocol/PubSubProtocol.java/getSrcRegion;4.2.0;2;1;0;0;0;0;1;0;1;2;4;0;4;2;No
Bookkeeper;/home/denni/isw2/bookkeeper/hedwig-protocol/src/main/java/org/apache/hedwig/protocol/PubSubProtocol.java/hasMsgId;4.2.0;2;1;0;0;0;0;1;0;1;2;4;0;4;2;No
Bookkeeper;/home/denni/isw2/bookkeeper/hedwig-protocol/src/main/java/org/apache/hedwig/protocol/PubSubProtocol.java/getMsgId;4.2.0;2;1;0;0;0;0;1;0;1;2;4;0;4;2;No
Bookkeeper;/home/denni/isw2/bookkeeper/hedwig-protocol/src/main/java/org/apache/hedwig/protocol/PubSubProtocol.java/getMsgIdOrBuilder;4.2.0;2;1;0;0;0;0;1;0;1;2;4;0;4;2;No
Bookkeeper;/home/denni/isw2/bookkeeper/hedwig-protocol/src/main/java/org/apache/hedwig/protocol/PubSubProtocol.java/hasHeader;4.2.0;2;1;0;0;0;0;1;0;1;3;5;0;5;2;Yes
Bookkeeper;/home/denni/isw2/bookkeeper/hedwig-protocol/src/main/java/org/apache/hedwig/protocol/PubSubProtocol.java/getHeader;4.2.0;2;1;0;0;0;0;1;0;1;3;6;0;6;2;Yes
Bookkeeper;/home/denni/isw2/bookkeeper/hedwig-protocol/src/main/java/org/apache/hedwig/protocol/PubSubProtocol.java/getHeaderOrBuilder;4.2.0;2;1;0;0;0;0;1;0;1;3;5;0;5;2;Yes
Bookkeeper;/home/denni/isw2/bookkeeper/hedwig-protocol/src/main/java/org/apache/hedwig/protocol/PubSubProtocol.java/initFields;4.2.0;5;1;0;0;0;0;4;0;1;3;14;0;14;2;Yes
Bookkeeper;/home/denni/isw2/bookkeeper/hedwig-protocol/src/main/java/org/apache/hedwig/protocol/PubSubProtocol.java/isInitialized;4.2.0;13;5;5;0;0;2;6;1;1;3;38;0;38;2;Yes
Bookkeeper;/home/denni/isw2/bookkeeper/hedwig-protocol/src/main/java/org/apache/hedwig/protocol/PubSubProtocol.java/maybeForceBuilderInitialization;4.2.0;4;2;1;0;0;1;1;0;1;3;13;0;13;2;Yes
Bookkeeper;/home/denni/isw2/bookkeeper/hedwig-protocol/src/main/java/org/apache/hedwig/protocol/PubSubProtocol.java/create;4.2.0;2;1;0;0;0;0;1;0;1;4;8;0;8;2;Yes
Bookkeeper;/home/denni/isw2/bookkeeper/hedwig-protocol/src/main/java/org/apache/hedwig/protocol/PubSubProtocol.java/clear;4.2.0;17;3;2;0;0;1;10;0;1;4;51;0;51;2;Yes
Bookkeeper;/home/denni/isw2/bookkeeper/hedwig-protocol/src/main/java/org/apache/hedwig/protocol/PubSubProtocol.java/clone;4.2.0;2;1;0;0;0;0;1;0;1;3;5;0;5;2;Yes
Bookkeeper;/home/denni/isw2/bookkeeper/hedwig-protocol/src/main/java/org/apache/hedwig/protocol/PubSubProtocol.java/buildParsed;4.2.0;5;2;1;0;0;1;3;1;1;3;21;0;21;2;Yes
Bookkeeper;/home/denni/isw2/bookkeeper/hedwig-protocol/src/main/java/org/apache/hedwig/protocol/PubSubProtocol.java/buildPartial;4.2.0;25;7;6;0;0;1;14;3;1;3;71;0;71;2;Yes
Bookkeeper;/home/denni/isw2/bookkeeper/hedwig-protocol/src/main/java/org/apache/hedwig/protocol/PubSubProtocol.java/isInitialized;4.2.0;7;4;4;0;0;2;3;0;1;3;28;0;28;2;Yes
Bookkeeper;/home/denni/isw2/bookkeeper/hedwig-protocol/src/main/java/org/apache/hedwig/protocol/PubSubProtocol.java/mergeFrom;4.2.0;37;11;7;0;2;3;2;4;1;3;109;0;109;2;Yes
Bookkeeper;/home/denni/isw2/bookkeeper/hedwig-protocol/src/main/java/org/apache/hedwig/protocol/PubSubProtocol.java/hasBody;4.2.0;2;1;0;0;0;0;1;0;1;2;4;0;4;2;No
Bookkeeper;/home/denni/isw2/bookkeeper/hedwig-protocol/src/main/java/org/apache/hedwig/protocol/PubSubProtocol.java/getBody;4.2.0;2;1;0;0;0;0;1;0;1;2;4;0;4;2;No
Bookkeeper;/home/denni/isw2/bookkeeper/hedwig-protocol/src/main/java/org/apache/hedwig/protocol/PubSubProtocol.java/setBody;4.2.0;7;2;1;0;1;1;5;0;1;2;16;0;16;2;No
Bookkeeper;/home/denni/isw2/bookkeeper/hedwig-protocol/src/main/java/org/apache/hedwig/protocol/PubSubProtocol.java/clearBody;4.2.0;5;1;0;0;0;0;4;0;1;3;12;0;12;2;Yes
Bookkeeper;/home/denni/isw2/bookkeeper/hedwig-protocol/src/main/java/org/apache/hedwig/protocol/PubSubProtocol.java/hasSrcRegion;4.2.0;2;1;0;0;0;0;1;0;1;3;5;0;5;2;Yes
Bookkeeper;/home/denni/isw2/bookkeeper/hedwig-protocol/src/main/java/org/apache/hedwig/protocol/PubSubProtocol.java/getSrcRegion;4.2.0;2;1;0;0;0;0;1;0;1;3;6;0;6;2;Yes
Bookkeeper;/home/denni/isw2/bookkeeper/hedwig-protocol/src/main/java/org/apache/hedwig/protocol/PubSubProtocol.java/setSrcRegion;4.2.0;7;2;1;0;1;1;5;0;1;3;22;0;22;2;Yes
Bookkeeper;/home/denni/isw2/bookkeeper/hedwig-protocol/src/main/java/org/apache/hedwig/protocol/PubSubProtocol.java/clearSrcRegion;4.2.0;5;1;0;0;0;0;4;0;1;3;15;0;15;2;Yes
Bookkeeper;/home/denni/isw2/bookkeeper/hedwig-protocol/src/main/java/org/apache/hedwig/protocol/PubSubProtocol.java/hasMsgId;4.2.0;2;1;0;0;0;0;1;0;1;3;6;0;6;2;Yes
Bookkeeper;/home/denni/isw2/bookkeeper/hedwig-protocol/src/main/java/org/apache/hedwig/protocol/PubSubProtocol.java/getMsgId;4.2.0;5;2;1;0;0;1;1;0;1;3;17;0;17;2;Yes
Bookkeeper;/home/denni/isw2/bookkeeper/hedwig-protocol/src/main/java/org/apache/hedwig/protocol/PubSubProtocol.java/setMsgId;4.2.0;10;3;3;0;1;2;3;0;1;4;47;0;47;2;Yes
Bookkeeper;/home/denni/isw2/bookkeeper/hedwig-protocol/src/main/java/org/apache/hedwig/protocol/PubSubProtocol.java/getMsgIdOrBuilder;4.2.0;5;2;1;0;0;1;1;0;1;3;18;0;18;2;Yes
Bookkeeper;/home/denni/isw2/bookkeeper/hedwig-protocol/src/main/java/org/apache/hedwig/protocol/PubSubProtocol.java/hasHeader;4.2.0;2;1;0;0;0;0;1;0;1;4;7;0;7;2;Yes
Bookkeeper;/home/denni/isw2/bookkeeper/hedwig-protocol/src/main/java/org/apache/hedwig/protocol/PubSubProtocol.java/getHeader;4.2.0;5;2;1;0;0;1;1;0;1;4;22;0;22;2;Yes
Bookkeeper;/home/denni/isw2/bookkeeper/hedwig-protocol/src/main/java/org/apache/hedwig/protocol/PubSubProtocol.java/setHeader;4.2.0;10;3;3;0;1;2;3;0;1;3;34;0;34;2;Yes
Bookkeeper;/home/denni/isw2/bookkeeper/hedwig-protocol/src/main/java/org/apache/hedwig/protocol/PubSubProtocol.java/getHeaderOrBuilder;4.2.0;5;2;1;0;0;1;1;0;1;3;18;0;18;2;Yes
Bookkeeper;/home/denni/isw2/bookkeeper/hedwig-protocol/src/main/java/org/apache/hedwig/protocol/PubSubProtocol.java/hasRegion;4.2.0;2;1;0;0;0;0;1;0;1;2;4;0;4;2;No
Bookkeeper;/home/denni/isw2/bookkeeper/hedwig-protocol/src/main/java/org/apache/hedwig/protocol/PubSubProtocol.java/getRegion;4.2.0;2;1;0;0;0;0;1;0;1;3;5;0;5;2;Yes
Bookkeeper;/home/denni/isw2/bookkeeper/hedwig-protocol/src/main/java/org/apache/hedwig/protocol/PubSubProtocol.java/hasSeqId;4.2.0;2;1;0;0;0;0;1;0;1;3;6;1;7;2;Yes
Bookkeeper;/home/denni/isw2/bookkeeper/hedwig-protocol/src/main/java/org/apache/hedwig/protocol/PubSubProtocol.java/getSeqId;4.2.0;2;1;0;0;0;0;1;0;1;3;6;0;6;2;Yes
Bookkeeper;/home/denni/isw2/bookkeeper/hedwig-protocol/src/main/java/org/apache/hedwig/protocol/PubSubProtocol.java/initFields;4.2.0;3;1;0;0;0;0;2;0;1;3;9;0;9;2;Yes
Bookkeeper;/home/denni/isw2/bookkeeper/hedwig-protocol/src/main/java/org/apache/hedwig/protocol/PubSubProtocol.java/maybeForceBuilderInitialization;4.2.0;2;2;1;0;0;1;1;0;1;2;5;0;5;2;No
Bookkeeper;/home/denni/isw2/bookkeeper/hedwig-protocol/src/main/java/org/apache/hedwig/protocol/PubSubProtocol.java/create;4.2.0;2;1;0;0;0;0;1;0;1;3;4;0;4;2;Yes
Bookkeeper;/home/denni/isw2/bookkeeper/hedwig-protocol/src/main/java/org/apache/hedwig/protocol/PubSubProtocol.java/clear;4.2.0;7;1;0;0;0;0;6;0;1;3;17;0;17;2;Yes
Bookkeeper;/home/denni/isw2/bookkeeper/hedwig-protocol/src/main/java/org/apache/hedwig/protocol/PubSubProtocol.java/clone;4.2.0;2;1;0;0;0;0;1;0;1;2;4;0;4;2;No
Bookkeeper;/home/denni/isw2/bookkeeper/hedwig-protocol/src/main/java/org/apache/hedwig/protocol/PubSubProtocol.java/buildParsed;4.2.0;5;2;1;0;0;1;3;1;1;3;18;8;26;2;Yes
Bookkeeper;/home/denni/isw2/bookkeeper/hedwig-protocol/src/main/java/org/apache/hedwig/protocol/PubSubProtocol.java/buildPartial;4.2.0;13;3;2;0;0;1;10;3;1;3;37;15;52;2;Yes
Bookkeeper;/home/denni/isw2/bookkeeper/hedwig-protocol/src/main/java/org/apache/hedwig/protocol/PubSubProtocol.java/isInitialized;4.2.0;6;3;2;0;0;1;3;0;1;3;25;0;25;2;Yes
Bookkeeper;/home/denni/isw2/bookkeeper/hedwig-protocol/src/main/java/org/apache/hedwig/protocol/PubSubProtocol.java/mergeFrom;4.2.0;23;7;5;0;2;3;2;2;1;3;84;3;87;2;Yes
Bookkeeper;/home/denni/isw2/bookkeeper/hedwig-protocol/src/main/java/org/apache/hedwig/protocol/PubSubProtocol.java/hasRegion;4.2.0;2;1;0;0;0;0;1;0;1;2;4;2;6;2;No
Bookkeeper;/home/denni/isw2/bookkeeper/hedwig-protocol/src/main/java/org/apache/hedwig/protocol/PubSubProtocol.java/getRegion;4.2.0;2;1;0;0;0;0;1;0;1;3;6;2;8;2;Yes
Bookkeeper;/home/denni/isw2/bookkeeper/hedwig-protocol/src/main/java/org/apache/hedwig/protocol/PubSubProtocol.java/setRegion;4.2.0;7;2;1;0;1;1;5;0;1;3;18;6;24;2;Yes
Bookkeeper;/home/denni/isw2/bookkeeper/hedwig-protocol/src/main/java/org/apache/hedwig/protocol/PubSubProtocol.java/clearRegion;4.2.0;5;1;0;0;0;0;4;0;1;3;11;0;11;2;Yes
Bookkeeper;/home/denni/isw2/bookkeeper/hedwig-protocol/src/main/java/org/apache/hedwig/protocol/PubSubProtocol.java/hasSeqId;4.2.0;2;1;0;0;0;0;1;0;1;2;4;0;4;2;No
Bookkeeper;/home/denni/isw2/bookkeeper/hedwig-protocol/src/main/java/org/apache/hedwig/protocol/PubSubProtocol.java/getSeqId;4.2.0;2;1;0;0;0;0;1;0;1;3;6;0;6;2;Yes
Bookkeeper;/home/denni/isw2/bookkeeper/hedwig-protocol/src/main/java/org/apache/hedwig/protocol/PubSubProtocol.java/hasLocalComponent;4.2.0;2;1;0;0;0;0;1;0;1;3;6;0;6;2;Yes
Bookkeeper;/home/denni/isw2/bookkeeper/hedwig-protocol/src/main/java/org/apache/hedwig/protocol/PubSubProtocol.java/getLocalComponent;4.2.0;2;1;0;0;0;0;1;0;1;3;6;0;6;2;Yes
Bookkeeper;/home/denni/isw2/bookkeeper/hedwig-protocol/src/main/java/org/apache/hedwig/protocol/PubSubProtocol.java/getRemoteComponentsList;4.2.0;2;1;0;0;0;0;1;0;2;3;6;0;6;2;Yes
Bookkeeper;/home/denni/isw2/bookkeeper/hedwig-protocol/src/main/java/org/apache/hedwig/protocol/PubSubProtocol.java/getRemoteComponentsOrBuilderList;4.2.0;2;1;0;0;0;0;1;0;2;3;9;0;9;2;Yes
Bookkeeper;/home/denni/isw2/bookkeeper/hedwig-protocol/src/main/java/org/apache/hedwig/protocol/PubSubProtocol.java/getRemoteComponentsCount;4.2.0;2;1;0;0;0;0;1;0;1;3;6;0;6;2;Yes
Bookkeeper;/home/denni/isw2/bookkeeper/hedwig-protocol/src/main/java/org/apache/hedwig/protocol/PubSubProtocol.java/getRemoteComponents;4.2.0;2;1;0;0;1;0;1;0;1;3;5;0;5;2;Yes
Bookkeeper;/home/denni/isw2/bookkeeper/hedwig-protocol/src/main/java/org/apache/hedwig/protocol/PubSubProtocol.java/getRemoteComponentsOrBuilder;4.2.0;2;1;0;0;1;0;1;0;1;3;8;0;8;2;Yes
Bookkeeper;/home/denni/isw2/bookkeeper/hedwig-protocol/src/main/java/org/apache/hedwig/protocol/PubSubProtocol.java/writeTo;4.2.0;7;3;2;0;1;1;4;1;1;3;29;0;29;2;Yes
Bookkeeper;/home/denni/isw2/bookkeeper/hedwig-protocol/src/main/java/org/apache/hedwig/protocol/PubSubProtocol.java/getSerializedSize;4.2.0;12;4;3;0;0;1;8;2;1;3;43;0;43;2;Yes
Bookkeeper;/home/denni/isw2/bookkeeper/hedwig-protocol/src/main/java/org/apache/hedwig/protocol/PubSubProtocol.java/maybeForceBuilderInitialization;4.2.0;3;2;1;0;0;1;1;0;1;3;11;0;11;2;Yes
Bookkeeper;/home/denni/isw2/bookkeeper/hedwig-protocol/src/main/java/org/apache/hedwig/protocol/PubSubProtocol.java/create;4.2.0;2;1;0;0;0;0;1;0;1;3;5;0;5;2;Yes
Bookkeeper;/home/denni/isw2/bookkeeper/hedwig-protocol/src/main/java/org/apache/hedwig/protocol/PubSubProtocol.java/clone;4.2.0;2;1;0;0;0;0;1;0;1;3;6;0;6;2;Yes
Bookkeeper;/home/denni/isw2/bookkeeper/hedwig-protocol/src/main/java/org/apache/hedwig/protocol/PubSubProtocol.java/buildParsed;4.2.0;5;2;1;0;0;1;3;1;1;3;22;0;22;2;Yes
Bookkeeper;/home/denni/isw2/bookkeeper/hedwig-protocol/src/main/java/org/apache/hedwig/protocol/PubSubProtocol.java/buildPartial;4.2.0;17;4;4;0;0;2;9;3;1;3;55;11;66;2;Yes
Bookkeeper;/home/denni/isw2/bookkeeper/hedwig-protocol/src/main/java/org/apache/hedwig/protocol/PubSubProtocol.java/mergeFrom;4.2.0;26;9;10;0;1;3;5;0;1;3;93;0;93;2;Yes
Bookkeeper;/home/denni/isw2/bookkeeper/hedwig-protocol/src/main/java/org/apache/hedwig/protocol/PubSubProtocol.java/mergeFrom;4.2.0;24;7;5;0;2;3;2;3;1;3;99;0;99;2;Yes
Bookkeeper;/home/denni/isw2/bookkeeper/hedwig-protocol/src/main/java/org/apache/hedwig/protocol/PubSubProtocol.java/hasLocalComponent;4.2.0;2;1;0;0;0;0;1;0;1;3;6;0;6;2;Yes
Bookkeeper;/home/denni/isw2/bookkeeper/hedwig-protocol/src/main/java/org/apache/hedwig/protocol/PubSubProtocol.java/getLocalComponent;4.2.0;2;1;0;0;0;0;1;0;1;3;6;0;6;2;Yes
Bookkeeper;/home/denni/isw2/bookkeeper/hedwig-protocol/src/main/java/org/apache/hedwig/protocol/PubSubProtocol.java/ensureRemoteComponentsIsMutable;4.2.0;4;2;1;0;0;1;1;0;1;3;13;0;13;2;Yes
Bookkeeper;/home/denni/isw2/bookkeeper/hedwig-protocol/src/main/java/org/apache/hedwig/protocol/PubSubProtocol.java/getRemoteComponentsList;4.2.0;5;2;1;0;0;1;1;0;2;3;16;0;16;2;Yes
Bookkeeper;/home/denni/isw2/bookkeeper/hedwig-protocol/src/main/java/org/apache/hedwig/protocol/PubSubProtocol.java/getRemoteComponentsCount;4.2.0;5;2;1;0;0;1;1;0;1;3;18;0;18;2;Yes
Bookkeeper;/home/denni/isw2/bookkeeper/hedwig-protocol/src/main/java/org/apache/hedwig/protocol/PubSubProtocol.java/getRemoteComponents;4.2.0;5;2;1;0;1;1;1;0;1;3;16;0;16;2;Yes
Bookkeeper;/home/denni/isw2/bookkeeper/hedwig-protocol/src/main/java/org/apache/hedwig/protocol/PubSubProtocol.java/setRemoteComponents;4.2.0;10;3;3;0;2;2;2;0;1;3;36;0;36;2;Yes
Bookkeeper;/home/denni/isw2/bookkeeper/hedwig-protocol/src/main/java/org/apache/hedwig/protocol/PubSubProtocol.java/addRemoteComponents;4.2.0;10;3;3;0;1;2;2;0;1;3;34;0;34;2;Yes
Bookkeeper;/home/denni/isw2/bookkeeper/hedwig-protocol/src/main/java/org/apache/hedwig/protocol/PubSubProtocol.java/addRemoteComponents;4.2.0;10;3;3;0;2;2;2;0;1;3;39;0;39;2;Yes
Bookkeeper;/home/denni/isw2/bookkeeper/hedwig-protocol/src/main/java/org/apache/hedwig/protocol/PubSubProtocol.java/getRemoteComponentsOrBuilder;4.2.0;5;2;1;0;1;1;1;0;1;3;17;0;17;2;Yes
Bookkeeper;/home/denni/isw2/bookkeeper/hedwig-protocol/src/main/java/org/apache/hedwig/protocol/PubSubProtocol.java/getRemoteComponentsOrBuilderList;4.2.0;5;2;1;0;0;1;1;0;2;3;15;0;15;2;Yes
Bookkeeper;/home/denni/isw2/bookkeeper/hedwig-protocol/src/main/java/org/apache/hedwig/protocol/PubSubProtocol.java/hasProtocolVersion;4.2.0;2;1;0;0;0;0;1;0;1;3;5;0;5;2;Yes
Bookkeeper;/home/denni/isw2/bookkeeper/hedwig-protocol/src/main/java/org/apache/hedwig/protocol/PubSubProtocol.java/getProtocolVersion;4.2.0;2;1;0;0;0;0;1;0;1;3;6;0;6;2;Yes
Bookkeeper;/home/denni/isw2/bookkeeper/hedwig-protocol/src/main/java/org/apache/hedwig/protocol/PubSubProtocol.java/hasType;4.2.0;2;1;0;0;0;0;1;0;1;3;6;0;6;2;Yes
Bookkeeper;/home/denni/isw2/bookkeeper/hedwig-protocol/src/main/java/org/apache/hedwig/protocol/PubSubProtocol.java/getType;4.2.0;2;1;0;0;0;0;1;0;1;3;6;0;6;2;Yes
Bookkeeper;/home/denni/isw2/bookkeeper/hedwig-protocol/src/main/java/org/apache/hedwig/protocol/PubSubProtocol.java/getTriedServersList;4.2.0;2;1;0;0;0;0;1;0;2;3;8;0;8;2;Yes
Bookkeeper;/home/denni/isw2/bookkeeper/hedwig-protocol/src/main/java/org/apache/hedwig/protocol/PubSubProtocol.java/getTriedServersCount;4.2.0;2;1;0;0;0;0;1;0;1;3;5;0;5;2;Yes
Bookkeeper;/home/denni/isw2/bookkeeper/hedwig-protocol/src/main/java/org/apache/hedwig/protocol/PubSubProtocol.java/getTriedServers;4.2.0;2;1;0;0;1;0;1;0;1;3;6;0;6;2;Yes
Bookkeeper;/home/denni/isw2/bookkeeper/hedwig-protocol/src/main/java/org/apache/hedwig/protocol/PubSubProtocol.java/hasTxnId;4.2.0;2;1;0;0;0;0;1;0;1;2;4;0;4;2;No
Bookkeeper;/home/denni/isw2/bookkeeper/hedwig-protocol/src/main/java/org/apache/hedwig/protocol/PubSubProtocol.java/getTxnId;4.2.0;2;1;0;0;0;0;1;0;1;2;4;0;4;2;No
Bookkeeper;/home/denni/isw2/bookkeeper/hedwig-protocol/src/main/java/org/apache/hedwig/protocol/PubSubProtocol.java/hasShouldClaim;4.2.0;2;1;0;0;0;0;1;0;1;2;4;0;4;2;No
Bookkeeper;/home/denni/isw2/bookkeeper/hedwig-protocol/src/main/java/org/apache/hedwig/protocol/PubSubProtocol.java/getShouldClaim;4.2.0;2;1;0;0;0;0;1;0;1;3;4;0;4;2;Yes
Bookkeeper;/home/denni/isw2/bookkeeper/hedwig-protocol/src/main/java/org/apache/hedwig/protocol/PubSubProtocol.java/hasTopic;4.2.0;2;1;0;0;0;0;1;0;1;2;4;0;4;2;No
Bookkeeper;/home/denni/isw2/bookkeeper/hedwig-protocol/src/main/java/org/apache/hedwig/protocol/PubSubProtocol.java/getTopic;4.2.0;2;1;0;0;0;0;1;0;1;3;5;0;5;2;Yes
Bookkeeper;/home/denni/isw2/bookkeeper/hedwig-protocol/src/main/java/org/apache/hedwig/protocol/PubSubProtocol.java/hasPublishRequest;4.2.0;2;1;0;0;0;0;1;0;1;2;4;0;4;2;No
Bookkeeper;/home/denni/isw2/bookkeeper/hedwig-protocol/src/main/java/org/apache/hedwig/protocol/PubSubProtocol.java/getPublishRequest;4.2.0;2;1;0;0;0;0;1;0;1;3;6;0;6;2;Yes
Bookkeeper;/home/denni/isw2/bookkeeper/hedwig-protocol/src/main/java/org/apache/hedwig/protocol/PubSubProtocol.java/getPublishRequestOrBuilder;4.2.0;2;1;0;0;0;0;1;0;1;3;6;0;6;2;Yes
Bookkeeper;/home/denni/isw2/bookkeeper/hedwig-protocol/src/main/java/org/apache/hedwig/protocol/PubSubProtocol.java/hasSubscribeRequest;4.2.0;2;1;0;0;0;0;1;0;1;3;6;0;6;2;Yes
Bookkeeper;/home/denni/isw2/bookkeeper/hedwig-protocol/src/main/java/org/apache/hedwig/protocol/PubSubProtocol.java/getSubscribeRequest;4.2.0;2;1;0;0;0;0;1;0;1;3;5;0;5;2;Yes
Bookkeeper;/home/denni/isw2/bookkeeper/hedwig-protocol/src/main/java/org/apache/hedwig/protocol/PubSubProtocol.java/getSubscribeRequestOrBuilder;4.2.0;2;1;0;0;0;0;1;0;1;2;4;0;4;2;No
Bookkeeper;/home/denni/isw2/bookkeeper/hedwig-protocol/src/main/java/org/apache/hedwig/protocol/PubSubProtocol.java/hasConsumeRequest;4.2.0;2;1;0;0;0;0;1;0;1;2;4;0;4;2;No
Bookkeeper;/home/denni/isw2/bookkeeper/hedwig-protocol/src/main/java/org/apache/hedwig/protocol/PubSubProtocol.java/getConsumeRequest;4.2.0;2;1;0;0;0;0;1;0;1;2;4;0;4;2;No
Bookkeeper;/home/denni/isw2/bookkeeper/hedwig-protocol/src/main/java/org/apache/hedwig/protocol/PubSubProtocol.java/getConsumeRequestOrBuilder;4.2.0;2;1;0;0;0;0;1;0;1;2;4;0;4;2;No
Bookkeeper;/home/denni/isw2/bookkeeper/hedwig-protocol/src/main/java/org/apache/hedwig/protocol/PubSubProtocol.java/hasUnsubscribeRequest;4.2.0;2;1;0;0;0;0;1;0;1;3;6;0;6;2;Yes
Bookkeeper;/home/denni/isw2/bookkeeper/hedwig-protocol/src/main/java/org/apache/hedwig/protocol/PubSubProtocol.java/getUnsubscribeRequest;4.2.0;2;1;0;0;0;0;1;0;1;3;6;0;6;2;Yes
Bookkeeper;/home/denni/isw2/bookkeeper/hedwig-protocol/src/main/java/org/apache/hedwig/protocol/PubSubProtocol.java/getUnsubscribeRequestOrBuilder;4.2.0;2;1;0;0;0;0;1;0;1;3;6;0;6;2;Yes
Bookkeeper;/home/denni/isw2/bookkeeper/hedwig-protocol/src/main/java/org/apache/hedwig/protocol/PubSubProtocol.java/hasStopDeliveryRequest;4.2.0;2;1;0;0;0;0;1;0;1;2;4;0;4;2;No
Bookkeeper;/home/denni/isw2/bookkeeper/hedwig-protocol/src/main/java/org/apache/hedwig/protocol/PubSubProtocol.java/getStopDeliveryRequest;4.2.0;2;1;0;0;0;0;1;0;1;2;4;0;4;2;No
Bookkeeper;/home/denni/isw2/bookkeeper/hedwig-protocol/src/main/java/org/apache/hedwig/protocol/PubSubProtocol.java/getStopDeliveryRequestOrBuilder;4.2.0;2;1;0;0;0;0;1;0;1;2;4;0;4;2;No
Bookkeeper;/home/denni/isw2/bookkeeper/hedwig-protocol/src/main/java/org/apache/hedwig/protocol/PubSubProtocol.java/hasStartDeliveryRequest;4.2.0;2;1;0;0;0;0;1;0;1;2;4;0;4;2;No
Bookkeeper;/home/denni/isw2/bookkeeper/hedwig-protocol/src/main/java/org/apache/hedwig/protocol/PubSubProtocol.java/getStartDeliveryRequest;4.2.0;2;1;0;0;0;0;1;0;1;2;4;0;4;2;No
Bookkeeper;/home/denni/isw2/bookkeeper/hedwig-protocol/src/main/java/org/apache/hedwig/protocol/PubSubProtocol.java/getStartDeliveryRequestOrBuilder;4.2.0;2;1;0;0;0;0;1;0;1;3;6;0;6;2;Yes
Bookkeeper;/home/denni/isw2/bookkeeper/hedwig-protocol/src/main/java/org/apache/hedwig/protocol/PubSubProtocol.java/hasCloseSubscriptionRequest;4.2.0;2;1;0;0;0;0;1;0;1;3;6;0;6;2;Yes
Bookkeeper;/home/denni/isw2/bookkeeper/hedwig-protocol/src/main/java/org/apache/hedwig/protocol/PubSubProtocol.java/getCloseSubscriptionRequest;4.2.0;2;1;0;0;0;0;1;0;1;3;6;0;6;2;Yes
Bookkeeper;/home/denni/isw2/bookkeeper/hedwig-protocol/src/main/java/org/apache/hedwig/protocol/PubSubProtocol.java/getCloseSubscriptionRequestOrBuilder;4.2.0;2;1;0;0;0;0;1;0;1;3;5;0;5;2;Yes
Bookkeeper;/home/denni/isw2/bookkeeper/hedwig-protocol/src/main/java/org/apache/hedwig/protocol/PubSubProtocol.java/initFields;4.2.0;15;1;0;0;0;0;14;0;1;4;36;0;36;2;Yes
Bookkeeper;/home/denni/isw2/bookkeeper/hedwig-protocol/src/main/java/org/apache/hedwig/protocol/PubSubProtocol.java/isInitialized;4.2.0;46;20;20;0;0;2;15;1;1;4;177;51;228;2;Yes
Bookkeeper;/home/denni/isw2/bookkeeper/hedwig-protocol/src/main/java/org/apache/hedwig/protocol/PubSubProtocol.java/writeTo;4.2.0;29;14;13;0;1;1;15;1;1;4;118;0;118;2;Yes
Bookkeeper;/home/denni/isw2/bookkeeper/hedwig-protocol/src/main/java/org/apache/hedwig/protocol/PubSubProtocol.java/getSerializedSize;4.2.0;37;15;14;0;0;1;19;3;1;4;137;0;137;2;Yes
Bookkeeper;/home/denni/isw2/bookkeeper/hedwig-protocol/src/main/java/org/apache/hedwig/protocol/PubSubProtocol.java/maybeForceBuilderInitialization;4.2.0;9;2;1;0;0;1;1;0;1;4;25;0;25;2;Yes
Bookkeeper;/home/denni/isw2/bookkeeper/hedwig-protocol/src/main/java/org/apache/hedwig/protocol/PubSubProtocol.java/create;4.2.0;2;1;0;0;0;0;1;0;1;3;5;0;5;2;Yes
Bookkeeper;/home/denni/isw2/bookkeeper/hedwig-protocol/src/main/java/org/apache/hedwig/protocol/PubSubProtocol.java/clear;4.2.0;51;8;7;0;0;1;29;0;1;4;119;38;157;2;Yes
Bookkeeper;/home/denni/isw2/bookkeeper/hedwig-protocol/src/main/java/org/apache/hedwig/protocol/PubSubProtocol.java/clone;4.2.0;2;1;0;0;0;0;1;0;1;2;4;0;4;2;No
Bookkeeper;/home/denni/isw2/bookkeeper/hedwig-protocol/src/main/java/org/apache/hedwig/protocol/PubSubProtocol.java/buildParsed;4.2.0;5;2;1;0;0;1;3;1;1;3;18;0;18;2;Yes
Bookkeeper;/home/denni/isw2/bookkeeper/hedwig-protocol/src/main/java/org/apache/hedwig/protocol/PubSubProtocol.java/buildPartial;4.2.0;68;21;20;0;0;1;32;3;1;4;234;0;234;2;Yes
Bookkeeper;/home/denni/isw2/bookkeeper/hedwig-protocol/src/main/java/org/apache/hedwig/protocol/PubSubProtocol.java/mergeFrom;4.2.0;37;16;16;0;1;2;16;0;1;4;112;0;112;2;Yes
Bookkeeper;/home/denni/isw2/bookkeeper/hedwig-protocol/src/main/java/org/apache/hedwig/protocol/PubSubProtocol.java/isInitialized;4.2.0;31;19;19;0;0;2;12;0;1;4;142;0;142;2;Yes
Bookkeeper;/home/denni/isw2/bookkeeper/hedwig-protocol/src/main/java/org/apache/hedwig/protocol/PubSubProtocol.java/mergeFrom;4.2.0;98;27;14;0;2;3;2;13;1;4;304;118;422;2;Yes
Bookkeeper;/home/denni/isw2/bookkeeper/hedwig-protocol/src/main/java/org/apache/hedwig/protocol/PubSubProtocol.java/hasProtocolVersion;4.2.0;2;1;0;0;0;0;1;0;1;3;6;0;6;2;Yes
Bookkeeper;/home/denni/isw2/bookkeeper/hedwig-protocol/src/main/java/org/apache/hedwig/protocol/PubSubProtocol.java/getProtocolVersion;4.2.0;2;1;0;0;0;0;1;0;1;2;4;0;4;2;No
Bookkeeper;/home/denni/isw2/bookkeeper/hedwig-protocol/src/main/java/org/apache/hedwig/protocol/PubSubProtocol.java/setProtocolVersion;4.2.0;7;2;1;0;1;1;5;0;1;3;21;0;21;2;Yes
Bookkeeper;/home/denni/isw2/bookkeeper/hedwig-protocol/src/main/java/org/apache/hedwig/protocol/PubSubProtocol.java/hasType;4.2.0;2;1;0;0;0;0;1;0;1;2;4;0;4;2;No
Bookkeeper;/home/denni/isw2/bookkeeper/hedwig-protocol/src/main/java/org/apache/hedwig/protocol/PubSubProtocol.java/getType;4.2.0;2;1;0;0;0;0;1;0;1;2;4;0;4;2;No
Bookkeeper;/home/denni/isw2/bookkeeper/hedwig-protocol/src/main/java/org/apache/hedwig/protocol/PubSubProtocol.java/setType;4.2.0;7;2;1;0;1;1;5;0;1;3;18;0;18;2;Yes
Bookkeeper;/home/denni/isw2/bookkeeper/hedwig-protocol/src/main/java/org/apache/hedwig/protocol/PubSubProtocol.java/ensureTriedServersIsMutable;4.2.0;4;2;1;0;0;1;1;0;1;3;15;0;15;2;Yes
Bookkeeper;/home/denni/isw2/bookkeeper/hedwig-protocol/src/main/java/org/apache/hedwig/protocol/PubSubProtocol.java/getTriedServersList;4.2.0;2;1;0;0;0;0;1;0;2;2;6;0;6;2;No
Bookkeeper;/home/denni/isw2/bookkeeper/hedwig-protocol/src/main/java/org/apache/hedwig/protocol/PubSubProtocol.java/getTriedServersCount;4.2.0;2;1;0;0;0;0;1;0;1;2;4;0;4;2;No
Bookkeeper;/home/denni/isw2/bookkeeper/hedwig-protocol/src/main/java/org/apache/hedwig/protocol/PubSubProtocol.java/getTriedServers;4.2.0;2;1;0;0;1;0;1;0;1;2;4;0;4;2;No
Bookkeeper;/home/denni/isw2/bookkeeper/hedwig-protocol/src/main/java/org/apache/hedwig/protocol/PubSubProtocol.java/setTriedServers;4.2.0;7;2;1;0;2;1;5;0;1;2;18;0;18;2;No
Bookkeeper;/home/denni/isw2/bookkeeper/hedwig-protocol/src/main/java/org/apache/hedwig/protocol/PubSubProtocol.java/addTriedServers;4.2.0;7;2;1;0;1;1;5;0;1;2;16;0;16;2;No
Bookkeeper;/home/denni/isw2/bookkeeper/hedwig-protocol/src/main/java/org/apache/hedwig/protocol/PubSubProtocol.java/hasTxnId;4.2.0;2;1;0;0;0;0;1;0;1;2;4;0;4;2;No
Bookkeeper;/home/denni/isw2/bookkeeper/hedwig-protocol/src/main/java/org/apache/hedwig/protocol/PubSubProtocol.java/getTxnId;4.2.0;2;1;0;0;0;0;1;0;1;2;4;0;4;2;No
Bookkeeper;/home/denni/isw2/bookkeeper/hedwig-protocol/src/main/java/org/apache/hedwig/protocol/PubSubProtocol.java/hasShouldClaim;4.2.0;2;1;0;0;0;0;1;0;1;2;4;0;4;2;No
Bookkeeper;/home/denni/isw2/bookkeeper/hedwig-protocol/src/main/java/org/apache/hedwig/protocol/PubSubProtocol.java/getShouldClaim;4.2.0;2;1;0;0;0;0;1;0;1;2;4;0;4;2;No
Bookkeeper;/home/denni/isw2/bookkeeper/hedwig-protocol/src/main/java/org/apache/hedwig/protocol/PubSubProtocol.java/hasTopic;4.2.0;2;1;0;0;0;0;1;0;1;3;3;0;3;2;Yes
Bookkeeper;/home/denni/isw2/bookkeeper/hedwig-protocol/src/main/java/org/apache/hedwig/protocol/PubSubProtocol.java/getTopic;4.2.0;2;1;0;0;0;0;1;0;1;3;6;0;6;2;Yes
Bookkeeper;/home/denni/isw2/bookkeeper/hedwig-protocol/src/main/java/org/apache/hedwig/protocol/PubSubProtocol.java/setTopic;4.2.0;7;2;1;0;1;1;5;0;1;3;23;0;23;2;Yes
Bookkeeper;/home/denni/isw2/bookkeeper/hedwig-protocol/src/main/java/org/apache/hedwig/protocol/PubSubProtocol.java/clearTopic;4.2.0;5;1;0;0;0;0;4;0;1;3;14;0;14;2;Yes
Bookkeeper;/home/denni/isw2/bookkeeper/hedwig-protocol/src/main/java/org/apache/hedwig/protocol/PubSubProtocol.java/hasPublishRequest;4.2.0;2;1;0;0;0;0;1;0;1;3;6;0;6;2;Yes
Bookkeeper;/home/denni/isw2/bookkeeper/hedwig-protocol/src/main/java/org/apache/hedwig/protocol/PubSubProtocol.java/getPublishRequest;4.2.0;5;2;1;0;0;1;1;0;1;3;12;0;12;2;Yes
Bookkeeper;/home/denni/isw2/bookkeeper/hedwig-protocol/src/main/java/org/apache/hedwig/protocol/PubSubProtocol.java/setPublishRequest;4.2.0;10;3;3;0;1;2;3;0;1;3;25;0;25;2;Yes
Bookkeeper;/home/denni/isw2/bookkeeper/hedwig-protocol/src/main/java/org/apache/hedwig/protocol/PubSubProtocol.java/getPublishRequestOrBuilder;4.2.0;5;2;1;0;0;1;1;0;1;2;12;0;12;2;No
Bookkeeper;/home/denni/isw2/bookkeeper/hedwig-protocol/src/main/java/org/apache/hedwig/protocol/PubSubProtocol.java/hasSubscribeRequest;4.2.0;2;1;0;0;0;0;1;0;1;3;5;0;5;2;Yes
Bookkeeper;/home/denni/isw2/bookkeeper/hedwig-protocol/src/main/java/org/apache/hedwig/protocol/PubSubProtocol.java/getSubscribeRequest;4.2.0;5;2;1;0;0;1;1;0;1;3;13;0;13;2;Yes
Bookkeeper;/home/denni/isw2/bookkeeper/hedwig-protocol/src/main/java/org/apache/hedwig/protocol/PubSubProtocol.java/setSubscribeRequest;4.2.0;10;3;3;0;1;2;3;0;1;3;26;0;26;2;Yes
Bookkeeper;/home/denni/isw2/bookkeeper/hedwig-protocol/src/main/java/org/apache/hedwig/protocol/PubSubProtocol.java/getSubscribeRequestOrBuilder;4.2.0;5;2;1;0;0;1;1;0;1;3;15;0;15;2;Yes
Bookkeeper;/home/denni/isw2/bookkeeper/hedwig-protocol/src/main/java/org/apache/hedwig/protocol/PubSubProtocol.java/hasConsumeRequest;4.2.0;2;1;0;0;0;0;1;0;1;3;6;0;6;2;Yes
Bookkeeper;/home/denni/isw2/bookkeeper/hedwig-protocol/src/main/java/org/apache/hedwig/protocol/PubSubProtocol.java/getConsumeRequest;4.2.0;5;2;1;0;0;1;1;0;1;4;24;0;24;2;Yes
Bookkeeper;/home/denni/isw2/bookkeeper/hedwig-protocol/src/main/java/org/apache/hedwig/protocol/PubSubProtocol.java/setConsumeRequest;4.2.0;10;3;3;0;1;2;3;0;1;4;42;0;42;2;Yes
Bookkeeper;/home/denni/isw2/bookkeeper/hedwig-protocol/src/main/java/org/apache/hedwig/protocol/PubSubProtocol.java/getConsumeRequestOrBuilder;4.2.0;5;2;1;0;0;1;1;0;1;4;21;0;21;2;Yes
Bookkeeper;/home/denni/isw2/bookkeeper/hedwig-protocol/src/main/java/org/apache/hedwig/protocol/PubSubProtocol.java/hasUnsubscribeRequest;4.2.0;2;1;0;0;0;0;1;0;1;3;6;0;6;2;Yes
Bookkeeper;/home/denni/isw2/bookkeeper/hedwig-protocol/src/main/java/org/apache/hedwig/protocol/PubSubProtocol.java/getUnsubscribeRequest;4.2.0;5;2;1;0;0;1;1;0;1;4;21;0;21;2;Yes
Bookkeeper;/home/denni/isw2/bookkeeper/hedwig-protocol/src/main/java/org/apache/hedwig/protocol/PubSubProtocol.java/setUnsubscribeRequest;4.2.0;10;3;3;0;1;2;3;0;1;4;38;0;38;2;Yes
Bookkeeper;/home/denni/isw2/bookkeeper/hedwig-protocol/src/main/java/org/apache/hedwig/protocol/PubSubProtocol.java/getUnsubscribeRequestOrBuilder;4.2.0;5;2;1;0;0;1;1;0;1;3;17;0;17;2;Yes
Bookkeeper;/home/denni/isw2/bookkeeper/hedwig-protocol/src/main/java/org/apache/hedwig/protocol/PubSubProtocol.java/hasStopDeliveryRequest;4.2.0;2;1;0;0;0;0;1;0;1;3;6;0;6;2;Yes
Bookkeeper;/home/denni/isw2/bookkeeper/hedwig-protocol/src/main/java/org/apache/hedwig/protocol/PubSubProtocol.java/getStopDeliveryRequest;4.2.0;5;2;1;0;0;1;1;0;1;3;18;0;18;2;Yes
Bookkeeper;/home/denni/isw2/bookkeeper/hedwig-protocol/src/main/java/org/apache/hedwig/protocol/PubSubProtocol.java/setStopDeliveryRequest;4.2.0;10;3;3;0;1;2;3;0;1;4;37;0;37;2;Yes
Bookkeeper;/home/denni/isw2/bookkeeper/hedwig-protocol/src/main/java/org/apache/hedwig/protocol/PubSubProtocol.java/getStopDeliveryRequestOrBuilder;4.2.0;5;2;1;0;0;1;1;0;1;4;20;0;20;2;Yes
Bookkeeper;/home/denni/isw2/bookkeeper/hedwig-protocol/src/main/java/org/apache/hedwig/protocol/PubSubProtocol.java/hasStartDeliveryRequest;4.2.0;2;1;0;0;0;0;1;0;1;3;6;0;6;2;Yes
Bookkeeper;/home/denni/isw2/bookkeeper/hedwig-protocol/src/main/java/org/apache/hedwig/protocol/PubSubProtocol.java/getStartDeliveryRequest;4.2.0;5;2;1;0;0;1;1;0;1;4;20;0;20;2;Yes
Bookkeeper;/home/denni/isw2/bookkeeper/hedwig-protocol/src/main/java/org/apache/hedwig/protocol/PubSubProtocol.java/setStartDeliveryRequest;4.2.0;10;3;3;0;1;2;3;0;1;4;44;0;44;2;Yes
Bookkeeper;/home/denni/isw2/bookkeeper/hedwig-protocol/src/main/java/org/apache/hedwig/protocol/PubSubProtocol.java/getStartDeliveryRequestOrBuilder;4.2.0;5;2;1;0;0;1;1;0;1;4;23;0;23;2;Yes
Bookkeeper;/home/denni/isw2/bookkeeper/hedwig-protocol/src/main/java/org/apache/hedwig/protocol/PubSubProtocol.java/hasCloseSubscriptionRequest;4.2.0;2;1;0;0;0;0;1;0;1;4;8;0;8;2;Yes
Bookkeeper;/home/denni/isw2/bookkeeper/hedwig-protocol/src/main/java/org/apache/hedwig/protocol/PubSubProtocol.java/getCloseSubscriptionRequest;4.2.0;5;2;1;0;0;1;1;0;1;5;26;0;26;2;Yes
Bookkeeper;/home/denni/isw2/bookkeeper/hedwig-protocol/src/main/java/org/apache/hedwig/protocol/PubSubProtocol.java/setCloseSubscriptionRequest;4.2.0;10;3;3;0;1;2;3;0;1;5;49;0;49;2;Yes
Bookkeeper;/home/denni/isw2/bookkeeper/hedwig-protocol/src/main/java/org/apache/hedwig/protocol/PubSubProtocol.java/getCloseSubscriptionRequestOrBuilder;4.2.0;5;2;1;0;0;1;1;0;1;5;28;0;28;2;Yes
Bookkeeper;/home/denni/isw2/bookkeeper/hedwig-protocol/src/main/java/org/apache/hedwig/protocol/PubSubProtocol.java/hasMsg;4.2.0;2;1;0;0;0;0;1;0;1;2;3;0;3;2;No
Bookkeeper;/home/denni/isw2/bookkeeper/hedwig-protocol/src/main/java/org/apache/hedwig/protocol/PubSubProtocol.java/getMsg;4.2.0;2;1;0;0;0;0;1;0;1;3;5;0;5;2;Yes
Bookkeeper;/home/denni/isw2/bookkeeper/hedwig-protocol/src/main/java/org/apache/hedwig/protocol/PubSubProtocol.java/getMsgOrBuilder;4.2.0;2;1;0;0;0;0;1;0;1;3;6;0;6;2;Yes
Bookkeeper;/home/denni/isw2/bookkeeper/hedwig-protocol/src/main/java/org/apache/hedwig/protocol/PubSubProtocol.java/maybeForceBuilderInitialization;4.2.0;3;2;1;0;0;1;1;0;1;3;9;0;9;2;Yes
Bookkeeper;/home/denni/isw2/bookkeeper/hedwig-protocol/src/main/java/org/apache/hedwig/protocol/PubSubProtocol.java/create;4.2.0;2;1;0;0;0;0;1;0;1;3;5;0;5;2;Yes
Bookkeeper;/home/denni/isw2/bookkeeper/hedwig-protocol/src/main/java/org/apache/hedwig/protocol/PubSubProtocol.java/clone;4.2.0;2;1;0;0;0;0;1;0;1;4;6;0;6;2;Yes
Bookkeeper;/home/denni/isw2/bookkeeper/hedwig-protocol/src/main/java/org/apache/hedwig/protocol/PubSubProtocol.java/buildParsed;4.2.0;5;2;1;0;0;1;3;1;1;3;24;0;24;2;Yes
Bookkeeper;/home/denni/isw2/bookkeeper/hedwig-protocol/src/main/java/org/apache/hedwig/protocol/PubSubProtocol.java/buildPartial;4.2.0;13;3;2;0;0;1;8;3;1;4;36;0;36;2;Yes
Bookkeeper;/home/denni/isw2/bookkeeper/hedwig-protocol/src/main/java/org/apache/hedwig/protocol/PubSubProtocol.java/isInitialized;4.2.0;6;3;2;0;0;1;3;0;1;6;43;3;46;3;Yes
Bookkeeper;/home/denni/isw2/bookkeeper/hedwig-protocol/src/main/java/org/apache/hedwig/protocol/PubSubProtocol.java/mergeFrom;4.2.0;22;7;6;0;2;3;2;3;1;4;90;0;90;2;Yes
Bookkeeper;/home/denni/isw2/bookkeeper/hedwig-protocol/src/main/java/org/apache/hedwig/protocol/PubSubProtocol.java/hasMsg;4.2.0;2;1;0;0;0;0;1;0;1;3;4;0;4;2;Yes
Bookkeeper;/home/denni/isw2/bookkeeper/hedwig-protocol/src/main/java/org/apache/hedwig/protocol/PubSubProtocol.java/getMsg;4.2.0;5;2;1;0;0;1;1;0;1;3;13;0;13;2;Yes
Bookkeeper;/home/denni/isw2/bookkeeper/hedwig-protocol/src/main/java/org/apache/hedwig/protocol/PubSubProtocol.java/setMsg;4.2.0;10;3;3;0;1;2;3;0;1;4;29;0;29;2;Yes
Bookkeeper;/home/denni/isw2/bookkeeper/hedwig-protocol/src/main/java/org/apache/hedwig/protocol/PubSubProtocol.java/getMsgOrBuilder;4.2.0;5;2;1;0;0;1;1;0;1;4;18;0;18;2;Yes
Bookkeeper;/home/denni/isw2/bookkeeper/hedwig-protocol/src/main/java/org/apache/hedwig/protocol/PubSubProtocol.java/hasOptions;4.2.0;2;1;0;0;0;0;1;0;1;3;5;0;5;2;Yes
Bookkeeper;/home/denni/isw2/bookkeeper/hedwig-protocol/src/main/java/org/apache/hedwig/protocol/PubSubProtocol.java/getOptions;4.2.0;2;1;0;0;0;0;1;0;1;2;4;0;4;2;No
Bookkeeper;/home/denni/isw2/bookkeeper/hedwig-protocol/src/main/java/org/apache/hedwig/protocol/PubSubProtocol.java/getOptionsOrBuilder;4.2.0;2;1;0;0;0;0;1;0;1;2;4;0;4;2;No
Bookkeeper;/home/denni/isw2/bookkeeper/hedwig-protocol/src/main/java/org/apache/hedwig/protocol/PubSubProtocol.java/hasMessageBound;4.2.0;2;1;0;0;0;0;1;0;1;2;4;0;4;2;No
Bookkeeper;/home/denni/isw2/bookkeeper/hedwig-protocol/src/main/java/org/apache/hedwig/protocol/PubSubProtocol.java/getMessageBound;4.2.0;2;1;0;0;0;0;1;0;1;2;4;0;4;2;No
Bookkeeper;/home/denni/isw2/bookkeeper/hedwig-protocol/src/main/java/org/apache/hedwig/protocol/PubSubProtocol.java/hasMessageFilter;4.2.0;2;1;0;0;0;0;1;0;1;2;4;0;4;2;No
Bookkeeper;/home/denni/isw2/bookkeeper/hedwig-protocol/src/main/java/org/apache/hedwig/protocol/PubSubProtocol.java/getMessageFilter;4.2.0;10;3;3;0;0;2;2;3;1;2;23;0;23;2;No
Bookkeeper;/home/denni/isw2/bookkeeper/hedwig-protocol/src/main/java/org/apache/hedwig/protocol/PubSubProtocol.java/hasMessageWindowSize;4.2.0;2;1;0;0;0;0;1;0;1;2;4;0;4;2;No
Bookkeeper;/home/denni/isw2/bookkeeper/hedwig-protocol/src/main/java/org/apache/hedwig/protocol/PubSubProtocol.java/getMessageWindowSize;4.2.0;2;1;0;0;0;0;1;0;1;2;4;0;4;2;No
Bookkeeper;/home/denni/isw2/bookkeeper/hedwig-protocol/src/main/java/org/apache/hedwig/protocol/PubSubProtocol.java/maybeForceBuilderInitialization;4.2.0;3;2;1;0;0;1;1;0;1;5;13;0;13;2;Yes
Bookkeeper;/home/denni/isw2/bookkeeper/hedwig-protocol/src/main/java/org/apache/hedwig/protocol/PubSubProtocol.java/create;4.2.0;2;1;0;0;0;0;1;0;1;4;6;0;6;2;Yes
Bookkeeper;/home/denni/isw2/bookkeeper/hedwig-protocol/src/main/java/org/apache/hedwig/protocol/PubSubProtocol.java/clone;4.2.0;2;1;0;0;0;0;1;0;1;5;10;0;10;2;Yes
Bookkeeper;/home/denni/isw2/bookkeeper/hedwig-protocol/src/main/java/org/apache/hedwig/protocol/PubSubProtocol.java/buildParsed;4.2.0;5;2;1;0;0;1;3;1;1;3;19;0;19;2;Yes
Bookkeeper;/home/denni/isw2/bookkeeper/hedwig-protocol/src/main/java/org/apache/hedwig/protocol/PubSubProtocol.java/buildPartial;4.2.0;22;6;5;0;0;1;14;3;1;4;76;0;76;2;Yes
Bookkeeper;/home/denni/isw2/bookkeeper/hedwig-protocol/src/main/java/org/apache/hedwig/protocol/PubSubProtocol.java/mergeFrom;4.2.0;34;10;6;0;2;3;2;3;1;7;134;7;141;3;Yes
Bookkeeper;/home/denni/isw2/bookkeeper/hedwig-protocol/src/main/java/org/apache/hedwig/protocol/PubSubProtocol.java/hasOptions;4.2.0;2;1;0;0;0;0;1;0;1;3;6;0;6;2;Yes
Bookkeeper;/home/denni/isw2/bookkeeper/hedwig-protocol/src/main/java/org/apache/hedwig/protocol/PubSubProtocol.java/getOptions;4.2.0;5;2;1;0;0;1;1;0;1;2;12;0;12;2;No
Bookkeeper;/home/denni/isw2/bookkeeper/hedwig-protocol/src/main/java/org/apache/hedwig/protocol/PubSubProtocol.java/setOptions;4.2.0;10;3;3;0;1;2;3;0;1;3;27;0;27;2;Yes
Bookkeeper;/home/denni/isw2/bookkeeper/hedwig-protocol/src/main/java/org/apache/hedwig/protocol/PubSubProtocol.java/getOptionsOrBuilder;4.2.0;5;2;1;0;0;1;1;0;1;1;6;0;6;1;No
Bookkeeper;/home/denni/isw2/bookkeeper/hedwig-protocol/src/main/java/org/apache/hedwig/protocol/PubSubProtocol.java/hasMessageBound;4.2.0;2;1;0;0;0;0;1;0;1;1;2;0;2;1;No
Bookkeeper;/home/denni/isw2/bookkeeper/hedwig-protocol/src/main/java/org/apache/hedwig/protocol/PubSubProtocol.java/getMessageBound;4.2.0;2;1;0;0;0;0;1;0;1;1;2;0;2;1;No
Bookkeeper;/home/denni/isw2/bookkeeper/hedwig-protocol/src/main/java/org/apache/hedwig/protocol/PubSubProtocol.java/hasMessageFilter;4.2.0;2;1;0;0;0;0;1;0;1;1;2;0;2;1;No
Bookkeeper;/home/denni/isw2/bookkeeper/hedwig-protocol/src/main/java/org/apache/hedwig/protocol/PubSubProtocol.java/getMessageFilter;4.2.0;8;2;1;0;0;1;2;2;1;2;10;0;10;1;Yes
Bookkeeper;/home/denni/isw2/bookkeeper/hedwig-protocol/src/main/java/org/apache/hedwig/protocol/PubSubProtocol.java/setMessageFilter;4.2.0;7;2;1;0;1;1;5;0;1;3;17;0;17;1;Yes
Bookkeeper;/home/denni/isw2/bookkeeper/hedwig-protocol/src/main/java/org/apache/hedwig/protocol/PubSubProtocol.java/hasMessageWindowSize;4.2.0;2;1;0;0;0;0;1;0;1;2;4;0;4;1;Yes
Bookkeeper;/home/denni/isw2/bookkeeper/hedwig-protocol/src/main/java/org/apache/hedwig/protocol/PubSubProtocol.java/getMessageWindowSize;4.2.0;2;1;0;0;0;0;1;0;1;1;2;0;2;1;No
Bookkeeper;/home/denni/isw2/bookkeeper/hedwig-protocol/src/main/java/org/apache/hedwig/protocol/PubSubProtocol.java/hasSubscriberId;4.2.0;2;1;0;0;0;0;1;0;1;1;2;0;2;1;Yes
Bookkeeper;/home/denni/isw2/bookkeeper/hedwig-protocol/src/main/java/org/apache/hedwig/protocol/PubSubProtocol.java/getSubscriberId;4.2.0;2;1;0;0;0;0;1;0;1;1;2;0;2;1;Yes
Bookkeeper;/home/denni/isw2/bookkeeper/hedwig-protocol/src/main/java/org/apache/hedwig/protocol/PubSubProtocol.java/hasCreateOrAttach;4.2.0;2;1;0;0;0;0;1;0;1;1;2;0;2;1;Yes
Bookkeeper;/home/denni/isw2/bookkeeper/hedwig-protocol/src/main/java/org/apache/hedwig/protocol/PubSubProtocol.java/getCreateOrAttach;4.2.0;2;1;0;0;0;0;1;0;1;2;4;0;4;1;Yes
Bookkeeper;/home/denni/isw2/bookkeeper/hedwig-protocol/src/main/java/org/apache/hedwig/protocol/PubSubProtocol.java/hasSynchronous;4.2.0;2;1;0;0;0;0;1;0;1;2;4;0;4;1;Yes
Bookkeeper;/home/denni/isw2/bookkeeper/hedwig-protocol/src/main/java/org/apache/hedwig/protocol/PubSubProtocol.java/getSynchronous;4.2.0;2;1;0;0;0;0;1;0;1;2;4;0;4;1;Yes
Bookkeeper;/home/denni/isw2/bookkeeper/hedwig-protocol/src/main/java/org/apache/hedwig/protocol/PubSubProtocol.java/hasMessageBound;4.2.0;2;1;0;0;0;0;1;0;1;1;2;0;2;1;Yes
Bookkeeper;/home/denni/isw2/bookkeeper/hedwig-protocol/src/main/java/org/apache/hedwig/protocol/PubSubProtocol.java/getMessageBound;4.2.0;2;1;0;0;0;0;1;0;1;2;4;0;4;1;Yes
Bookkeeper;/home/denni/isw2/bookkeeper/hedwig-protocol/src/main/java/org/apache/hedwig/protocol/PubSubProtocol.java/hasPreferences;4.2.0;2;1;0;0;0;0;1;0;1;1;2;0;2;1;Yes
Bookkeeper;/home/denni/isw2/bookkeeper/hedwig-protocol/src/main/java/org/apache/hedwig/protocol/PubSubProtocol.java/getPreferences;4.2.0;2;1;0;0;0;0;1;0;1;2;4;0;4;1;Yes
Bookkeeper;/home/denni/isw2/bookkeeper/hedwig-protocol/src/main/java/org/apache/hedwig/protocol/PubSubProtocol.java/getPreferencesOrBuilder;4.2.0;2;1;0;0;0;0;1;0;1;2;4;0;4;1;Yes
Bookkeeper;/home/denni/isw2/bookkeeper/hedwig-protocol/src/main/java/org/apache/hedwig/protocol/PubSubProtocol.java/hasForceAttach;4.2.0;2;1;0;0;0;0;1;0;1;2;4;0;4;1;Yes
Bookkeeper;/home/denni/isw2/bookkeeper/hedwig-protocol/src/main/java/org/apache/hedwig/protocol/PubSubProtocol.java/getForceAttach;4.2.0;2;1;0;0;0;0;1;0;1;3;5;0;5;1;Yes
Bookkeeper;/home/denni/isw2/bookkeeper/hedwig-protocol/src/main/java/org/apache/hedwig/protocol/PubSubProtocol.java/initFields;4.2.0;7;1;0;0;0;0;6;0;1;2;13;0;13;1;Yes
Bookkeeper;/home/denni/isw2/bookkeeper/hedwig-protocol/src/main/java/org/apache/hedwig/protocol/PubSubProtocol.java/maybeForceBuilderInitialization;4.2.0;3;2;1;0;0;1;1;0;1;1;4;0;4;1;Yes
Bookkeeper;/home/denni/isw2/bookkeeper/hedwig-protocol/src/main/java/org/apache/hedwig/protocol/PubSubProtocol.java/create;4.2.0;2;1;0;0;0;0;1;0;1;1;2;0;2;1;Yes
Bookkeeper;/home/denni/isw2/bookkeeper/hedwig-protocol/src/main/java/org/apache/hedwig/protocol/PubSubProtocol.java/clear;4.2.0;18;2;1;0;0;1;14;0;1;1;16;0;16;1;Yes
Bookkeeper;/home/denni/isw2/bookkeeper/hedwig-protocol/src/main/java/org/apache/hedwig/protocol/PubSubProtocol.java/clone;4.2.0;2;1;0;0;0;0;1;0;1;1;2;0;2;1;Yes
Bookkeeper;/home/denni/isw2/bookkeeper/hedwig-protocol/src/main/java/org/apache/hedwig/protocol/PubSubProtocol.java/buildParsed;4.2.0;5;2;1;0;0;1;3;1;1;1;1;0;1;1;Yes
Bookkeeper;/home/denni/isw2/bookkeeper/hedwig-protocol/src/main/java/org/apache/hedwig/protocol/PubSubProtocol.java/buildPartial;4.2.0;28;8;7;0;0;1;18;3;1;3;34;0;34;2;Yes
Bookkeeper;/home/denni/isw2/bookkeeper/hedwig-protocol/src/main/java/org/apache/hedwig/protocol/PubSubProtocol.java/isInitialized;4.2.0;4;2;1;0;0;1;2;0;1;0;0;0;0;0;No
Bookkeeper;/home/denni/isw2/bookkeeper/hedwig-protocol/src/main/java/org/apache/hedwig/protocol/PubSubProtocol.java/mergeFrom;4.2.0;47;13;7;0;2;3;2;5;1;4;87;0;87;2;Yes
Bookkeeper;/home/denni/isw2/bookkeeper/hedwig-protocol/src/main/java/org/apache/hedwig/protocol/PubSubProtocol.java/hasSubscriberId;4.2.0;2;1;0;0;0;0;1;0;1;1;2;0;2;1;Yes
Bookkeeper;/home/denni/isw2/bookkeeper/hedwig-protocol/src/main/java/org/apache/hedwig/protocol/PubSubProtocol.java/getSubscriberId;4.2.0;2;1;0;0;0;0;1;0;1;1;1;0;1;1;Yes
Bookkeeper;/home/denni/isw2/bookkeeper/hedwig-protocol/src/main/java/org/apache/hedwig/protocol/PubSubProtocol.java/setSubscriberId;4.2.0;7;2;1;0;1;1;5;0;1;2;5;0;5;1;Yes
Bookkeeper;/home/denni/isw2/bookkeeper/hedwig-protocol/src/main/java/org/apache/hedwig/protocol/PubSubProtocol.java/clearSubscriberId;4.2.0;5;1;0;0;0;0;4;0;1;2;5;0;5;1;Yes
Bookkeeper;/home/denni/isw2/bookkeeper/hedwig-protocol/src/main/java/org/apache/hedwig/protocol/PubSubProtocol.java/hasCreateOrAttach;4.2.0;2;1;0;0;0;0;1;0;1;0;0;0;0;0;No
Bookkeeper;/home/denni/isw2/bookkeeper/hedwig-protocol/src/main/java/org/apache/hedwig/protocol/PubSubProtocol.java/getCreateOrAttach;4.2.0;2;1;0;0;0;0;1;0;1;1;2;0;2;1;Yes
Bookkeeper;/home/denni/isw2/bookkeeper/hedwig-protocol/src/main/java/org/apache/hedwig/protocol/PubSubProtocol.java/setCreateOrAttach;4.2.0;7;2;1;0;1;1;5;0;1;3;9;0;9;2;Yes
Bookkeeper;/home/denni/isw2/bookkeeper/hedwig-protocol/src/main/java/org/apache/hedwig/protocol/PubSubProtocol.java/hasSynchronous;4.2.0;2;1;0;0;0;0;1;0;1;1;2;0;2;1;Yes
Bookkeeper;/home/denni/isw2/bookkeeper/hedwig-protocol/src/main/java/org/apache/hedwig/protocol/PubSubProtocol.java/getSynchronous;4.2.0;2;1;0;0;0;0;1;0;1;1;2;0;2;1;Yes
Bookkeeper;/home/denni/isw2/bookkeeper/hedwig-protocol/src/main/java/org/apache/hedwig/protocol/PubSubProtocol.java/hasMessageBound;4.2.0;2;1;0;0;0;0;1;0;1;1;1;0;1;1;Yes
Bookkeeper;/home/denni/isw2/bookkeeper/hedwig-protocol/src/main/java/org/apache/hedwig/protocol/PubSubProtocol.java/getMessageBound;4.2.0;2;1;0;0;0;0;1;0;1;3;5;2;7;2;Yes
Bookkeeper;/home/denni/isw2/bookkeeper/hedwig-protocol/src/main/java/org/apache/hedwig/protocol/PubSubProtocol.java/hasPreferences;4.2.0;2;1;0;0;0;0;1;0;1;1;1;0;1;1;Yes
Bookkeeper;/home/denni/isw2/bookkeeper/hedwig-protocol/src/main/java/org/apache/hedwig/protocol/PubSubProtocol.java/getPreferences;4.2.0;5;2;1;0;0;1;1;0;1;2;3;0;3;1;Yes
Bookkeeper;/home/denni/isw2/bookkeeper/hedwig-protocol/src/main/java/org/apache/hedwig/protocol/PubSubProtocol.java/setPreferences;4.2.0;10;3;3;0;1;2;3;0;1;2;10;0;10;2;Yes
Bookkeeper;/home/denni/isw2/bookkeeper/hedwig-protocol/src/main/java/org/apache/hedwig/protocol/PubSubProtocol.java/getPreferencesOrBuilder;4.2.0;5;2;1;0;0;1;1;0;1;2;7;0;7;1;Yes
Bookkeeper;/home/denni/isw2/bookkeeper/hedwig-protocol/src/main/java/org/apache/hedwig/protocol/PubSubProtocol.java/hasForceAttach;4.2.0;2;1;0;0;0;0;1;0;1;1;2;0;2;1;Yes
Bookkeeper;/home/denni/isw2/bookkeeper/hedwig-protocol/src/main/java/org/apache/hedwig/protocol/PubSubProtocol.java/getForceAttach;4.2.0;2;1;0;0;0;0;1;0;1;3;4;1;5;2;Yes
Bookkeeper;/home/denni/isw2/bookkeeper/hedwig-protocol/src/main/java/org/apache/hedwig/protocol/PubSubProtocol.java/hasForceAttach;4.2.0;2;1;0;0;0;0;1;0;1;1;1;0;1;1;Yes
Bookkeeper;/home/denni/isw2/bookkeeper/hedwig-protocol/src/main/java/org/apache/hedwig/protocol/PubSubProtocol.java/getForceAttach;4.2.0;2;1;0;0;0;0;1;0;1;3;4;1;5;2;Yes
Bookkeeper;/home/denni/isw2/bookkeeper/hedwig-protocol/src/main/java/org/apache/hedwig/protocol/PubSubProtocol.java/hasCreateOrAttach;4.2.0;2;1;0;0;0;0;1;0;1;0;0;0;0;0;No
Bookkeeper;/home/denni/isw2/bookkeeper/hedwig-protocol/src/main/java/org/apache/hedwig/protocol/PubSubProtocol.java/getCreateOrAttach;4.2.0;2;1;0;0;0;0;1;0;1;0;0;0;0;0;No
Bookkeeper;/home/denni/isw2/bookkeeper/hedwig-protocol/src/main/java/org/apache/hedwig/protocol/PubSubProtocol.java/hasMessageBound;4.2.0;2;1;0;0;0;0;1;0;1;0;0;0;0;0;No
Bookkeeper;/home/denni/isw2/bookkeeper/hedwig-protocol/src/main/java/org/apache/hedwig/protocol/PubSubProtocol.java/getMessageBound;4.2.0;2;1;0;0;0;0;1;0;1;1;1;0;1;1;Yes
Bookkeeper;/home/denni/isw2/bookkeeper/hedwig-protocol/src/main/java/org/apache/hedwig/protocol/PubSubProtocol.java/hasOptions;4.2.0;2;1;0;0;0;0;1;0;1;1;2;0;2;1;Yes
Bookkeeper;/home/denni/isw2/bookkeeper/hedwig-protocol/src/main/java/org/apache/hedwig/protocol/PubSubProtocol.java/getOptions;4.2.0;2;1;0;0;0;0;1;0;1;1;2;0;2;1;Yes
Bookkeeper;/home/denni/isw2/bookkeeper/hedwig-protocol/src/main/java/org/apache/hedwig/protocol/PubSubProtocol.java/getOptionsOrBuilder;4.2.0;2;1;0;0;0;0;1;0;1;1;1;0;1;1;Yes
Bookkeeper;/home/denni/isw2/bookkeeper/hedwig-protocol/src/main/java/org/apache/hedwig/protocol/PubSubProtocol.java/hasMessageFilter;4.2.0;2;1;0;0;0;0;1;0;1;1;1;0;1;1;Yes
Bookkeeper;/home/denni/isw2/bookkeeper/hedwig-protocol/src/main/java/org/apache/hedwig/protocol/PubSubProtocol.java/getMessageFilter;4.2.0;10;3;3;0;0;2;2;3;1;1;2;0;2;1;Yes
Bookkeeper;/home/denni/isw2/bookkeeper/hedwig-protocol/src/main/java/org/apache/hedwig/protocol/PubSubProtocol.java/hasMessageWindowSize;4.2.0;2;1;0;0;0;0;1;0;1;1;2;0;2;1;Yes
Bookkeeper;/home/denni/isw2/bookkeeper/hedwig-protocol/src/main/java/org/apache/hedwig/protocol/PubSubProtocol.java/getMessageWindowSize;4.2.0;2;1;0;0;0;0;1;0;1;0;0;0;0;0;No
Bookkeeper;/home/denni/isw2/bookkeeper/hedwig-protocol/src/main/java/org/apache/hedwig/protocol/PubSubProtocol.java/hasEnableResubscribe;4.2.0;2;1;0;0;0;0;1;0;1;1;2;0;2;1;Yes
Bookkeeper;/home/denni/isw2/bookkeeper/hedwig-protocol/src/main/java/org/apache/hedwig/protocol/PubSubProtocol.java/getEnableResubscribe;4.2.0;2;1;0;0;0;0;1;0;1;0;0;0;0;0;No
Bookkeeper;/home/denni/isw2/bookkeeper/hedwig-protocol/src/main/java/org/apache/hedwig/protocol/PubSubProtocol.java/getSerializedSize;4.2.0;22;9;8;0;0;1;13;1;1;5;53;1;54;2;Yes
Bookkeeper;/home/denni/isw2/bookkeeper/hedwig-protocol/src/main/java/org/apache/hedwig/protocol/PubSubProtocol.java/maybeForceBuilderInitialization;4.2.0;3;2;1;0;0;1;1;0;1;3;7;0;7;2;Yes
Bookkeeper;/home/denni/isw2/bookkeeper/hedwig-protocol/src/main/java/org/apache/hedwig/protocol/PubSubProtocol.java/create;4.2.0;2;1;0;0;0;0;1;0;1;1;2;0;2;1;Yes
Bookkeeper;/home/denni/isw2/bookkeeper/hedwig-protocol/src/main/java/org/apache/hedwig/protocol/PubSubProtocol.java/clone;4.2.0;2;1;0;0;0;0;1;0;1;2;4;0;4;2;Yes
Bookkeeper;/home/denni/isw2/bookkeeper/hedwig-protocol/src/main/java/org/apache/hedwig/protocol/PubSubProtocol.java/buildParsed;4.2.0;5;2;1;0;0;1;3;1;1;3;11;0;11;2;Yes
Bookkeeper;/home/denni/isw2/bookkeeper/hedwig-protocol/src/main/java/org/apache/hedwig/protocol/PubSubProtocol.java/buildPartial;4.2.0;31;9;8;0;0;1;20;3;1;3;54;0;54;2;Yes
Bookkeeper;/home/denni/isw2/bookkeeper/hedwig-protocol/src/main/java/org/apache/hedwig/protocol/PubSubProtocol.java/mergeFrom;4.2.0;19;9;8;0;1;1;10;0;1;3;43;0;43;2;Yes
Bookkeeper;/home/denni/isw2/bookkeeper/hedwig-protocol/src/main/java/org/apache/hedwig/protocol/PubSubProtocol.java/mergeFrom;4.2.0;51;14;7;0;2;3;2;5;1;3;146;0;146;2;Yes
Bookkeeper;/home/denni/isw2/bookkeeper/hedwig-protocol/src/main/java/org/apache/hedwig/protocol/PubSubProtocol.java/hasForceAttach;4.2.0;2;1;0;0;0;0;1;0;1;2;4;0;4;2;Yes
Bookkeeper;/home/denni/isw2/bookkeeper/hedwig-protocol/src/main/java/org/apache/hedwig/protocol/PubSubProtocol.java/getForceAttach;4.2.0;2;1;0;0;0;0;1;0;1;1;2;0;2;1;Yes
Bookkeeper;/home/denni/isw2/bookkeeper/hedwig-protocol/src/main/java/org/apache/hedwig/protocol/PubSubProtocol.java/hasCreateOrAttach;4.2.0;2;1;0;0;0;0;1;0;1;2;4;0;4;2;Yes
Bookkeeper;/home/denni/isw2/bookkeeper/hedwig-protocol/src/main/java/org/apache/hedwig/protocol/PubSubProtocol.java/getCreateOrAttach;4.2.0;2;1;0;0;0;0;1;0;1;2;4;0;4;2;Yes
Bookkeeper;/home/denni/isw2/bookkeeper/hedwig-protocol/src/main/java/org/apache/hedwig/protocol/PubSubProtocol.java/setCreateOrAttach;4.2.0;7;2;1;0;1;1;5;0;1;4;25;5;30;2;Yes
Bookkeeper;/home/denni/isw2/bookkeeper/hedwig-protocol/src/main/java/org/apache/hedwig/protocol/PubSubProtocol.java/hasMessageBound;4.2.0;2;1;0;0;0;0;1;0;1;2;4;0;4;2;Yes
Bookkeeper;/home/denni/isw2/bookkeeper/hedwig-protocol/src/main/java/org/apache/hedwig/protocol/PubSubProtocol.java/getMessageBound;4.2.0;2;1;0;0;0;0;1;0;1;2;3;0;3;2;Yes
Bookkeeper;/home/denni/isw2/bookkeeper/hedwig-protocol/src/main/java/org/apache/hedwig/protocol/PubSubProtocol.java/hasOptions;4.2.0;2;1;0;0;0;0;1;0;1;2;2;0;2;2;Yes
Bookkeeper;/home/denni/isw2/bookkeeper/hedwig-protocol/src/main/java/org/apache/hedwig/protocol/PubSubProtocol.java/getOptions;4.2.0;5;2;1;0;0;1;1;0;1;2;12;0;12;2;Yes
Bookkeeper;/home/denni/isw2/bookkeeper/hedwig-protocol/src/main/java/org/apache/hedwig/protocol/PubSubProtocol.java/setOptions;4.2.0;10;3;3;0;1;2;3;0;1;2;19;0;19;2;Yes
Bookkeeper;/home/denni/isw2/bookkeeper/hedwig-protocol/src/main/java/org/apache/hedwig/protocol/PubSubProtocol.java/getOptionsOrBuilder;4.2.0;5;2;1;0;0;1;1;0;1;2;11;0;11;2;Yes
Bookkeeper;/home/denni/isw2/bookkeeper/hedwig-protocol/src/main/java/org/apache/hedwig/protocol/PubSubProtocol.java/hasMessageFilter;4.2.0;2;1;0;0;0;0;1;0;1;1;2;0;2;1;Yes
Bookkeeper;/home/denni/isw2/bookkeeper/hedwig-protocol/src/main/java/org/apache/hedwig/protocol/PubSubProtocol.java/getMessageFilter;4.2.0;8;2;1;0;0;1;2;2;1;1;9;0;9;1;Yes
Bookkeeper;/home/denni/isw2/bookkeeper/hedwig-protocol/src/main/java/org/apache/hedwig/protocol/PubSubProtocol.java/setMessageFilter;4.2.0;7;2;1;0;1;1;5;0;1;1;8;0;8;1;Yes
Bookkeeper;/home/denni/isw2/bookkeeper/hedwig-protocol/src/main/java/org/apache/hedwig/protocol/PubSubProtocol.java/hasMessageWindowSize;4.2.0;2;1;0;0;0;0;1;0;1;1;2;0;2;1;Yes
Bookkeeper;/home/denni/isw2/bookkeeper/hedwig-protocol/src/main/java/org/apache/hedwig/protocol/PubSubProtocol.java/getMessageWindowSize;4.2.0;2;1;0;0;0;0;1;0;1;1;2;0;2;1;Yes
Bookkeeper;/home/denni/isw2/bookkeeper/hedwig-protocol/src/main/java/org/apache/hedwig/protocol/PubSubProtocol.java/hasEnableResubscribe;4.2.0;2;1;0;0;0;0;1;0;1;1;2;0;2;1;Yes
Bookkeeper;/home/denni/isw2/bookkeeper/hedwig-protocol/src/main/java/org/apache/hedwig/protocol/PubSubProtocol.java/getEnableResubscribe;4.2.0;2;1;0;0;0;0;1;0;1;2;4;0;4;2;Yes
Bookkeeper;/home/denni/isw2/bookkeeper/hedwig-protocol/src/main/java/org/apache/hedwig/protocol/PubSubProtocol.java/hasSubscriberId;4.2.0;2;1;0;0;0;0;1;0;1;2;3;0;3;2;Yes
Bookkeeper;/home/denni/isw2/bookkeeper/hedwig-protocol/src/main/java/org/apache/hedwig/protocol/PubSubProtocol.java/getSubscriberId;4.2.0;2;1;0;0;0;0;1;0;1;1;2;0;2;1;Yes
Bookkeeper;/home/denni/isw2/bookkeeper/hedwig-protocol/src/main/java/org/apache/hedwig/protocol/PubSubProtocol.java/hasMsgId;4.2.0;2;1;0;0;0;0;1;0;1;2;4;0;4;2;Yes
Bookkeeper;/home/denni/isw2/bookkeeper/hedwig-protocol/src/main/java/org/apache/hedwig/protocol/PubSubProtocol.java/getMsgId;4.2.0;2;1;0;0;0;0;1;0;1;2;4;0;4;2;Yes
Bookkeeper;/home/denni/isw2/bookkeeper/hedwig-protocol/src/main/java/org/apache/hedwig/protocol/PubSubProtocol.java/getMsgIdOrBuilder;4.2.0;2;1;0;0;0;0;1;0;1;2;4;0;4;2;Yes
Bookkeeper;/home/denni/isw2/bookkeeper/hedwig-protocol/src/main/java/org/apache/hedwig/protocol/PubSubProtocol.java/initFields;4.2.0;3;1;0;0;0;0;2;0;1;2;6;0;6;2;Yes
Bookkeeper;/home/denni/isw2/bookkeeper/hedwig-protocol/src/main/java/org/apache/hedwig/protocol/PubSubProtocol.java/maybeForceBuilderInitialization;4.2.0;3;2;1;0;0;1;1;0;1;2;8;0;8;2;Yes
Bookkeeper;/home/denni/isw2/bookkeeper/hedwig-protocol/src/main/java/org/apache/hedwig/protocol/PubSubProtocol.java/create;4.2.0;2;1;0;0;0;0;1;0;1;2;3;0;3;2;Yes
Bookkeeper;/home/denni/isw2/bookkeeper/hedwig-protocol/src/main/java/org/apache/hedwig/protocol/PubSubProtocol.java/clear;4.2.0;10;2;1;0;0;1;6;0;1;2;22;0;22;2;Yes
Bookkeeper;/home/denni/isw2/bookkeeper/hedwig-protocol/src/main/java/org/apache/hedwig/protocol/PubSubProtocol.java/clone;4.2.0;2;1;0;0;0;0;1;0;1;2;4;0;4;2;Yes
Bookkeeper;/home/denni/isw2/bookkeeper/hedwig-protocol/src/main/java/org/apache/hedwig/protocol/PubSubProtocol.java/buildParsed;4.2.0;5;2;1;0;0;1;3;1;1;2;14;0;14;2;Yes
Bookkeeper;/home/denni/isw2/bookkeeper/hedwig-protocol/src/main/java/org/apache/hedwig/protocol/PubSubProtocol.java/buildPartial;4.2.0;16;4;3;0;0;1;10;3;1;2;28;0;28;2;Yes
Bookkeeper;/home/denni/isw2/bookkeeper/hedwig-protocol/src/main/java/org/apache/hedwig/protocol/PubSubProtocol.java/isInitialized;4.2.0;8;4;3;0;0;1;4;0;1;1;9;0;9;1;Yes
Bookkeeper;/home/denni/isw2/bookkeeper/hedwig-protocol/src/main/java/org/apache/hedwig/protocol/PubSubProtocol.java/mergeFrom;4.2.0;26;8;6;0;2;3;2;3;1;1;14;0;14;1;Yes
Bookkeeper;/home/denni/isw2/bookkeeper/hedwig-protocol/src/main/java/org/apache/hedwig/protocol/PubSubProtocol.java/hasSubscriberId;4.2.0;2;1;0;0;0;0;1;0;1;0;0;0;0;0;No
Bookkeeper;/home/denni/isw2/bookkeeper/hedwig-protocol/src/main/java/org/apache/hedwig/protocol/PubSubProtocol.java/getSubscriberId;4.2.0;2;1;0;0;0;0;1;0;1;0;0;0;0;0;No
Bookkeeper;/home/denni/isw2/bookkeeper/hedwig-protocol/src/main/java/org/apache/hedwig/protocol/PubSubProtocol.java/setSubscriberId;4.2.0;7;2;1;0;1;1;5;0;1;0;0;0;0;0;No
Bookkeeper;/home/denni/isw2/bookkeeper/hedwig-protocol/src/main/java/org/apache/hedwig/protocol/PubSubProtocol.java/clearSubscriberId;4.2.0;5;1;0;0;0;0;4;0;1;0;0;0;0;0;No
Bookkeeper;/home/denni/isw2/bookkeeper/hedwig-protocol/src/main/java/org/apache/hedwig/protocol/PubSubProtocol.java/hasMsgId;4.2.0;2;1;0;0;0;0;1;0;1;0;0;0;0;0;No
Bookkeeper;/home/denni/isw2/bookkeeper/hedwig-protocol/src/main/java/org/apache/hedwig/protocol/PubSubProtocol.java/getMsgId;4.2.0;5;2;1;0;0;1;1;0;1;0;0;0;0;0;No
Bookkeeper;/home/denni/isw2/bookkeeper/hedwig-protocol/src/main/java/org/apache/hedwig/protocol/PubSubProtocol.java/setMsgId;4.2.0;10;3;3;0;1;2;3;0;1;0;0;0;0;0;No
Bookkeeper;/home/denni/isw2/bookkeeper/hedwig-protocol/src/main/java/org/apache/hedwig/protocol/PubSubProtocol.java/getMsgIdOrBuilder;4.2.0;5;2;1;0;0;1;1;0;1;1;6;0;6;1;Yes
Bookkeeper;/home/denni/isw2/bookkeeper/hedwig-protocol/src/main/java/org/apache/hedwig/protocol/PubSubProtocol.java/hasSubscriberId;4.2.0;2;1;0;0;0;0;1;0;1;1;2;0;2;1;Yes
Bookkeeper;/home/denni/isw2/bookkeeper/hedwig-protocol/src/main/java/org/apache/hedwig/protocol/PubSubProtocol.java/getSubscriberId;4.2.0;2;1;0;0;0;0;1;0;1;1;2;0;2;1;Yes
Bookkeeper;/home/denni/isw2/bookkeeper/hedwig-protocol/src/main/java/org/apache/hedwig/protocol/PubSubProtocol.java/initFields;4.2.0;2;1;0;0;0;0;1;0;1;0;0;0;0;0;No
Bookkeeper;/home/denni/isw2/bookkeeper/hedwig-protocol/src/main/java/org/apache/hedwig/protocol/PubSubProtocol.java/maybeForceBuilderInitialization;4.2.0;2;2;1;0;0;1;1;0;1;1;3;0;3;1;Yes
Bookkeeper;/home/denni/isw2/bookkeeper/hedwig-protocol/src/main/java/org/apache/hedwig/protocol/PubSubProtocol.java/create;4.2.0;2;1;0;0;0;0;1;0;1;1;2;0;2;1;Yes
Bookkeeper;/home/denni/isw2/bookkeeper/hedwig-protocol/src/main/java/org/apache/hedwig/protocol/PubSubProtocol.java/clear;4.2.0;5;1;0;0;0;0;4;0;1;1;4;0;4;1;Yes
Bookkeeper;/home/denni/isw2/bookkeeper/hedwig-protocol/src/main/java/org/apache/hedwig/protocol/PubSubProtocol.java/clone;4.2.0;2;1;0;0;0;0;1;0;1;1;2;0;2;1;Yes
Bookkeeper;/home/denni/isw2/bookkeeper/hedwig-protocol/src/main/java/org/apache/hedwig/protocol/PubSubProtocol.java/buildParsed;4.2.0;5;2;1;0;0;1;3;1;1;1;7;0;7;1;Yes
Bookkeeper;/home/denni/isw2/bookkeeper/hedwig-protocol/src/main/java/org/apache/hedwig/protocol/PubSubProtocol.java/buildPartial;4.2.0;10;2;1;0;0;1;8;3;1;1;6;0;6;1;Yes
Bookkeeper;/home/denni/isw2/bookkeeper/hedwig-protocol/src/main/java/org/apache/hedwig/protocol/PubSubProtocol.java/isInitialized;4.2.0;4;2;1;0;0;1;2;0;1;1;6;0;6;1;Yes
Bookkeeper;/home/denni/isw2/bookkeeper/hedwig-protocol/src/main/java/org/apache/hedwig/protocol/PubSubProtocol.java/mergeFrom;4.2.0;19;6;5;0;2;3;2;2;1;1;30;0;30;1;Yes
Bookkeeper;/home/denni/isw2/bookkeeper/hedwig-protocol/src/main/java/org/apache/hedwig/protocol/PubSubProtocol.java/hasSubscriberId;4.2.0;2;1;0;0;0;0;1;0;1;1;1;0;1;1;Yes
Bookkeeper;/home/denni/isw2/bookkeeper/hedwig-protocol/src/main/java/org/apache/hedwig/protocol/PubSubProtocol.java/getSubscriberId;4.2.0;2;1;0;0;0;0;1;0;1;0;0;0;0;0;No
Bookkeeper;/home/denni/isw2/bookkeeper/hedwig-protocol/src/main/java/org/apache/hedwig/protocol/PubSubProtocol.java/setSubscriberId;4.2.0;7;2;1;0;1;1;5;0;1;1;0;0;0;1;Yes
Bookkeeper;/home/denni/isw2/bookkeeper/hedwig-protocol/src/main/java/org/apache/hedwig/protocol/PubSubProtocol.java/clearSubscriberId;4.2.0;5;1;0;0;0;0;4;0;1;0;0;0;0;0;No
Bookkeeper;/home/denni/isw2/bookkeeper/hedwig-protocol/src/main/java/org/apache/hedwig/protocol/PubSubProtocol.java/hasSubscriberId;4.2.0;2;1;0;0;0;0;1;0;1;2;4;0;4;1;Yes
Bookkeeper;/home/denni/isw2/bookkeeper/hedwig-protocol/src/main/java/org/apache/hedwig/protocol/PubSubProtocol.java/getSubscriberId;4.2.0;2;1;0;0;0;0;1;0;1;2;4;0;4;1;Yes
Bookkeeper;/home/denni/isw2/bookkeeper/hedwig-protocol/src/main/java/org/apache/hedwig/protocol/PubSubProtocol.java/initFields;4.2.0;2;1;0;0;0;0;1;0;1;2;4;0;4;1;Yes
Bookkeeper;/home/denni/isw2/bookkeeper/hedwig-protocol/src/main/java/org/apache/hedwig/protocol/PubSubProtocol.java/maybeForceBuilderInitialization;4.2.0;2;2;1;0;0;1;1;0;1;2;6;0;6;1;Yes
Bookkeeper;/home/denni/isw2/bookkeeper/hedwig-protocol/src/main/java/org/apache/hedwig/protocol/PubSubProtocol.java/create;4.2.0;2;1;0;0;0;0;1;0;1;2;4;0;4;1;Yes
Bookkeeper;/home/denni/isw2/bookkeeper/hedwig-protocol/src/main/java/org/apache/hedwig/protocol/PubSubProtocol.java/clear;4.2.0;5;1;0;0;0;0;4;0;1;2;10;0;10;1;Yes
Bookkeeper;/home/denni/isw2/bookkeeper/hedwig-protocol/src/main/java/org/apache/hedwig/protocol/PubSubProtocol.java/clone;4.2.0;2;1;0;0;0;0;1;0;1;2;4;0;4;1;Yes
Bookkeeper;/home/denni/isw2/bookkeeper/hedwig-protocol/src/main/java/org/apache/hedwig/protocol/PubSubProtocol.java/buildParsed;4.2.0;5;2;1;0;0;1;3;1;1;2;16;0;16;1;Yes
Bookkeeper;/home/denni/isw2/bookkeeper/hedwig-protocol/src/main/java/org/apache/hedwig/protocol/PubSubProtocol.java/buildPartial;4.2.0;10;2;1;0;0;1;8;3;1;2;22;0;22;1;Yes
Bookkeeper;/home/denni/isw2/bookkeeper/hedwig-protocol/src/main/java/org/apache/hedwig/protocol/PubSubProtocol.java/isInitialized;4.2.0;4;2;1;0;0;1;2;0;1;2;12;0;12;1;Yes
Bookkeeper;/home/denni/isw2/bookkeeper/hedwig-protocol/src/main/java/org/apache/hedwig/protocol/PubSubProtocol.java/mergeFrom;4.2.0;19;6;5;0;2;3;2;2;1;2;60;0;60;1;Yes
Bookkeeper;/home/denni/isw2/bookkeeper/hedwig-protocol/src/main/java/org/apache/hedwig/protocol/PubSubProtocol.java/hasSubscriberId;4.2.0;2;1;0;0;0;0;1;0;1;2;4;0;4;1;Yes
Bookkeeper;/home/denni/isw2/bookkeeper/hedwig-protocol/src/main/java/org/apache/hedwig/protocol/PubSubProtocol.java/getSubscriberId;4.2.0;2;1;0;0;0;0;1;0;1;2;4;0;4;1;Yes
Bookkeeper;/home/denni/isw2/bookkeeper/hedwig-protocol/src/main/java/org/apache/hedwig/protocol/PubSubProtocol.java/setSubscriberId;4.2.0;7;2;1;0;1;1;5;0;1;2;16;0;16;1;Yes
Bookkeeper;/home/denni/isw2/bookkeeper/hedwig-protocol/src/main/java/org/apache/hedwig/protocol/PubSubProtocol.java/clearSubscriberId;4.2.0;5;1;0;0;0;0;4;0;1;2;10;0;10;1;Yes
Bookkeeper;/home/denni/isw2/bookkeeper/hedwig-protocol/src/main/java/org/apache/hedwig/protocol/PubSubProtocol.java/hasSubscriberId;4.2.0;2;1;0;0;0;0;1;0;1;1;2;0;2;1;Yes
Bookkeeper;/home/denni/isw2/bookkeeper/hedwig-protocol/src/main/java/org/apache/hedwig/protocol/PubSubProtocol.java/getSubscriberId;4.2.0;2;1;0;0;0;0;1;0;1;1;2;0;2;1;Yes
Bookkeeper;/home/denni/isw2/bookkeeper/hedwig-protocol/src/main/java/org/apache/hedwig/protocol/PubSubProtocol.java/initFields;4.2.0;2;1;0;0;0;0;1;0;1;1;2;0;2;1;Yes
Bookkeeper;/home/denni/isw2/bookkeeper/hedwig-protocol/src/main/java/org/apache/hedwig/protocol/PubSubProtocol.java/maybeForceBuilderInitialization;4.2.0;2;2;1;0;0;1;1;0;1;0;0;0;0;0;No
Bookkeeper;/home/denni/isw2/bookkeeper/hedwig-protocol/src/main/java/org/apache/hedwig/protocol/PubSubProtocol.java/create;4.2.0;2;1;0;0;0;0;1;0;1;0;0;0;0;0;No
Bookkeeper;/home/denni/isw2/bookkeeper/hedwig-protocol/src/main/java/org/apache/hedwig/protocol/PubSubProtocol.java/clear;4.2.0;5;1;0;0;0;0;4;0;1;0;0;0;0;0;No
Bookkeeper;/home/denni/isw2/bookkeeper/hedwig-protocol/src/main/java/org/apache/hedwig/protocol/PubSubProtocol.java/clone;4.2.0;2;1;0;0;0;0;1;0;1;0;0;0;0;0;No
Bookkeeper;/home/denni/isw2/bookkeeper/hedwig-protocol/src/main/java/org/apache/hedwig/protocol/PubSubProtocol.java/buildParsed;4.2.0;5;2;1;0;0;1;3;1;1;1;8;0;8;1;Yes
Bookkeeper;/home/denni/isw2/bookkeeper/hedwig-protocol/src/main/java/org/apache/hedwig/protocol/PubSubProtocol.java/buildPartial;4.2.0;10;2;1;0;0;1;8;3;1;1;5;0;5;1;Yes
Bookkeeper;/home/denni/isw2/bookkeeper/hedwig-protocol/src/main/java/org/apache/hedwig/protocol/PubSubProtocol.java/isInitialized;4.2.0;4;2;1;0;0;1;2;0;1;0;0;0;0;0;No
Bookkeeper;/home/denni/isw2/bookkeeper/hedwig-protocol/src/main/java/org/apache/hedwig/protocol/PubSubProtocol.java/mergeFrom;4.2.0;19;6;5;0;2;3;2;2;1;0;0;0;0;0;No
Bookkeeper;/home/denni/isw2/bookkeeper/hedwig-protocol/src/main/java/org/apache/hedwig/protocol/PubSubProtocol.java/hasSubscriberId;4.2.0;2;1;0;0;0;0;1;0;1;0;0;0;0;0;No
Bookkeeper;/home/denni/isw2/bookkeeper/hedwig-protocol/src/main/java/org/apache/hedwig/protocol/PubSubProtocol.java/getSubscriberId;4.2.0;2;1;0;0;0;0;1;0;1;0;0;0;0;0;No
Bookkeeper;/home/denni/isw2/bookkeeper/hedwig-protocol/src/main/java/org/apache/hedwig/protocol/PubSubProtocol.java/setSubscriberId;4.2.0;7;2;1;0;1;1;5;0;1;0;0;0;0;0;No
Bookkeeper;/home/denni/isw2/bookkeeper/hedwig-protocol/src/main/java/org/apache/hedwig/protocol/PubSubProtocol.java/clearSubscriberId;4.2.0;5;1;0;0;0;0;4;0;1;0;0;0;0;0;No
Bookkeeper;/home/denni/isw2/bookkeeper/hedwig-protocol/src/main/java/org/apache/hedwig/protocol/PubSubProtocol.java/hasSubscriberId;4.2.0;2;1;0;0;0;0;1;0;1;1;2;0;2;1;Yes
Bookkeeper;/home/denni/isw2/bookkeeper/hedwig-protocol/src/main/java/org/apache/hedwig/protocol/PubSubProtocol.java/getSubscriberId;4.2.0;2;1;0;0;0;0;1;0;1;1;2;0;2;1;Yes
Bookkeeper;/home/denni/isw2/bookkeeper/hedwig-protocol/src/main/java/org/apache/hedwig/protocol/PubSubProtocol.java/initFields;4.2.0;2;1;0;0;0;0;1;0;1;1;2;0;2;1;Yes
Bookkeeper;/home/denni/isw2/bookkeeper/hedwig-protocol/src/main/java/org/apache/hedwig/protocol/PubSubProtocol.java/maybeForceBuilderInitialization;4.2.0;2;2;1;0;0;1;1;0;1;1;3;0;3;1;Yes
Bookkeeper;/home/denni/isw2/bookkeeper/hedwig-protocol/src/main/java/org/apache/hedwig/protocol/PubSubProtocol.java/create;4.2.0;2;1;0;0;0;0;1;0;1;1;2;0;2;1;Yes
Bookkeeper;/home/denni/isw2/bookkeeper/hedwig-protocol/src/main/java/org/apache/hedwig/protocol/PubSubProtocol.java/clear;4.2.0;5;1;0;0;0;0;4;0;1;1;5;0;5;1;Yes
Bookkeeper;/home/denni/isw2/bookkeeper/hedwig-protocol/src/main/java/org/apache/hedwig/protocol/PubSubProtocol.java/clone;4.2.0;2;1;0;0;0;0;1;0;1;1;2;0;2;1;Yes
Bookkeeper;/home/denni/isw2/bookkeeper/hedwig-protocol/src/main/java/org/apache/hedwig/protocol/PubSubProtocol.java/buildParsed;4.2.0;5;2;1;0;0;1;3;1;1;1;8;0;8;1;Yes
Bookkeeper;/home/denni/isw2/bookkeeper/hedwig-protocol/src/main/java/org/apache/hedwig/protocol/PubSubProtocol.java/buildPartial;4.2.0;10;2;1;0;0;1;8;3;1;1;11;0;11;1;Yes
Bookkeeper;/home/denni/isw2/bookkeeper/hedwig-protocol/src/main/java/org/apache/hedwig/protocol/PubSubProtocol.java/isInitialized;4.2.0;4;2;1;0;0;1;2;0;1;1;6;0;6;1;Yes
Bookkeeper;/home/denni/isw2/bookkeeper/hedwig-protocol/src/main/java/org/apache/hedwig/protocol/PubSubProtocol.java/mergeFrom;4.2.0;19;6;5;0;2;3;2;2;1;1;30;0;30;1;Yes
Bookkeeper;/home/denni/isw2/bookkeeper/hedwig-protocol/src/main/java/org/apache/hedwig/protocol/PubSubProtocol.java/hasSubscriberId;4.2.0;2;1;0;0;0;0;1;0;1;1;2;0;2;1;Yes
Bookkeeper;/home/denni/isw2/bookkeeper/hedwig-protocol/src/main/java/org/apache/hedwig/protocol/PubSubProtocol.java/getSubscriberId;4.2.0;2;1;0;0;0;0;1;0;1;1;2;0;2;1;Yes
Bookkeeper;/home/denni/isw2/bookkeeper/hedwig-protocol/src/main/java/org/apache/hedwig/protocol/PubSubProtocol.java/setSubscriberId;4.2.0;7;2;1;0;1;1;5;0;1;1;8;0;8;1;Yes
Bookkeeper;/home/denni/isw2/bookkeeper/hedwig-protocol/src/main/java/org/apache/hedwig/protocol/PubSubProtocol.java/clearSubscriberId;4.2.0;5;1;0;0;0;0;4;0;1;1;5;0;5;1;Yes
Bookkeeper;/home/denni/isw2/bookkeeper/hedwig-protocol/src/main/java/org/apache/hedwig/protocol/PubSubProtocol.java/hasEvent;4.2.0;2;1;0;0;0;0;1;0;1;1;1;0;1;1;Yes
Bookkeeper;/home/denni/isw2/bookkeeper/hedwig-protocol/src/main/java/org/apache/hedwig/protocol/PubSubProtocol.java/getEvent;4.2.0;2;1;0;0;0;0;1;0;1;1;1;0;1;1;Yes
Bookkeeper;/home/denni/isw2/bookkeeper/hedwig-protocol/src/main/java/org/apache/hedwig/protocol/PubSubProtocol.java/maybeForceBuilderInitialization;4.2.0;2;2;1;0;0;1;1;0;1;0;0;0;0;0;No
Bookkeeper;/home/denni/isw2/bookkeeper/hedwig-protocol/src/main/java/org/apache/hedwig/protocol/PubSubProtocol.java/create;4.2.0;2;1;0;0;0;0;1;0;1;0;0;0;0;0;No
Bookkeeper;/home/denni/isw2/bookkeeper/hedwig-protocol/src/main/java/org/apache/hedwig/protocol/PubSubProtocol.java/clone;4.2.0;2;1;0;0;0;0;1;0;1;0;0;0;0;0;No
Bookkeeper;/home/denni/isw2/bookkeeper/hedwig-protocol/src/main/java/org/apache/hedwig/protocol/PubSubProtocol.java/buildParsed;4.2.0;5;2;1;0;0;1;3;1;1;1;2;0;2;1;Yes
Bookkeeper;/home/denni/isw2/bookkeeper/hedwig-protocol/src/main/java/org/apache/hedwig/protocol/PubSubProtocol.java/buildPartial;4.2.0;10;2;1;0;0;1;8;3;1;1;2;0;2;1;Yes
Bookkeeper;/home/denni/isw2/bookkeeper/hedwig-protocol/src/main/java/org/apache/hedwig/protocol/PubSubProtocol.java/mergeFrom;4.2.0;24;7;6;0;2;3;2;4;1;1;9;0;9;1;Yes
Bookkeeper;/home/denni/isw2/bookkeeper/hedwig-protocol/src/main/java/org/apache/hedwig/protocol/PubSubProtocol.java/hasEvent;4.2.0;2;1;0;0;0;0;1;0;1;1;1;0;1;1;Yes
Bookkeeper;/home/denni/isw2/bookkeeper/hedwig-protocol/src/main/java/org/apache/hedwig/protocol/PubSubProtocol.java/getEvent;4.2.0;2;1;0;0;0;0;1;0;1;1;1;0;1;1;Yes
Bookkeeper;/home/denni/isw2/bookkeeper/hedwig-protocol/src/main/java/org/apache/hedwig/protocol/PubSubProtocol.java/setEvent;4.2.0;7;2;1;0;1;1;5;0;1;1;4;0;4;1;Yes
Bookkeeper;/home/denni/isw2/bookkeeper/hedwig-protocol/src/main/java/org/apache/hedwig/protocol/PubSubProtocol.java/hasProtocolVersion;4.2.0;2;1;0;0;0;0;1;0;1;0;0;0;0;0;No
Bookkeeper;/home/denni/isw2/bookkeeper/hedwig-protocol/src/main/java/org/apache/hedwig/protocol/PubSubProtocol.java/getProtocolVersion;4.2.0;2;1;0;0;0;0;1;0;1;0;0;0;0;0;No
Bookkeeper;/home/denni/isw2/bookkeeper/hedwig-protocol/src/main/java/org/apache/hedwig/protocol/PubSubProtocol.java/hasStatusCode;4.2.0;2;1;0;0;0;0;1;0;1;0;0;0;0;0;No
Bookkeeper;/home/denni/isw2/bookkeeper/hedwig-protocol/src/main/java/org/apache/hedwig/protocol/PubSubProtocol.java/getStatusCode;4.2.0;2;1;0;0;0;0;1;0;1;0;0;0;0;0;No
Bookkeeper;/home/denni/isw2/bookkeeper/hedwig-protocol/src/main/java/org/apache/hedwig/protocol/PubSubProtocol.java/hasTxnId;4.2.0;2;1;0;0;0;0;1;0;1;1;2;0;2;1;Yes
Bookkeeper;/home/denni/isw2/bookkeeper/hedwig-protocol/src/main/java/org/apache/hedwig/protocol/PubSubProtocol.java/getTxnId;4.2.0;2;1;0;0;0;0;1;0;1;1;2;0;2;1;Yes
Bookkeeper;/home/denni/isw2/bookkeeper/hedwig-protocol/src/main/java/org/apache/hedwig/protocol/PubSubProtocol.java/hasStatusMsg;4.2.0;2;1;0;0;0;0;1;0;1;1;2;0;2;1;Yes
Bookkeeper;/home/denni/isw2/bookkeeper/hedwig-protocol/src/main/java/org/apache/hedwig/protocol/PubSubProtocol.java/getStatusMsg;4.2.0;10;3;3;0;0;2;2;3;1;1;13;0;13;1;Yes
Bookkeeper;/home/denni/isw2/bookkeeper/hedwig-protocol/src/main/java/org/apache/hedwig/protocol/PubSubProtocol.java/hasMessage;4.2.0;2;1;0;0;0;0;1;0;1;1;2;0;2;1;Yes
Bookkeeper;/home/denni/isw2/bookkeeper/hedwig-protocol/src/main/java/org/apache/hedwig/protocol/PubSubProtocol.java/getMessage;4.2.0;2;1;0;0;0;0;1;0;1;1;2;0;2;1;Yes
Bookkeeper;/home/denni/isw2/bookkeeper/hedwig-protocol/src/main/java/org/apache/hedwig/protocol/PubSubProtocol.java/getMessageOrBuilder;4.2.0;2;1;0;0;0;0;1;0;1;1;2;0;2;1;Yes
Bookkeeper;/home/denni/isw2/bookkeeper/hedwig-protocol/src/main/java/org/apache/hedwig/protocol/PubSubProtocol.java/hasTopic;4.2.0;2;1;0;0;0;0;1;0;1;2;4;0;4;2;Yes
Bookkeeper;/home/denni/isw2/bookkeeper/hedwig-protocol/src/main/java/org/apache/hedwig/protocol/PubSubProtocol.java/getTopic;4.2.0;2;1;0;0;0;0;1;0;1;2;4;0;4;2;Yes
Bookkeeper;/home/denni/isw2/bookkeeper/hedwig-protocol/src/main/java/org/apache/hedwig/protocol/PubSubProtocol.java/hasSubscriberId;4.2.0;2;1;0;0;0;0;1;0;1;1;2;0;2;1;Yes
Bookkeeper;/home/denni/isw2/bookkeeper/hedwig-protocol/src/main/java/org/apache/hedwig/protocol/PubSubProtocol.java/getSubscriberId;4.2.0;2;1;0;0;0;0;1;0;1;1;2;0;2;1;Yes
Bookkeeper;/home/denni/isw2/bookkeeper/hedwig-protocol/src/main/java/org/apache/hedwig/protocol/PubSubProtocol.java/hasResponseBody;4.2.0;2;1;0;0;0;0;1;0;1;1;2;0;2;1;Yes
Bookkeeper;/home/denni/isw2/bookkeeper/hedwig-protocol/src/main/java/org/apache/hedwig/protocol/PubSubProtocol.java/getResponseBody;4.2.0;2;1;0;0;0;0;1;0;1;1;2;0;2;1;Yes
Bookkeeper;/home/denni/isw2/bookkeeper/hedwig-protocol/src/main/java/org/apache/hedwig/protocol/PubSubProtocol.java/getResponseBodyOrBuilder;4.2.0;2;1;0;0;0;0;1;0;1;1;2;0;2;1;Yes
Bookkeeper;/home/denni/isw2/bookkeeper/hedwig-protocol/src/main/java/org/apache/hedwig/protocol/PubSubProtocol.java/initFields;4.2.0;9;1;0;0;0;0;8;0;1;1;9;0;9;1;Yes
Bookkeeper;/home/denni/isw2/bookkeeper/hedwig-protocol/src/main/java/org/apache/hedwig/protocol/PubSubProtocol.java/isInitialized;4.2.0;23;9;9;0;0;2;9;1;1;2;31;0;31;2;Yes
Bookkeeper;/home/denni/isw2/bookkeeper/hedwig-protocol/src/main/java/org/apache/hedwig/protocol/PubSubProtocol.java/writeTo;4.2.0;19;9;8;0;1;1;10;0;1;2;54;0;54;2;Yes
Bookkeeper;/home/denni/isw2/bookkeeper/hedwig-protocol/src/main/java/org/apache/hedwig/protocol/PubSubProtocol.java/getSerializedSize;4.2.0;24;10;9;0;0;1;14;1;1;2;80;0;80;1;Yes
Bookkeeper;/home/denni/isw2/bookkeeper/hedwig-protocol/src/main/java/org/apache/hedwig/protocol/PubSubProtocol.java/maybeForceBuilderInitialization;4.2.0;4;2;1;0;0;1;1;0;1;3;15;0;15;1;Yes
Bookkeeper;/home/denni/isw2/bookkeeper/hedwig-protocol/src/main/java/org/apache/hedwig/protocol/PubSubProtocol.java/create;4.2.0;2;1;0;0;0;0;1;0;1;3;6;0;6;1;Yes
Bookkeeper;/home/denni/isw2/bookkeeper/hedwig-protocol/src/main/java/org/apache/hedwig/protocol/PubSubProtocol.java/clear;4.2.0;25;3;2;0;0;1;18;0;1;3;81;0;81;1;Yes
Bookkeeper;/home/denni/isw2/bookkeeper/hedwig-protocol/src/main/java/org/apache/hedwig/protocol/PubSubProtocol.java/clone;4.2.0;2;1;0;0;0;0;1;0;1;3;6;0;6;1;Yes
Bookkeeper;/home/denni/isw2/bookkeeper/hedwig-protocol/src/main/java/org/apache/hedwig/protocol/PubSubProtocol.java/buildParsed;4.2.0;5;2;1;0;0;1;3;1;1;3;24;0;24;1;Yes
Bookkeeper;/home/denni/isw2/bookkeeper/hedwig-protocol/src/main/java/org/apache/hedwig/protocol/PubSubProtocol.java/buildPartial;4.2.0;37;11;10;0;0;1;22;3;1;3;141;0;141;1;Yes
Bookkeeper;/home/denni/isw2/bookkeeper/hedwig-protocol/src/main/java/org/apache/hedwig/protocol/PubSubProtocol.java/mergeFrom;4.2.0;21;10;9;0;1;1;11;0;1;3;84;0;84;1;Yes
Bookkeeper;/home/denni/isw2/bookkeeper/hedwig-protocol/src/main/java/org/apache/hedwig/protocol/PubSubProtocol.java/isInitialized;4.2.0;14;8;8;0;0;2;6;0;1;3;78;0;78;1;Yes
Bookkeeper;/home/denni/isw2/bookkeeper/hedwig-protocol/src/main/java/org/apache/hedwig/protocol/PubSubProtocol.java/mergeFrom;4.2.0;63;17;9;0;2;3;2;8;1;3;255;0;255;1;Yes
Bookkeeper;/home/denni/isw2/bookkeeper/hedwig-protocol/src/main/java/org/apache/hedwig/protocol/PubSubProtocol.java/hasProtocolVersion;4.2.0;2;1;0;0;0;0;1;0;1;3;5;0;5;1;Yes
Bookkeeper;/home/denni/isw2/bookkeeper/hedwig-protocol/src/main/java/org/apache/hedwig/protocol/PubSubProtocol.java/getProtocolVersion;4.2.0;2;1;0;0;0;0;1;0;1;3;6;0;6;1;Yes
Bookkeeper;/home/denni/isw2/bookkeeper/hedwig-protocol/src/main/java/org/apache/hedwig/protocol/PubSubProtocol.java/setProtocolVersion;4.2.0;7;2;1;0;1;1;5;0;1;2;16;0;16;1;Yes
Bookkeeper;/home/denni/isw2/bookkeeper/hedwig-protocol/src/main/java/org/apache/hedwig/protocol/PubSubProtocol.java/hasStatusCode;4.2.0;2;1;0;0;0;0;1;0;1;2;4;0;4;1;Yes
Bookkeeper;/home/denni/isw2/bookkeeper/hedwig-protocol/src/main/java/org/apache/hedwig/protocol/PubSubProtocol.java/getStatusCode;4.2.0;2;1;0;0;0;0;1;0;1;2;4;0;4;1;Yes
Bookkeeper;/home/denni/isw2/bookkeeper/hedwig-protocol/src/main/java/org/apache/hedwig/protocol/PubSubProtocol.java/setStatusCode;4.2.0;7;2;1;0;1;1;5;0;1;2;16;0;16;1;Yes
Bookkeeper;/home/denni/isw2/bookkeeper/hedwig-protocol/src/main/java/org/apache/hedwig/protocol/PubSubProtocol.java/hasTxnId;4.2.0;2;1;0;0;0;0;1;0;1;3;5;0;5;1;Yes
Bookkeeper;/home/denni/isw2/bookkeeper/hedwig-protocol/src/main/java/org/apache/hedwig/protocol/PubSubProtocol.java/getTxnId;4.2.0;2;1;0;0;0;0;1;0;1;3;6;0;6;1;Yes
Bookkeeper;/home/denni/isw2/bookkeeper/hedwig-protocol/src/main/java/org/apache/hedwig/protocol/PubSubProtocol.java/hasStatusMsg;4.2.0;2;1;0;0;0;0;1;0;1;2;4;0;4;1;Yes
Bookkeeper;/home/denni/isw2/bookkeeper/hedwig-protocol/src/main/java/org/apache/hedwig/protocol/PubSubProtocol.java/getStatusMsg;4.2.0;8;2;1;0;0;1;2;2;1;2;18;0;18;1;Yes
Bookkeeper;/home/denni/isw2/bookkeeper/hedwig-protocol/src/main/java/org/apache/hedwig/protocol/PubSubProtocol.java/setStatusMsg;4.2.0;7;2;1;0;1;1;5;0;1;3;19;0;19;1;Yes
Bookkeeper;/home/denni/isw2/bookkeeper/hedwig-protocol/src/main/java/org/apache/hedwig/protocol/PubSubProtocol.java/hasMessage;4.2.0;2;1;0;0;0;0;1;0;1;2;4;0;4;1;Yes
Bookkeeper;/home/denni/isw2/bookkeeper/hedwig-protocol/src/main/java/org/apache/hedwig/protocol/PubSubProtocol.java/getMessage;4.2.0;5;2;1;0;0;1;1;0;1;2;12;0;12;1;Yes
Bookkeeper;/home/denni/isw2/bookkeeper/hedwig-protocol/src/main/java/org/apache/hedwig/protocol/PubSubProtocol.java/setMessage;4.2.0;10;3;3;0;1;2;3;0;1;2;24;0;24;1;Yes
Bookkeeper;/home/denni/isw2/bookkeeper/hedwig-protocol/src/main/java/org/apache/hedwig/protocol/PubSubProtocol.java/getMessageOrBuilder;4.2.0;5;2;1;0;0;1;1;0;1;2;12;0;12;1;Yes
Bookkeeper;/home/denni/isw2/bookkeeper/hedwig-protocol/src/main/java/org/apache/hedwig/protocol/PubSubProtocol.java/hasTopic;4.2.0;2;1;0;0;0;0;1;0;1;2;4;0;4;1;Yes
Bookkeeper;/home/denni/isw2/bookkeeper/hedwig-protocol/src/main/java/org/apache/hedwig/protocol/PubSubProtocol.java/getTopic;4.2.0;2;1;0;0;0;0;1;0;1;2;4;0;4;1;Yes
Bookkeeper;/home/denni/isw2/bookkeeper/hedwig-protocol/src/main/java/org/apache/hedwig/protocol/PubSubProtocol.java/setTopic;4.2.0;7;2;1;0;1;1;5;0;1;2;11;0;11;1;Yes
Bookkeeper;/home/denni/isw2/bookkeeper/hedwig-protocol/src/main/java/org/apache/hedwig/protocol/PubSubProtocol.java/clearTopic;4.2.0;5;1;0;0;0;0;4;0;1;1;5;0;5;1;Yes
Bookkeeper;/home/denni/isw2/bookkeeper/hedwig-protocol/src/main/java/org/apache/hedwig/protocol/PubSubProtocol.java/hasSubscriberId;4.2.0;2;1;0;0;0;0;1;0;1;1;2;0;2;1;Yes
Bookkeeper;/home/denni/isw2/bookkeeper/hedwig-protocol/src/main/java/org/apache/hedwig/protocol/PubSubProtocol.java/getSubscriberId;4.2.0;2;1;0;0;0;0;1;0;1;1;2;0;2;1;Yes
Bookkeeper;/home/denni/isw2/bookkeeper/hedwig-protocol/src/main/java/org/apache/hedwig/protocol/PubSubProtocol.java/setSubscriberId;4.2.0;7;2;1;0;1;1;5;0;1;1;5;0;5;1;Yes
Bookkeeper;/home/denni/isw2/bookkeeper/hedwig-protocol/src/main/java/org/apache/hedwig/protocol/PubSubProtocol.java/clearSubscriberId;4.2.0;5;1;0;0;0;0;4;0;1;0;0;0;0;0;No
Bookkeeper;/home/denni/isw2/bookkeeper/hedwig-protocol/src/main/java/org/apache/hedwig/protocol/PubSubProtocol.java/hasResponseBody;4.2.0;2;1;0;0;0;0;1;0;1;0;0;0;0;0;No
Bookkeeper;/home/denni/isw2/bookkeeper/hedwig-protocol/src/main/java/org/apache/hedwig/protocol/PubSubProtocol.java/getResponseBody;4.2.0;5;2;1;0;0;1;1;0;1;0;0;0;0;0;No
Bookkeeper;/home/denni/isw2/bookkeeper/hedwig-protocol/src/main/java/org/apache/hedwig/protocol/PubSubProtocol.java/setResponseBody;4.2.0;10;3;3;0;1;2;3;0;1;0;0;0;0;0;No
Bookkeeper;/home/denni/isw2/bookkeeper/hedwig-protocol/src/main/java/org/apache/hedwig/protocol/PubSubProtocol.java/getResponseBodyOrBuilder;4.2.0;5;2;1;0;0;1;1;0;1;0;0;0;0;0;No
Bookkeeper;/home/denni/isw2/bookkeeper/hedwig-protocol/src/main/java/org/apache/hedwig/protocol/PubSubProtocol.java/hasPublishedMsgId;4.2.0;2;1;0;0;0;0;1;0;1;1;2;0;2;1;Yes
Bookkeeper;/home/denni/isw2/bookkeeper/hedwig-protocol/src/main/java/org/apache/hedwig/protocol/PubSubProtocol.java/getPublishedMsgId;4.2.0;2;1;0;0;0;0;1;0;1;0;0;0;0;0;No
Bookkeeper;/home/denni/isw2/bookkeeper/hedwig-protocol/src/main/java/org/apache/hedwig/protocol/PubSubProtocol.java/getPublishedMsgIdOrBuilder;4.2.0;2;1;0;0;0;0;1;0;1;0;0;0;0;0;No
Bookkeeper;/home/denni/isw2/bookkeeper/hedwig-protocol/src/main/java/org/apache/hedwig/protocol/PubSubProtocol.java/maybeForceBuilderInitialization;4.2.0;3;2;1;0;0;1;1;0;1;2;8;0;8;1;Yes
Bookkeeper;/home/denni/isw2/bookkeeper/hedwig-protocol/src/main/java/org/apache/hedwig/protocol/PubSubProtocol.java/create;4.2.0;2;1;0;0;0;0;1;0;1;1;2;0;2;1;Yes
Bookkeeper;/home/denni/isw2/bookkeeper/hedwig-protocol/src/main/java/org/apache/hedwig/protocol/PubSubProtocol.java/clone;4.2.0;2;1;0;0;0;0;1;0;1;0;0;0;0;0;No
Bookkeeper;/home/denni/isw2/bookkeeper/hedwig-protocol/src/main/java/org/apache/hedwig/protocol/PubSubProtocol.java/buildParsed;4.2.0;5;2;1;0;0;1;3;1;1;0;0;0;0;0;No
Bookkeeper;/home/denni/isw2/bookkeeper/hedwig-protocol/src/main/java/org/apache/hedwig/protocol/PubSubProtocol.java/buildPartial;4.2.0;13;3;2;0;0;1;8;3;1;0;0;0;0;0;No
Bookkeeper;/home/denni/isw2/bookkeeper/hedwig-protocol/src/main/java/org/apache/hedwig/protocol/PubSubProtocol.java/isInitialized;4.2.0;6;3;2;0;0;1;3;0;1;0;0;0;0;0;No
Bookkeeper;/home/denni/isw2/bookkeeper/hedwig-protocol/src/main/java/org/apache/hedwig/protocol/PubSubProtocol.java/mergeFrom;4.2.0;22;7;6;0;2;3;2;3;1;0;0;0;0;0;No
Bookkeeper;/home/denni/isw2/bookkeeper/hedwig-protocol/src/main/java/org/apache/hedwig/protocol/PubSubProtocol.java/hasPublishedMsgId;4.2.0;2;1;0;0;0;0;1;0;1;0;0;0;0;0;No
Bookkeeper;/home/denni/isw2/bookkeeper/hedwig-protocol/src/main/java/org/apache/hedwig/protocol/PubSubProtocol.java/getPublishedMsgId;4.2.0;5;2;1;0;0;1;1;0;1;0;0;0;0;0;No
Bookkeeper;/home/denni/isw2/bookkeeper/hedwig-protocol/src/main/java/org/apache/hedwig/protocol/PubSubProtocol.java/setPublishedMsgId;4.2.0;10;3;3;0;1;2;3;0;1;0;0;0;0;0;No
Bookkeeper;/home/denni/isw2/bookkeeper/hedwig-protocol/src/main/java/org/apache/hedwig/protocol/PubSubProtocol.java/getPublishedMsgIdOrBuilder;4.2.0;5;2;1;0;0;1;1;0;1;0;0;0;0;0;No
Bookkeeper;/home/denni/isw2/bookkeeper/hedwig-protocol/src/main/java/org/apache/hedwig/protocol/PubSubProtocol.java/hasPreferences;4.2.0;2;1;0;0;0;0;1;0;1;0;0;0;0;0;No
Bookkeeper;/home/denni/isw2/bookkeeper/hedwig-protocol/src/main/java/org/apache/hedwig/protocol/PubSubProtocol.java/getPreferences;4.2.0;2;1;0;0;0;0;1;0;1;0;0;0;0;0;No
Bookkeeper;/home/denni/isw2/bookkeeper/hedwig-protocol/src/main/java/org/apache/hedwig/protocol/PubSubProtocol.java/getPreferencesOrBuilder;4.2.0;2;1;0;0;0;0;1;0;1;0;0;0;0;0;No
Bookkeeper;/home/denni/isw2/bookkeeper/hedwig-protocol/src/main/java/org/apache/hedwig/protocol/PubSubProtocol.java/maybeForceBuilderInitialization;4.2.0;3;2;1;0;0;1;1;0;1;0;0;0;0;0;No
Bookkeeper;/home/denni/isw2/bookkeeper/hedwig-protocol/src/main/java/org/apache/hedwig/protocol/PubSubProtocol.java/create;4.2.0;2;1;0;0;0;0;1;0;1;0;0;0;0;0;No
Bookkeeper;/home/denni/isw2/bookkeeper/hedwig-protocol/src/main/java/org/apache/hedwig/protocol/PubSubProtocol.java/clone;4.2.0;2;1;0;0;0;0;1;0;1;0;0;0;0;0;No
Bookkeeper;/home/denni/isw2/bookkeeper/hedwig-protocol/src/main/java/org/apache/hedwig/protocol/PubSubProtocol.java/buildParsed;4.2.0;5;2;1;0;0;1;3;1;1;0;0;0;0;0;No
Bookkeeper;/home/denni/isw2/bookkeeper/hedwig-protocol/src/main/java/org/apache/hedwig/protocol/PubSubProtocol.java/buildPartial;4.2.0;13;3;2;0;0;1;8;3;1;0;0;0;0;0;No
Bookkeeper;/home/denni/isw2/bookkeeper/hedwig-protocol/src/main/java/org/apache/hedwig/protocol/PubSubProtocol.java/mergeFrom;4.2.0;22;7;6;0;2;3;2;3;1;0;0;0;0;0;No
Bookkeeper;/home/denni/isw2/bookkeeper/hedwig-protocol/src/main/java/org/apache/hedwig/protocol/PubSubProtocol.java/hasPreferences;4.2.0;2;1;0;0;0;0;1;0;1;0;0;0;0;0;No
Bookkeeper;/home/denni/isw2/bookkeeper/hedwig-protocol/src/main/java/org/apache/hedwig/protocol/PubSubProtocol.java/getPreferences;4.2.0;5;2;1;0;0;1;1;0;1;0;0;0;0;0;No
Bookkeeper;/home/denni/isw2/bookkeeper/hedwig-protocol/src/main/java/org/apache/hedwig/protocol/PubSubProtocol.java/setPreferences;4.2.0;10;3;3;0;1;2;3;0;1;0;0;0;0;0;No
Bookkeeper;/home/denni/isw2/bookkeeper/hedwig-protocol/src/main/java/org/apache/hedwig/protocol/PubSubProtocol.java/getPreferencesOrBuilder;4.2.0;5;2;1;0;0;1;1;0;1;0;0;0;0;0;No
Bookkeeper;/home/denni/isw2/bookkeeper/hedwig-protocol/src/main/java/org/apache/hedwig/protocol/PubSubProtocol.java/hasPublishResponse;4.2.0;2;1;0;0;0;0;1;0;1;0;0;0;0;0;No
Bookkeeper;/home/denni/isw2/bookkeeper/hedwig-protocol/src/main/java/org/apache/hedwig/protocol/PubSubProtocol.java/getPublishResponse;4.2.0;2;1;0;0;0;0;1;0;1;0;0;0;0;0;No
Bookkeeper;/home/denni/isw2/bookkeeper/hedwig-protocol/src/main/java/org/apache/hedwig/protocol/PubSubProtocol.java/getPublishResponseOrBuilder;4.2.0;2;1;0;0;0;0;1;0;1;0;0;0;0;0;No
Bookkeeper;/home/denni/isw2/bookkeeper/hedwig-protocol/src/main/java/org/apache/hedwig/protocol/PubSubProtocol.java/hasSubscribeResponse;4.2.0;2;1;0;0;0;0;1;0;1;0;0;0;0;0;No
Bookkeeper;/home/denni/isw2/bookkeeper/hedwig-protocol/src/main/java/org/apache/hedwig/protocol/PubSubProtocol.java/getSubscribeResponse;4.2.0;2;1;0;0;0;0;1;0;1;0;0;0;0;0;No
Bookkeeper;/home/denni/isw2/bookkeeper/hedwig-protocol/src/main/java/org/apache/hedwig/protocol/PubSubProtocol.java/getSubscribeResponseOrBuilder;4.2.0;2;1;0;0;0;0;1;0;1;1;2;0;2;1;Yes
Bookkeeper;/home/denni/isw2/bookkeeper/hedwig-protocol/src/main/java/org/apache/hedwig/protocol/PubSubProtocol.java/hasSubscriptionEvent;4.2.0;2;1;0;0;0;0;1;0;1;1;2;0;2;1;Yes
Bookkeeper;/home/denni/isw2/bookkeeper/hedwig-protocol/src/main/java/org/apache/hedwig/protocol/PubSubProtocol.java/getSubscriptionEvent;4.2.0;2;1;0;0;0;0;1;0;1;1;2;0;2;1;Yes
Bookkeeper;/home/denni/isw2/bookkeeper/hedwig-protocol/src/main/java/org/apache/hedwig/protocol/PubSubProtocol.java/getSubscriptionEventOrBuilder;4.2.0;2;1;0;0;0;0;1;0;1;0;0;0;0;0;No
Bookkeeper;/home/denni/isw2/bookkeeper/hedwig-protocol/src/main/java/org/apache/hedwig/protocol/PubSubProtocol.java/isInitialized;4.2.0;10;4;4;0;0;2;5;1;1;0;0;0;0;0;No
Bookkeeper;/home/denni/isw2/bookkeeper/hedwig-protocol/src/main/java/org/apache/hedwig/protocol/PubSubProtocol.java/maybeForceBuilderInitialization;4.2.0;5;2;1;0;0;1;1;0;1;1;1;0;1;1;Yes
Bookkeeper;/home/denni/isw2/bookkeeper/hedwig-protocol/src/main/java/org/apache/hedwig/protocol/PubSubProtocol.java/create;4.2.0;2;1;0;0;0;0;1;0;1;0;0;0;0;0;No
Bookkeeper;/home/denni/isw2/bookkeeper/hedwig-protocol/src/main/java/org/apache/hedwig/protocol/PubSubProtocol.java/clone;4.2.0;2;1;0;0;0;0;1;0;1;0;0;0;0;0;No
Bookkeeper;/home/denni/isw2/bookkeeper/hedwig-protocol/src/main/java/org/apache/hedwig/protocol/PubSubProtocol.java/buildParsed;4.2.0;5;2;1;0;0;1;3;1;1;0;0;0;0;0;No
Bookkeeper;/home/denni/isw2/bookkeeper/hedwig-protocol/src/main/java/org/apache/hedwig/protocol/PubSubProtocol.java/buildPartial;4.2.0;25;7;6;0;0;1;12;3;1;1;8;0;8;1;Yes
Bookkeeper;/home/denni/isw2/bookkeeper/hedwig-protocol/src/main/java/org/apache/hedwig/protocol/PubSubProtocol.java/isInitialized;4.2.0;5;3;3;0;0;2;2;0;1;0;0;0;0;0;No
Bookkeeper;/home/denni/isw2/bookkeeper/hedwig-protocol/src/main/java/org/apache/hedwig/protocol/PubSubProtocol.java/mergeFrom;4.2.0;36;11;8;0;2;3;2;5;1;1;9;0;9;1;Yes
Bookkeeper;/home/denni/isw2/bookkeeper/hedwig-protocol/src/main/java/org/apache/hedwig/protocol/PubSubProtocol.java/hasPublishResponse;4.2.0;2;1;0;0;0;0;1;0;1;0;0;0;0;0;No
Bookkeeper;/home/denni/isw2/bookkeeper/hedwig-protocol/src/main/java/org/apache/hedwig/protocol/PubSubProtocol.java/getPublishResponse;4.2.0;5;2;1;0;0;1;1;0;1;0;0;0;0;0;No
Bookkeeper;/home/denni/isw2/bookkeeper/hedwig-protocol/src/main/java/org/apache/hedwig/protocol/PubSubProtocol.java/setPublishResponse;4.2.0;10;3;3;0;1;2;3;0;1;0;0;0;0;0;No
Bookkeeper;/home/denni/isw2/bookkeeper/hedwig-protocol/src/main/java/org/apache/hedwig/protocol/PubSubProtocol.java/getPublishResponseOrBuilder;4.2.0;5;2;1;0;0;1;1;0;1;0;0;0;0;0;No
Bookkeeper;/home/denni/isw2/bookkeeper/hedwig-protocol/src/main/java/org/apache/hedwig/protocol/PubSubProtocol.java/hasSubscribeResponse;4.2.0;2;1;0;0;0;0;1;0;1;0;0;0;0;0;No
Bookkeeper;/home/denni/isw2/bookkeeper/hedwig-protocol/src/main/java/org/apache/hedwig/protocol/PubSubProtocol.java/getSubscribeResponse;4.2.0;5;2;1;0;0;1;1;0;1;0;0;0;0;0;No
Bookkeeper;/home/denni/isw2/bookkeeper/hedwig-protocol/src/main/java/org/apache/hedwig/protocol/PubSubProtocol.java/setSubscribeResponse;4.2.0;10;3;3;0;1;2;3;0;1;0;0;0;0;0;No
Bookkeeper;/home/denni/isw2/bookkeeper/hedwig-protocol/src/main/java/org/apache/hedwig/protocol/PubSubProtocol.java/getSubscribeResponseOrBuilder;4.2.0;5;2;1;0;0;1;1;0;1;0;0;0;0;0;No
Bookkeeper;/home/denni/isw2/bookkeeper/hedwig-protocol/src/main/java/org/apache/hedwig/protocol/PubSubProtocol.java/hasSubscriptionEvent;4.2.0;2;1;0;0;0;0;1;0;1;1;2;0;2;1;Yes
Bookkeeper;/home/denni/isw2/bookkeeper/hedwig-protocol/src/main/java/org/apache/hedwig/protocol/PubSubProtocol.java/getSubscriptionEvent;4.2.0;5;2;1;0;0;1;1;0;1;1;6;0;6;1;Yes
Bookkeeper;/home/denni/isw2/bookkeeper/hedwig-protocol/src/main/java/org/apache/hedwig/protocol/PubSubProtocol.java/setSubscriptionEvent;4.2.0;10;3;3;0;1;2;3;0;1;1;12;0;12;1;Yes
Bookkeeper;/home/denni/isw2/bookkeeper/hedwig-protocol/src/main/java/org/apache/hedwig/protocol/PubSubProtocol.java/getSubscriptionEventOrBuilder;4.2.0;5;2;1;0;0;1;1;0;1;1;6;0;6;1;Yes
Bookkeeper;/home/denni/isw2/bookkeeper/hedwig-protocol/src/main/java/org/apache/hedwig/protocol/PubSubProtocol.java/hasMsgId;4.2.0;2;1;0;0;0;0;1;0;1;0;0;0;0;0;No
Bookkeeper;/home/denni/isw2/bookkeeper/hedwig-protocol/src/main/java/org/apache/hedwig/protocol/PubSubProtocol.java/getMsgId;4.2.0;2;1;0;0;0;0;1;0;1;0;0;0;0;0;No
Bookkeeper;/home/denni/isw2/bookkeeper/hedwig-protocol/src/main/java/org/apache/hedwig/protocol/PubSubProtocol.java/getMsgIdOrBuilder;4.2.0;2;1;0;0;0;0;1;0;1;0;0;0;0;0;No
Bookkeeper;/home/denni/isw2/bookkeeper/hedwig-protocol/src/main/java/org/apache/hedwig/protocol/PubSubProtocol.java/hasMessageBound;4.2.0;2;1;0;0;0;0;1;0;1;0;0;0;0;0;No
Bookkeeper;/home/denni/isw2/bookkeeper/hedwig-protocol/src/main/java/org/apache/hedwig/protocol/PubSubProtocol.java/getMessageBound;4.2.0;2;1;0;0;0;0;1;0;1;0;0;0;0;0;No
Bookkeeper;/home/denni/isw2/bookkeeper/hedwig-protocol/src/main/java/org/apache/hedwig/protocol/PubSubProtocol.java/maybeForceBuilderInitialization;4.2.0;3;2;1;0;0;1;1;0;1;0;0;0;0;0;No
Bookkeeper;/home/denni/isw2/bookkeeper/hedwig-protocol/src/main/java/org/apache/hedwig/protocol/PubSubProtocol.java/create;4.2.0;2;1;0;0;0;0;1;0;1;0;0;0;0;0;No
Bookkeeper;/home/denni/isw2/bookkeeper/hedwig-protocol/src/main/java/org/apache/hedwig/protocol/PubSubProtocol.java/clone;4.2.0;2;1;0;0;0;0;1;0;1;0;0;0;0;0;No
Bookkeeper;/home/denni/isw2/bookkeeper/hedwig-protocol/src/main/java/org/apache/hedwig/protocol/PubSubProtocol.java/buildParsed;4.2.0;5;2;1;0;0;1;3;1;1;0;0;0;0;0;No
Bookkeeper;/home/denni/isw2/bookkeeper/hedwig-protocol/src/main/java/org/apache/hedwig/protocol/PubSubProtocol.java/buildPartial;4.2.0;16;4;3;0;0;1;10;3;1;0;0;0;0;0;No
Bookkeeper;/home/denni/isw2/bookkeeper/hedwig-protocol/src/main/java/org/apache/hedwig/protocol/PubSubProtocol.java/isInitialized;4.2.0;6;3;2;0;0;1;3;0;1;0;0;0;0;0;No
Bookkeeper;/home/denni/isw2/bookkeeper/hedwig-protocol/src/main/java/org/apache/hedwig/protocol/PubSubProtocol.java/mergeFrom;4.2.0;26;8;6;0;2;3;2;3;1;0;0;0;0;0;No
Bookkeeper;/home/denni/isw2/bookkeeper/hedwig-protocol/src/main/java/org/apache/hedwig/protocol/PubSubProtocol.java/hasMsgId;4.2.0;2;1;0;0;0;0;1;0;1;0;0;0;0;0;No
Bookkeeper;/home/denni/isw2/bookkeeper/hedwig-protocol/src/main/java/org/apache/hedwig/protocol/PubSubProtocol.java/getMsgId;4.2.0;5;2;1;0;0;1;1;0;1;0;0;0;0;0;No
Bookkeeper;/home/denni/isw2/bookkeeper/hedwig-protocol/src/main/java/org/apache/hedwig/protocol/PubSubProtocol.java/setMsgId;4.2.0;10;3;3;0;1;2;3;0;1;0;0;0;0;0;No
Bookkeeper;/home/denni/isw2/bookkeeper/hedwig-protocol/src/main/java/org/apache/hedwig/protocol/PubSubProtocol.java/getMsgIdOrBuilder;4.2.0;5;2;1;0;0;1;1;0;1;0;0;0;0;0;No
Bookkeeper;/home/denni/isw2/bookkeeper/hedwig-protocol/src/main/java/org/apache/hedwig/protocol/PubSubProtocol.java/hasMessageBound;4.2.0;2;1;0;0;0;0;1;0;1;0;0;0;0;0;No
Bookkeeper;/home/denni/isw2/bookkeeper/hedwig-protocol/src/main/java/org/apache/hedwig/protocol/PubSubProtocol.java/getMessageBound;4.2.0;2;1;0;0;0;0;1;0;1;0;0;0;0;0;No
Bookkeeper;/home/denni/isw2/bookkeeper/hedwig-protocol/src/main/java/org/apache/hedwig/protocol/PubSubProtocol.java/hasState;4.2.0;2;1;0;0;0;0;1;0;1;0;0;0;0;0;No
Bookkeeper;/home/denni/isw2/bookkeeper/hedwig-protocol/src/main/java/org/apache/hedwig/protocol/PubSubProtocol.java/getState;4.2.0;2;1;0;0;0;0;1;0;1;0;0;0;0;0;No
Bookkeeper;/home/denni/isw2/bookkeeper/hedwig-protocol/src/main/java/org/apache/hedwig/protocol/PubSubProtocol.java/getStateOrBuilder;4.2.0;2;1;0;0;0;0;1;0;1;0;0;0;0;0;No
Bookkeeper;/home/denni/isw2/bookkeeper/hedwig-protocol/src/main/java/org/apache/hedwig/protocol/PubSubProtocol.java/hasPreferences;4.2.0;2;1;0;0;0;0;1;0;1;0;0;0;0;0;No
Bookkeeper;/home/denni/isw2/bookkeeper/hedwig-protocol/src/main/java/org/apache/hedwig/protocol/PubSubProtocol.java/getPreferences;4.2.0;2;1;0;0;0;0;1;0;1;0;0;0;0;0;No
Bookkeeper;/home/denni/isw2/bookkeeper/hedwig-protocol/src/main/java/org/apache/hedwig/protocol/PubSubProtocol.java/getPreferencesOrBuilder;4.2.0;2;1;0;0;0;0;1;0;1;0;0;0;0;0;No
Bookkeeper;/home/denni/isw2/bookkeeper/hedwig-protocol/src/main/java/org/apache/hedwig/protocol/PubSubProtocol.java/isInitialized;4.2.0;10;4;4;0;0;2;5;1;1;0;0;0;0;0;No
Bookkeeper;/home/denni/isw2/bookkeeper/hedwig-protocol/src/main/java/org/apache/hedwig/protocol/PubSubProtocol.java/maybeForceBuilderInitialization;4.2.0;4;2;1;0;0;1;1;0;1;0;0;0;0;0;No
Bookkeeper;/home/denni/isw2/bookkeeper/hedwig-protocol/src/main/java/org/apache/hedwig/protocol/PubSubProtocol.java/create;4.2.0;2;1;0;0;0;0;1;0;1;0;0;0;0;0;No
Bookkeeper;/home/denni/isw2/bookkeeper/hedwig-protocol/src/main/java/org/apache/hedwig/protocol/PubSubProtocol.java/clone;4.2.0;2;1;0;0;0;0;1;0;1;0;0;0;0;0;No
Bookkeeper;/home/denni/isw2/bookkeeper/hedwig-protocol/src/main/java/org/apache/hedwig/protocol/PubSubProtocol.java/buildParsed;4.2.0;5;2;1;0;0;1;3;1;1;1;8;0;8;1;Yes
Bookkeeper;/home/denni/isw2/bookkeeper/hedwig-protocol/src/main/java/org/apache/hedwig/protocol/PubSubProtocol.java/buildPartial;4.2.0;19;5;4;0;0;1;10;3;1;1;23;0;23;1;Yes
Bookkeeper;/home/denni/isw2/bookkeeper/hedwig-protocol/src/main/java/org/apache/hedwig/protocol/PubSubProtocol.java/isInitialized;4.2.0;5;3;3;0;0;2;2;0;1;1;8;0;8;1;Yes
Bookkeeper;/home/denni/isw2/bookkeeper/hedwig-protocol/src/main/java/org/apache/hedwig/protocol/PubSubProtocol.java/mergeFrom;4.2.0;29;9;7;0;2;3;2;4;1;2;11;0;11;1;Yes
Bookkeeper;/home/denni/isw2/bookkeeper/hedwig-protocol/src/main/java/org/apache/hedwig/protocol/PubSubProtocol.java/hasState;4.2.0;2;1;0;0;0;0;1;0;1;0;0;0;0;0;No
Bookkeeper;/home/denni/isw2/bookkeeper/hedwig-protocol/src/main/java/org/apache/hedwig/protocol/PubSubProtocol.java/getState;4.2.0;5;2;1;0;0;1;1;0;1;1;2;0;2;1;Yes
Bookkeeper;/home/denni/isw2/bookkeeper/hedwig-protocol/src/main/java/org/apache/hedwig/protocol/PubSubProtocol.java/setState;4.2.0;10;3;3;0;1;2;3;0;1;2;6;0;6;1;Yes
Bookkeeper;/home/denni/isw2/bookkeeper/hedwig-protocol/src/main/java/org/apache/hedwig/protocol/PubSubProtocol.java/getStateOrBuilder;4.2.0;5;2;1;0;0;1;1;0;1;0;0;0;0;0;No
Bookkeeper;/home/denni/isw2/bookkeeper/hedwig-protocol/src/main/java/org/apache/hedwig/protocol/PubSubProtocol.java/hasPreferences;4.2.0;2;1;0;0;0;0;1;0;1;0;0;0;0;0;No
Bookkeeper;/home/denni/isw2/bookkeeper/hedwig-protocol/src/main/java/org/apache/hedwig/protocol/PubSubProtocol.java/getPreferences;4.2.0;5;2;1;0;0;1;1;0;1;2;3;0;3;1;Yes
Bookkeeper;/home/denni/isw2/bookkeeper/hedwig-protocol/src/main/java/org/apache/hedwig/protocol/PubSubProtocol.java/setPreferences;4.2.0;10;3;3;0;1;2;3;0;1;2;4;0;4;1;Yes
Bookkeeper;/home/denni/isw2/bookkeeper/hedwig-protocol/src/main/java/org/apache/hedwig/protocol/PubSubProtocol.java/getPreferencesOrBuilder;4.2.0;5;2;1;0;0;1;1;0;1;0;0;0;0;0;No
Bookkeeper;/home/denni/isw2/bookkeeper/hedwig-protocol/src/main/java/org/apache/hedwig/protocol/PubSubProtocol.java/hasLedgerId;4.2.0;2;1;0;0;0;0;1;0;1;1;2;0;2;1;Yes
Bookkeeper;/home/denni/isw2/bookkeeper/hedwig-protocol/src/main/java/org/apache/hedwig/protocol/PubSubProtocol.java/getLedgerId;4.2.0;2;1;0;0;0;0;1;0;1;1;2;0;2;1;Yes
Bookkeeper;/home/denni/isw2/bookkeeper/hedwig-protocol/src/main/java/org/apache/hedwig/protocol/PubSubProtocol.java/hasEndSeqIdIncluded;4.2.0;2;1;0;0;0;0;1;0;1;0;0;0;0;0;No
Bookkeeper;/home/denni/isw2/bookkeeper/hedwig-protocol/src/main/java/org/apache/hedwig/protocol/PubSubProtocol.java/getEndSeqIdIncluded;4.2.0;2;1;0;0;0;0;1;0;1;0;0;0;0;0;No
Bookkeeper;/home/denni/isw2/bookkeeper/hedwig-protocol/src/main/java/org/apache/hedwig/protocol/PubSubProtocol.java/getEndSeqIdIncludedOrBuilder;4.2.0;2;1;0;0;0;0;1;0;1;0;0;0;0;0;No
Bookkeeper;/home/denni/isw2/bookkeeper/hedwig-protocol/src/main/java/org/apache/hedwig/protocol/PubSubProtocol.java/hasStartSeqIdIncluded;4.2.0;2;1;0;0;0;0;1;0;1;0;0;0;0;0;No
Bookkeeper;/home/denni/isw2/bookkeeper/hedwig-protocol/src/main/java/org/apache/hedwig/protocol/PubSubProtocol.java/getStartSeqIdIncluded;4.2.0;2;1;0;0;0;0;1;0;1;0;0;0;0;0;No
Bookkeeper;/home/denni/isw2/bookkeeper/hedwig-protocol/src/main/java/org/apache/hedwig/protocol/PubSubProtocol.java/isInitialized;4.2.0;13;5;5;0;0;2;6;1;1;0;0;0;0;0;No
Bookkeeper;/home/denni/isw2/bookkeeper/hedwig-protocol/src/main/java/org/apache/hedwig/protocol/PubSubProtocol.java/maybeForceBuilderInitialization;4.2.0;3;2;1;0;0;1;1;0;1;0;0;0;0;0;No
Bookkeeper;/home/denni/isw2/bookkeeper/hedwig-protocol/src/main/java/org/apache/hedwig/protocol/PubSubProtocol.java/create;4.2.0;2;1;0;0;0;0;1;0;1;0;0;0;0;0;No
Bookkeeper;/home/denni/isw2/bookkeeper/hedwig-protocol/src/main/java/org/apache/hedwig/protocol/PubSubProtocol.java/clone;4.2.0;2;1;0;0;0;0;1;0;1;0;0;0;0;0;No
Bookkeeper;/home/denni/isw2/bookkeeper/hedwig-protocol/src/main/java/org/apache/hedwig/protocol/PubSubProtocol.java/buildParsed;4.2.0;5;2;1;0;0;1;3;1;1;0;0;0;0;0;No
Bookkeeper;/home/denni/isw2/bookkeeper/hedwig-protocol/src/main/java/org/apache/hedwig/protocol/PubSubProtocol.java/buildPartial;4.2.0;19;5;4;0;0;1;12;3;1;0;0;0;0;0;No
Bookkeeper;/home/denni/isw2/bookkeeper/hedwig-protocol/src/main/java/org/apache/hedwig/protocol/PubSubProtocol.java/isInitialized;4.2.0;7;4;4;0;0;2;3;0;1;0;0;0;0;0;No
Bookkeeper;/home/denni/isw2/bookkeeper/hedwig-protocol/src/main/java/org/apache/hedwig/protocol/PubSubProtocol.java/mergeFrom;4.2.0;30;9;6;0;2;3;2;3;1;1;5;0;5;1;Yes
Bookkeeper;/home/denni/isw2/bookkeeper/hedwig-protocol/src/main/java/org/apache/hedwig/protocol/PubSubProtocol.java/hasLedgerId;4.2.0;2;1;0;0;0;0;1;0;1;0;0;0;0;0;No
Bookkeeper;/home/denni/isw2/bookkeeper/hedwig-protocol/src/main/java/org/apache/hedwig/protocol/PubSubProtocol.java/getLedgerId;4.2.0;2;1;0;0;0;0;1;0;1;0;0;0;0;0;No
Bookkeeper;/home/denni/isw2/bookkeeper/hedwig-protocol/src/main/java/org/apache/hedwig/protocol/PubSubProtocol.java/hasEndSeqIdIncluded;4.2.0;2;1;0;0;0;0;1;0;1;0;0;0;0;0;No
Bookkeeper;/home/denni/isw2/bookkeeper/hedwig-protocol/src/main/java/org/apache/hedwig/protocol/PubSubProtocol.java/getEndSeqIdIncluded;4.2.0;5;2;1;0;0;1;1;0;1;0;0;0;0;0;No
Bookkeeper;/home/denni/isw2/bookkeeper/hedwig-protocol/src/main/java/org/apache/hedwig/protocol/PubSubProtocol.java/setEndSeqIdIncluded;4.2.0;10;3;3;0;1;2;3;0;1;0;0;0;0;0;No
Bookkeeper;/home/denni/isw2/bookkeeper/hedwig-protocol/src/main/java/org/apache/hedwig/protocol/PubSubProtocol.java/getEndSeqIdIncludedOrBuilder;4.2.0;5;2;1;0;0;1;1;0;1;0;0;0;0;0;No
Bookkeeper;/home/denni/isw2/bookkeeper/hedwig-protocol/src/main/java/org/apache/hedwig/protocol/PubSubProtocol.java/hasStartSeqIdIncluded;4.2.0;2;1;0;0;0;0;1;0;1;1;2;0;2;1;Yes
Bookkeeper;/home/denni/isw2/bookkeeper/hedwig-protocol/src/main/java/org/apache/hedwig/protocol/PubSubProtocol.java/getStartSeqIdIncluded;4.2.0;2;1;0;0;0;0;1;0;1;1;2;0;2;1;Yes
Bookkeeper;/home/denni/isw2/bookkeeper/hedwig-protocol/src/main/java/org/apache/hedwig/protocol/PubSubProtocol.java/getRangesList;4.2.0;2;1;0;0;0;0;1;0;2;1;1;0;1;1;Yes
Bookkeeper;/home/denni/isw2/bookkeeper/hedwig-protocol/src/main/java/org/apache/hedwig/protocol/PubSubProtocol.java/getRangesOrBuilderList;4.2.0;2;1;0;0;0;0;1;0;2;0;0;0;0;0;No
Bookkeeper;/home/denni/isw2/bookkeeper/hedwig-protocol/src/main/java/org/apache/hedwig/protocol/PubSubProtocol.java/getRangesCount;4.2.0;2;1;0;0;0;0;1;0;1;0;0;0;0;0;No
Bookkeeper;/home/denni/isw2/bookkeeper/hedwig-protocol/src/main/java/org/apache/hedwig/protocol/PubSubProtocol.java/getRanges;4.2.0;2;1;0;0;1;0;1;0;1;0;0;0;0;0;No
Bookkeeper;/home/denni/isw2/bookkeeper/hedwig-protocol/src/main/java/org/apache/hedwig/protocol/PubSubProtocol.java/getRangesOrBuilder;4.2.0;2;1;0;0;1;0;1;0;1;0;0;0;0;0;No
Bookkeeper;/home/denni/isw2/bookkeeper/hedwig-protocol/src/main/java/org/apache/hedwig/protocol/PubSubProtocol.java/writeTo;4.2.0;5;2;1;0;1;1;3;1;1;1;2;0;2;1;Yes
Bookkeeper;/home/denni/isw2/bookkeeper/hedwig-protocol/src/main/java/org/apache/hedwig/protocol/PubSubProtocol.java/getSerializedSize;4.2.0;10;3;2;0;0;1;7;2;1;1;2;0;2;1;Yes
Bookkeeper;/home/denni/isw2/bookkeeper/hedwig-protocol/src/main/java/org/apache/hedwig/protocol/PubSubProtocol.java/maybeForceBuilderInitialization;4.2.0;3;2;1;0;0;1;1;0;1;0;0;0;0;0;No
Bookkeeper;/home/denni/isw2/bookkeeper/hedwig-protocol/src/main/java/org/apache/hedwig/protocol/PubSubProtocol.java/create;4.2.0;2;1;0;0;0;0;1;0;1;0;0;0;0;0;No
Bookkeeper;/home/denni/isw2/bookkeeper/hedwig-protocol/src/main/java/org/apache/hedwig/protocol/PubSubProtocol.java/clone;4.2.0;2;1;0;0;0;0;1;0;1;0;0;0;0;0;No
Bookkeeper;/home/denni/isw2/bookkeeper/hedwig-protocol/src/main/java/org/apache/hedwig/protocol/PubSubProtocol.java/buildParsed;4.2.0;5;2;1;0;0;1;3;1;1;0;0;0;0;0;No
Bookkeeper;/home/denni/isw2/bookkeeper/hedwig-protocol/src/main/java/org/apache/hedwig/protocol/PubSubProtocol.java/buildPartial;4.2.0;12;3;3;0;0;2;5;2;1;0;0;0;0;0;No
Bookkeeper;/home/denni/isw2/bookkeeper/hedwig-protocol/src/main/java/org/apache/hedwig/protocol/PubSubProtocol.java/mergeFrom;4.2.0;24;8;9;0;1;3;4;0;1;0;0;0;0;0;No
Bookkeeper;/home/denni/isw2/bookkeeper/hedwig-protocol/src/main/java/org/apache/hedwig/protocol/PubSubProtocol.java/mergeFrom;4.2.0;20;6;5;0;2;3;2;3;1;0;0;0;0;0;No
Bookkeeper;/home/denni/isw2/bookkeeper/hedwig-protocol/src/main/java/org/apache/hedwig/protocol/PubSubProtocol.java/ensureRangesIsMutable;4.2.0;4;2;1;0;0;1;1;0;1;0;0;0;0;0;No
Bookkeeper;/home/denni/isw2/bookkeeper/hedwig-protocol/src/main/java/org/apache/hedwig/protocol/PubSubProtocol.java/getRangesList;4.2.0;5;2;1;0;0;1;1;0;2;0;0;0;0;0;No
Bookkeeper;/home/denni/isw2/bookkeeper/hedwig-protocol/src/main/java/org/apache/hedwig/protocol/PubSubProtocol.java/getRangesCount;4.2.0;5;2;1;0;0;1;1;0;1;0;0;0;0;0;No
Bookkeeper;/home/denni/isw2/bookkeeper/hedwig-protocol/src/main/java/org/apache/hedwig/protocol/PubSubProtocol.java/getRanges;4.2.0;5;2;1;0;1;1;1;0;1;0;0;0;0;0;No
Bookkeeper;/home/denni/isw2/bookkeeper/hedwig-protocol/src/main/java/org/apache/hedwig/protocol/PubSubProtocol.java/setRanges;4.2.0;10;3;3;0;2;2;2;0;1;0;0;0;0;0;No
Bookkeeper;/home/denni/isw2/bookkeeper/hedwig-protocol/src/main/java/org/apache/hedwig/protocol/PubSubProtocol.java/addRanges;4.2.0;10;3;3;0;1;2;2;0;1;0;0;0;0;0;No
Bookkeeper;/home/denni/isw2/bookkeeper/hedwig-protocol/src/main/java/org/apache/hedwig/protocol/PubSubProtocol.java/addRanges;4.2.0;10;3;3;0;2;2;2;0;1;0;0;0;0;0;No
Bookkeeper;/home/denni/isw2/bookkeeper/hedwig-protocol/src/main/java/org/apache/hedwig/protocol/PubSubProtocol.java/getRangesOrBuilder;4.2.0;5;2;1;0;1;1;1;0;1;0;0;0;0;0;No
Bookkeeper;/home/denni/isw2/bookkeeper/hedwig-protocol/src/main/java/org/apache/hedwig/protocol/PubSubProtocol.java/getRangesOrBuilderList;4.2.0;5;2;1;0;0;1;1;0;2;0;0;0;0;0;No
Bookkeeper;/home/denni/isw2/bookkeeper/hedwig-protocol/src/main/java/org/apache/hedwig/protocol/PubSubProtocol.java/hasManagerImpl;4.2.0;2;1;0;0;0;0;1;0;1;1;2;0;2;1;Yes
Bookkeeper;/home/denni/isw2/bookkeeper/hedwig-protocol/src/main/java/org/apache/hedwig/protocol/PubSubProtocol.java/getManagerImpl;4.2.0;10;3;3;0;0;2;2;3;1;1;11;0;11;1;Yes
Bookkeeper;/home/denni/isw2/bookkeeper/hedwig-protocol/src/main/java/org/apache/hedwig/protocol/PubSubProtocol.java/hasManagerVersion;4.2.0;2;1;0;0;0;0;1;0;1;0;0;0;0;0;No
Bookkeeper;/home/denni/isw2/bookkeeper/hedwig-protocol/src/main/java/org/apache/hedwig/protocol/PubSubProtocol.java/getManagerVersion;4.2.0;2;1;0;0;0;0;1;0;1;0;0;0;0;0;No
Bookkeeper;/home/denni/isw2/bookkeeper/hedwig-protocol/src/main/java/org/apache/hedwig/protocol/PubSubProtocol.java/maybeForceBuilderInitialization;4.2.0;2;2;1;0;0;1;1;0;1;1;3;0;3;1;Yes
Bookkeeper;/home/denni/isw2/bookkeeper/hedwig-protocol/src/main/java/org/apache/hedwig/protocol/PubSubProtocol.java/create;4.2.0;2;1;0;0;0;0;1;0;1;2;3;0;3;1;Yes
Bookkeeper;/home/denni/isw2/bookkeeper/hedwig-protocol/src/main/java/org/apache/hedwig/protocol/PubSubProtocol.java/clone;4.2.0;2;1;0;0;0;0;1;0;1;1;2;0;2;1;Yes
Bookkeeper;/home/denni/isw2/bookkeeper/hedwig-protocol/src/main/java/org/apache/hedwig/protocol/PubSubProtocol.java/buildParsed;4.2.0;5;2;1;0;0;1;3;1;1;1;8;0;8;1;Yes
Bookkeeper;/home/denni/isw2/bookkeeper/hedwig-protocol/src/main/java/org/apache/hedwig/protocol/PubSubProtocol.java/buildPartial;4.2.0;13;3;2;0;0;1;10;3;1;1;10;0;10;1;Yes
Bookkeeper;/home/denni/isw2/bookkeeper/hedwig-protocol/src/main/java/org/apache/hedwig/protocol/PubSubProtocol.java/isInitialized;4.2.0;6;3;2;0;0;1;3;0;1;0;0;0;0;0;No
Bookkeeper;/home/denni/isw2/bookkeeper/hedwig-protocol/src/main/java/org/apache/hedwig/protocol/PubSubProtocol.java/mergeFrom;4.2.0;23;7;5;0;2;3;2;2;1;2;56;28;84;2;Yes
Bookkeeper;/home/denni/isw2/bookkeeper/hedwig-protocol/src/main/java/org/apache/hedwig/protocol/PubSubProtocol.java/hasManagerImpl;4.2.0;2;1;0;0;0;0;1;0;1;2;4;2;6;2;Yes
Bookkeeper;/home/denni/isw2/bookkeeper/hedwig-protocol/src/main/java/org/apache/hedwig/protocol/PubSubProtocol.java/getManagerImpl;4.2.0;8;2;1;0;0;1;2;2;1;3;19;9;28;2;Yes
Bookkeeper;/home/denni/isw2/bookkeeper/hedwig-protocol/src/main/java/org/apache/hedwig/protocol/PubSubProtocol.java/setManagerImpl;4.2.0;7;2;1;0;1;1;5;0;1;2;16;8;24;2;Yes
Bookkeeper;/home/denni/isw2/bookkeeper/hedwig-protocol/src/main/java/org/apache/hedwig/protocol/PubSubProtocol.java/hasManagerVersion;4.2.0;2;1;0;0;0;0;1;0;1;0;0;0;0;0;No
Bookkeeper;/home/denni/isw2/bookkeeper/hedwig-protocol/src/main/java/org/apache/hedwig/protocol/PubSubProtocol.java/getManagerVersion;4.2.0;2;1;0;0;0;0;1;0;1;0;0;0;0;0;No
Bookkeeper;/home/denni/isw2/bookkeeper/hedwig-protocol/src/main/java/org/apache/hedwig/protocol/PubSubProtocol.java/hasHostname;4.2.0;2;1;0;0;0;0;1;0;1;2;2;1;3;2;Yes
Bookkeeper;/home/denni/isw2/bookkeeper/hedwig-protocol/src/main/java/org/apache/hedwig/protocol/PubSubProtocol.java/getHostname;4.2.0;10;3;3;0;0;2;2;3;1;0;0;0;0;0;No
Bookkeeper;/home/denni/isw2/bookkeeper/hedwig-protocol/src/main/java/org/apache/hedwig/protocol/PubSubProtocol.java/hasCzxid;4.2.0;2;1;0;0;0;0;1;0;1;0;0;0;0;0;No
Bookkeeper;/home/denni/isw2/bookkeeper/hedwig-protocol/src/main/java/org/apache/hedwig/protocol/PubSubProtocol.java/getCzxid;4.2.0;2;1;0;0;0;0;1;0;1;0;0;0;0;0;No
Bookkeeper;/home/denni/isw2/bookkeeper/hedwig-protocol/src/main/java/org/apache/hedwig/protocol/PubSubProtocol.java/maybeForceBuilderInitialization;4.2.0;2;2;1;0;0;1;1;0;1;0;0;0;0;0;No
Bookkeeper;/home/denni/isw2/bookkeeper/hedwig-protocol/src/main/java/org/apache/hedwig/protocol/PubSubProtocol.java/create;4.2.0;2;1;0;0;0;0;1;0;1;0;0;0;0;0;No
Bookkeeper;/home/denni/isw2/bookkeeper/hedwig-protocol/src/main/java/org/apache/hedwig/protocol/PubSubProtocol.java/clone;4.2.0;2;1;0;0;0;0;1;0;1;0;0;0;0;0;No
Bookkeeper;/home/denni/isw2/bookkeeper/hedwig-protocol/src/main/java/org/apache/hedwig/protocol/PubSubProtocol.java/buildParsed;4.2.0;5;2;1;0;0;1;3;1;1;0;0;0;0;0;No
Bookkeeper;/home/denni/isw2/bookkeeper/hedwig-protocol/src/main/java/org/apache/hedwig/protocol/PubSubProtocol.java/buildPartial;4.2.0;13;3;2;0;0;1;10;3;1;0;0;0;0;0;No
Bookkeeper;/home/denni/isw2/bookkeeper/hedwig-protocol/src/main/java/org/apache/hedwig/protocol/PubSubProtocol.java/isInitialized;4.2.0;6;3;2;0;0;1;3;0;1;0;0;0;0;0;No
Bookkeeper;/home/denni/isw2/bookkeeper/hedwig-protocol/src/main/java/org/apache/hedwig/protocol/PubSubProtocol.java/mergeFrom;4.2.0;23;7;5;0;2;3;2;2;1;0;0;0;0;0;No
Bookkeeper;/home/denni/isw2/bookkeeper/hedwig-protocol/src/main/java/org/apache/hedwig/protocol/PubSubProtocol.java/hasHostname;4.2.0;2;1;0;0;0;0;1;0;1;0;0;0;0;0;No
Bookkeeper;/home/denni/isw2/bookkeeper/hedwig-protocol/src/main/java/org/apache/hedwig/protocol/PubSubProtocol.java/getHostname;4.2.0;8;2;1;0;0;1;2;2;1;0;0;0;0;0;No
Bookkeeper;/home/denni/isw2/bookkeeper/hedwig-protocol/src/main/java/org/apache/hedwig/protocol/PubSubProtocol.java/setHostname;4.2.0;7;2;1;0;1;1;5;0;1;1;1;0;1;1;Yes
Bookkeeper;/home/denni/isw2/bookkeeper/hedwig-protocol/src/main/java/org/apache/hedwig/protocol/PubSubProtocol.java/hasCzxid;4.2.0;2;1;0;0;0;0;1;0;1;1;2;0;2;1;Yes
Bookkeeper;/home/denni/isw2/bookkeeper/hedwig-protocol/src/main/java/org/apache/hedwig/protocol/PubSubProtocol.java/getCzxid;4.2.0;2;1;0;0;0;0;1;0;1;1;2;0;2;1;Yes
Bookkeeper;/home/denni/isw2/bookkeeper/hedwig-protocol/src/main/java/org/apache/hedwig/protocol/PubSubProtocol.java/hasNumTopics;4.2.0;2;1;0;0;0;0;1;0;1;0;0;0;0;0;No
Bookkeeper;/home/denni/isw2/bookkeeper/hedwig-protocol/src/main/java/org/apache/hedwig/protocol/PubSubProtocol.java/getNumTopics;4.2.0;2;1;0;0;0;0;1;0;1;0;0;0;0;0;No
Bookkeeper;/home/denni/isw2/bookkeeper/hedwig-protocol/src/main/java/org/apache/hedwig/protocol/PubSubProtocol.java/maybeForceBuilderInitialization;4.2.0;2;2;1;0;0;1;1;0;1;1;1;0;1;1;Yes
Bookkeeper;/home/denni/isw2/bookkeeper/hedwig-protocol/src/main/java/org/apache/hedwig/protocol/PubSubProtocol.java/create;4.2.0;2;1;0;0;0;0;1;0;1;0;0;0;0;0;No
Bookkeeper;/home/denni/isw2/bookkeeper/hedwig-protocol/src/main/java/org/apache/hedwig/protocol/PubSubProtocol.java/clone;4.2.0;2;1;0;0;0;0;1;0;1;1;1;0;1;1;Yes
Bookkeeper;/home/denni/isw2/bookkeeper/hedwig-protocol/src/main/java/org/apache/hedwig/protocol/PubSubProtocol.java/buildParsed;4.2.0;5;2;1;0;0;1;3;1;1;1;1;0;1;1;Yes
Bookkeeper;/home/denni/isw2/bookkeeper/hedwig-protocol/src/main/java/org/apache/hedwig/protocol/PubSubProtocol.java/isInitialized;4.2.0;4;2;1;0;0;1;2;0;1;0;0;0;0;0;No
Bookkeeper;/home/denni/isw2/bookkeeper/hedwig-protocol/src/main/java/org/apache/hedwig/protocol/PubSubProtocol.java/mergeFrom;4.2.0;19;6;5;0;2;3;2;2;1;1;1;0;1;1;Yes
Bookkeeper;/home/denni/isw2/bookkeeper/hedwig-protocol/src/main/java/org/apache/hedwig/protocol/PubSubProtocol.java/hasNumTopics;4.2.0;2;1;0;0;0;0;1;0;1;0;0;0;0;0;No
Bookkeeper;/home/denni/isw2/bookkeeper/hedwig-protocol/src/main/java/org/apache/hedwig/protocol/PubSubProtocol.java/getNumTopics;4.2.0;2;1;0;0;0;0;1;0;1;0;0;0;0;0;No
Bookkeeper;/home/denni/isw2/bookkeeper/bookkeeper-benchmark/src/main/java/org/apache/bookkeeper/benchmark/MySqlClient.java/main;4.2.0;26;5;5;0;1;2;4;3;1;2;20;2;22;2;Yes
Bookkeeper;/home/denni/isw2/bookkeeper/bookkeeper-benchmark/src/main/java/org/apache/bookkeeper/benchmark/MySqlClient.java/writeSameEntryBatch;4.2.0;17;2;1;0;2;1;10;2;1;2;14;1;15;2;Yes
Bookkeeper;/home/denni/isw2/bookkeeper/bookkeeper-benchmark/src/main/java/org/apache/bookkeeper/benchmark/MySqlClient.java/writeSameEntry;4.2.0;9;2;1;0;2;1;7;2;1;2;11;1;12;2;Yes
Bookkeeper;/home/denni/isw2/bookkeeper/bookkeeper-benchmark/src/main/java/org/apache/bookkeeper/benchmark/BenchReadThroughputLatency.java/compare;4.2.0;10;3;3;0;2;2;1;2;1;0;0;0;0;0;No
Bookkeeper;/home/denni/isw2/bookkeeper/bookkeeper-benchmark/src/main/java/org/apache/bookkeeper/benchmark/BenchReadThroughputLatency.java/readLedger;4.2.0;51;12;15;0;3;5;9;14;1;1;14;9;23;1;No
Bookkeeper;/home/denni/isw2/bookkeeper/bookkeeper-benchmark/src/main/java/org/apache/bookkeeper/benchmark/BenchReadThroughputLatency.java/main;4.2.0;89;17;22;0;1;7;24;20;1;2;10;4;14;2;Yes
Bookkeeper;/home/denni/isw2/bookkeeper/bookkeeper-benchmark/src/main/java/org/apache/bookkeeper/benchmark/BenchReadThroughputLatency.java/process;4.2.0;3;2;1;0;1;1;1;0;1;0;0;0;0;0;No
Bookkeeper;/home/denni/isw2/bookkeeper/bookkeeper-benchmark/src/main/java/org/apache/bookkeeper/benchmark/BenchReadThroughputLatency.java/process;4.2.0;33;10;14;0;1;6;1;7;1;1;2;1;3;1;No
Bookkeeper;/home/denni/isw2/bookkeeper/bookkeeper-benchmark/src/main/java/org/apache/bookkeeper/benchmark/BenchReadThroughputLatency.java/run;4.2.0;2;1;0;0;0;0;1;0;1;1;1;0;1;1;No
Bookkeeper;/home/denni/isw2/bookkeeper/bookkeeper-benchmark/src/main/java/org/apache/bookkeeper/benchmark/TestClient.java/main;4.2.0;116;24;27;0;1;5;26;41;1;7;188;199;387;4;Yes
Bookkeeper;/home/denni/isw2/bookkeeper/bookkeeper-benchmark/src/main/java/org/apache/bookkeeper/benchmark/TestClient.java/run;4.2.0;3;1;0;0;0;0;2;0;1;3;3;2;5;2;No
Bookkeeper;/home/denni/isw2/bookkeeper/bookkeeper-benchmark/src/main/java/org/apache/bookkeeper/benchmark/TestClient.java/call;4.2.0;18;3;3;0;0;2;1;5;1;3;30;6;36;2;No
Bookkeeper;/home/denni/isw2/bookkeeper/bookkeeper-benchmark/src/main/java/org/apache/bookkeeper/benchmark/TestClient.java/call;4.2.0;18;3;3;0;0;2;1;5;1;1;22;0;22;1;No
Bookkeeper;/home/denni/isw2/bookkeeper/bookkeeper-benchmark/src/main/java/org/apache/bookkeeper/benchmark/TestClient.java/call;4.2.0;24;6;7;0;0;3;1;5;1;1;31;0;31;1;No
Bookkeeper;/home/denni/isw2/bookkeeper/bookkeeper-benchmark/src/main/java/org/apache/bookkeeper/benchmark/TestClient.java/addComplete;4.2.0;5;2;1;0;4;1;2;0;1;1;6;0;6;1;No
Bookkeeper;/home/denni/isw2/bookkeeper/bookkeeper-benchmark/src/main/java/org/apache/bookkeeper/benchmark/BenchThroughputLatency.java/setEntryData;4.2.0;2;1;0;0;1;0;1;0;1;0;0;0;0;0;No
Bookkeeper;/home/denni/isw2/bookkeeper/bookkeeper-benchmark/src/main/java/org/apache/bookkeeper/benchmark/BenchThroughputLatency.java/run;4.2.0;51;11;12;0;0;3;14;10;1;2;11;7;18;2;No
Bookkeeper;/home/denni/isw2/bookkeeper/bookkeeper-benchmark/src/main/java/org/apache/bookkeeper/benchmark/BenchThroughputLatency.java/run;4.2.0;7;3;3;0;0;2;1;0;1;2;1;0;1;2;No
Bookkeeper;/home/denni/isw2/bookkeeper/bookkeeper-benchmark/src/main/java/org/apache/bookkeeper/benchmark/BenchThroughputLatency.java/addComplete;4.2.0;10;2;1;0;4;1;6;2;1;1;4;0;4;1;No
Bookkeeper;/home/denni/isw2/bookkeeper/bookkeeper-benchmark/src/main/java/org/apache/bookkeeper/benchmark/BenchThroughputLatency.java/main;4.2.0;118;16;17;0;1;3;73;37;1;5;73;29;102;3;Yes
Bookkeeper;/home/denni/isw2/bookkeeper/bookkeeper-benchmark/src/main/java/org/apache/bookkeeper/benchmark/BenchThroughputLatency.java/run;4.2.0;3;1;0;0;0;0;2;0;1;0;0;0;0;0;No
Bookkeeper;/home/denni/isw2/bookkeeper/bookkeeper-benchmark/src/main/java/org/apache/bookkeeper/benchmark/BenchThroughputLatency.java/warmUp;4.2.0;27;4;4;0;6;2;12;7;1;3;4;3;7;3;Yes
Bookkeeper;/home/denni/isw2/bookkeeper/bookkeeper-benchmark/src/main/java/org/apache/bookkeeper/benchmark/BenchBookie.java/writeComplete;4.2.0;6;2;1;0;5;1;3;0;1;0;0;0;0;0;No
Bookkeeper;/home/denni/isw2/bookkeeper/bookkeeper-benchmark/src/main/java/org/apache/bookkeeper/benchmark/BenchBookie.java/writeComplete;4.2.0;6;3;2;0;5;1;3;0;1;0;0;0;0;0;No
Bookkeeper;/home/denni/isw2/bookkeeper/bookkeeper-benchmark/src/main/java/org/apache/bookkeeper/benchmark/BenchBookie.java/waitFor;4.2.0;5;2;1;0;1;1;2;0;1;0;0;0;0;0;No
Bookkeeper;/home/denni/isw2/bookkeeper/bookkeeper-benchmark/src/main/java/org/apache/bookkeeper/benchmark/BenchBookie.java/getValidLedgerId;4.2.0;14;3;3;0;1;2;4;3;1;1;15;0;15;1;No
Bookkeeper;/home/denni/isw2/bookkeeper/bookkeeper-benchmark/src/main/java/org/apache/bookkeeper/benchmark/BenchBookie.java/main;4.2.0;74;5;4;0;1;1;43;25;1;2;26;9;35;1;No
Bookkeeper;/home/denni/isw2/bookkeeper/hedwig-client/src/main/java/org/apache/hedwig/client/netty/HedwigSubscriber.java/subUnsub;4.2.0;31;11;15;0;4;6;3;4;1;6;41;14;55;3;Yes
Bookkeeper;/home/denni/isw2/bookkeeper/hedwig-client/src/main/java/org/apache/hedwig/client/netty/HedwigSubscriber.java/asyncSubUnsub;4.2.0;12;5;5;0;6;2;4;3;1;5;26;7;33;3;Yes
Bookkeeper;/home/denni/isw2/bookkeeper/hedwig-client/src/main/java/org/apache/hedwig/client/netty/HedwigSubscriber.java/isValidSubscriberId;4.2.0;5;2;1;0;2;1;1;0;1;1;5;0;5;1;Yes
Bookkeeper;/home/denni/isw2/bookkeeper/hedwig-client/src/main/java/org/apache/hedwig/client/netty/HedwigSubscriber.java/startDeliveryWithFilter;4.2.0;7;2;1;0;4;1;5;1;1;6;19;3;22;3;Yes
Bookkeeper;/home/denni/isw2/bookkeeper/hedwig-client/src/main/java/org/apache/hedwig/client/netty/HedwigSubscriber.java/closeSubscription;4.2.0;11;4;4;0;2;2;2;2;1;1;2;0;2;1;Yes
Bookkeeper;/home/denni/isw2/bookkeeper/hedwig-client/src/main/java/org/apache/hedwig/client/netty/impl/HChannelHandler.java/messageReceived;4.2.0;37;10;11;0;2;3;12;6;1;1;21;0;21;1;Yes
Bookkeeper;/home/denni/isw2/bookkeeper/hedwig-client/src/main/java/org/apache/hedwig/client/netty/impl/HChannelHandler.java/checkTimeoutRequest;4.2.0;5;2;1;0;3;1;1;0;1;0;0;0;0;0;Yes
Bookkeeper;/home/denni/isw2/bookkeeper/hedwig-client/src/main/java/org/apache/hedwig/client/netty/impl/HChannelHandler.java/channelDisconnected;4.2.0;16;5;4;0;2;1;7;2;1;0;0;0;0;0;Yes
Bookkeeper;/home/denni/isw2/bookkeeper/hedwig-client/src/main/java/org/apache/hedwig/client/netty/impl/HChannelHandler.java/exceptionCaught;4.2.0;4;1;0;0;2;0;2;0;1;0;0;0;0;0;No
Bookkeeper;/home/denni/isw2/bookkeeper/hedwig-client/src/main/java/org/apache/hedwig/client/netty/impl/AbstractHChannelManager.java/submitOpAfterDelay;4.2.0;15;2;2;0;2;2;2;0;1;0;0;0;0;0;Yes
Bookkeeper;/home/denni/isw2/bookkeeper/hedwig-client/src/main/java/org/apache/hedwig/client/netty/impl/AbstractHChannelManager.java/run;4.2.0;4;1;0;0;0;0;2;0;1;0;0;0;0;0;Yes
Bookkeeper;/home/denni/isw2/bookkeeper/hedwig-client/src/main/java/org/apache/hedwig/client/netty/impl/AbstractHChannelManager.java/redirectToHost;4.2.0;15;5;5;0;2;2;5;1;1;0;0;0;0;0;Yes
Bookkeeper;/home/denni/isw2/bookkeeper/hedwig-client/src/main/java/org/apache/hedwig/client/netty/impl/AbstractHChannelManager.java/submitOpThruChannel;4.2.0;8;2;1;0;2;1;4;1;1;0;0;0;0;0;Yes
Bookkeeper;/home/denni/isw2/bookkeeper/hedwig-client/src/main/java/org/apache/hedwig/client/netty/impl/AbstractHChannelManager.java/submitOpToDefaultServer;4.2.0;4;1;0;0;1;0;2;0;1;0;0;0;0;0;Yes
Bookkeeper;/home/denni/isw2/bookkeeper/hedwig-client/src/main/java/org/apache/hedwig/client/netty/impl/AbstractHChannelManager.java/onNonSubscriptionChannelDisconnected;4.2.0;18;4;3;0;2;1;6;2;1;0;0;0;0;0;Yes
Bookkeeper;/home/denni/isw2/bookkeeper/hedwig-client/src/main/java/org/apache/hedwig/client/netty/impl/AbstractHChannelManager.java/sendConsumeRequest;4.2.0;10;2;1;0;3;1;4;2;1;0;0;0;0;0;Yes
Bookkeeper;/home/denni/isw2/bookkeeper/hedwig-client/src/main/java/org/apache/hedwig/client/netty/impl/AbstractHChannelManager.java/operationComplete;4.2.0;4;2;1;0;1;1;1;0;1;0;0;0;0;0;Yes
Bookkeeper;/home/denni/isw2/bookkeeper/hedwig-client/src/main/java/org/apache/hedwig/client/netty/impl/AbstractHChannelManager.java/storeTopic2HostMapping;4.2.0;32;7;7;0;2;2;6;3;1;0;0;0;0;0;Yes
Bookkeeper;/home/denni/isw2/bookkeeper/hedwig-client/src/main/java/org/apache/hedwig/client/netty/impl/AbstractHChannelManager.java/clearAllTopicsForHost;4.2.0;9;3;3;0;1;2;3;2;1;0;0;0;0;0;Yes
Bookkeeper;/home/denni/isw2/bookkeeper/hedwig-client/src/main/java/org/apache/hedwig/client/netty/impl/AbstractHChannelManager.java/clearHostForTopic;4.2.0;13;5;6;0;2;3;4;2;1;0;0;0;0;0;Yes
Bookkeeper;/home/denni/isw2/bookkeeper/hedwig-client/src/main/java/org/apache/hedwig/client/netty/impl/ClientChannelPipelineFactory.java/getPipeline;4.2.0;10;2;1;0;0;1;8;1;1;0;0;0;0;0;Yes
Bookkeeper;/home/denni/isw2/bookkeeper/hedwig-client/src/main/java/org/apache/hedwig/client/netty/impl/AbstractSubscribeResponseHandler.java/handleResponse;4.2.0;48;13;12;0;3;5;2;8;1;2;18;19;37;1;Yes
Bookkeeper;/home/denni/isw2/bookkeeper/hedwig-client/src/main/java/org/apache/hedwig/client/netty/impl/AbstractSubscribeResponseHandler.java/handleSubscribeMessage;4.2.0;11;3;2;0;1;1;6;3;1;0;0;0;0;0;Yes
Bookkeeper;/home/denni/isw2/bookkeeper/hedwig-client/src/main/java/org/apache/hedwig/client/netty/impl/AbstractSubscribeResponseHandler.java/asyncMessageDeliver;4.2.0;7;2;1;0;2;1;3;1;1;0;0;0;0;0;Yes
Bookkeeper;/home/denni/isw2/bookkeeper/hedwig-client/src/main/java/org/apache/hedwig/client/netty/impl/AbstractSubscribeResponseHandler.java/messageConsumed;4.2.0;9;3;2;0;2;1;4;1;1;0;0;0;0;0;Yes
Bookkeeper;/home/denni/isw2/bookkeeper/hedwig-client/src/main/java/org/apache/hedwig/client/netty/impl/AbstractSubscribeResponseHandler.java/handleSubscriptionEvent;4.2.0;10;3;2;0;3;1;5;2;1;0;0;0;0;0;Yes
Bookkeeper;/home/denni/isw2/bookkeeper/hedwig-client/src/main/java/org/apache/hedwig/client/netty/impl/AbstractSubscribeResponseHandler.java/processSubscriptionEvent;4.2.0;8;4;1;0;2;1;1;0;1;0;0;0;0;0;Yes
Bookkeeper;/home/denni/isw2/bookkeeper/hedwig-client/src/main/java/org/apache/hedwig/client/netty/impl/AbstractSubscribeResponseHandler.java/consume;4.2.0;7;2;1;0;2;1;3;1;1;0;0;0;0;0;Yes
Bookkeeper;/home/denni/isw2/bookkeeper/hedwig-client/src/main/java/org/apache/hedwig/client/netty/impl/AbstractSubscribeResponseHandler.java/onDisconnect;4.2.0;3;1;0;0;2;0;2;0;1;0;0;0;0;0;Yes
Bookkeeper;/home/denni/isw2/bookkeeper/hedwig-client/src/main/java/org/apache/hedwig/client/netty/impl/DefaultServerChannel.java/submitOp;4.2.0;22;4;3;0;1;1;4;2;1;0;0;0;0;0;Yes
Bookkeeper;/home/denni/isw2/bookkeeper/hedwig-client/src/main/java/org/apache/hedwig/client/netty/impl/DefaultServerChannel.java/operationComplete;4.2.0;12;3;2;0;1;1;4;0;1;0;0;0;0;0;Yes
Bookkeeper;/home/denni/isw2/bookkeeper/hedwig-client/src/main/java/org/apache/hedwig/client/netty/impl/ActiveSubscriber.java/startDelivery;4.2.0;31;10;12;0;1;4;5;3;1;0;0;0;0;0;Yes
Bookkeeper;/home/denni/isw2/bookkeeper/hedwig-client/src/main/java/org/apache/hedwig/client/netty/impl/ActiveSubscriber.java/asyncMessageDeliver;4.2.0;13;3;2;0;1;1;3;0;1;0;0;0;0;0;Yes
Bookkeeper;/home/denni/isw2/bookkeeper/hedwig-client/src/main/java/org/apache/hedwig/client/netty/impl/ActiveSubscriber.java/updateLastMessageSeqId;4.2.0;10;3;2;0;1;1;5;0;1;0;0;0;0;0;Yes
Bookkeeper;/home/denni/isw2/bookkeeper/hedwig-client/src/main/java/org/apache/hedwig/client/netty/impl/ActiveSubscriber.java/consume;4.2.0;17;3;2;0;1;1;4;2;1;0;0;0;0;0;Yes
Bookkeeper;/home/denni/isw2/bookkeeper/hedwig-client/src/main/java/org/apache/hedwig/client/netty/impl/ActiveSubscriber.java/operationComplete;4.2.0;4;2;1;0;1;1;1;0;1;0;0;0;0;0;Yes
Bookkeeper;/home/denni/isw2/bookkeeper/hedwig-client/src/main/java/org/apache/hedwig/client/netty/impl/ActiveSubscriber.java/messageConsumed;4.2.0;12;4;5;0;1;3;1;0;1;0;0;0;0;0;Yes
Bookkeeper;/home/denni/isw2/bookkeeper/hedwig-client/src/main/java/org/apache/hedwig/client/netty/impl/ActiveSubscriber.java/resubscribeIfNecessary;4.2.0;21;4;3;0;1;1;10;2;1;1;1;0;1;1;Yes
Bookkeeper;/home/denni/isw2/bookkeeper/hedwig-client/src/main/java/org/apache/hedwig/client/netty/impl/WriteCallback.java/operationComplete;4.2.0;26;7;8;0;1;3;3;3;1;0;0;0;0;0;Yes
Bookkeeper;/home/denni/isw2/bookkeeper/hedwig-client/src/main/java/org/apache/hedwig/client/netty/impl/HChannelImpl.java/writePubSubRequest;4.2.0;12;3;3;0;2;2;5;1;1;0;0;0;0;0;Yes
Bookkeeper;/home/denni/isw2/bookkeeper/hedwig-client/src/main/java/org/apache/hedwig/client/netty/impl/HChannelImpl.java/retryOrFailOp;4.2.0;17;3;3;0;1;2;2;1;1;0;0;0;0;0;Yes
Bookkeeper;/home/denni/isw2/bookkeeper/hedwig-client/src/main/java/org/apache/hedwig/client/netty/impl/HChannelImpl.java/onChannelConnected;4.2.0;13;3;2;0;1;1;3;2;1;0;0;0;0;0;Yes
Bookkeeper;/home/denni/isw2/bookkeeper/hedwig-client/src/main/java/org/apache/hedwig/client/netty/impl/HChannelImpl.java/onChannelConnectFailure;4.2.0;9;2;1;0;0;1;3;2;1;0;0;0;0;0;Yes
Bookkeeper;/home/denni/isw2/bookkeeper/hedwig-client/src/main/java/org/apache/hedwig/client/netty/impl/simple/SimpleHChannelManager.java/onSubscriptionChannelDisconnected;4.2.0;8;2;2;0;2;2;2;1;1;0;0;0;0;0;Yes
Bookkeeper;/home/denni/isw2/bookkeeper/hedwig-client/src/main/java/org/apache/hedwig/client/netty/impl/simple/SimpleHChannelManager.java/startDelivery;4.2.0;15;6;7;0;3;3;5;2;1;0;0;0;0;0;Yes
Bookkeeper;/home/denni/isw2/bookkeeper/hedwig-client/src/main/java/org/apache/hedwig/client/netty/impl/simple/SimpleSubscribeResponseHandler.java/messageConsumed;4.2.0;8;3;3;0;1;2;3;0;1;1;16;0;16;1;Yes
Bookkeeper;/home/denni/isw2/bookkeeper/hedwig-client/src/main/java/org/apache/hedwig/client/netty/impl/simple/SimpleSubscribeResponseHandler.java/hasSubscription;4.2.0;5;2;1;0;1;1;2;0;1;1;6;0;6;1;Yes
Bookkeeper;/home/denni/isw2/bookkeeper/hedwig-client/src/main/java/org/apache/hedwig/client/netty/impl/simple/SimpleSubscribeResponseHandler.java/handleSubscribeMessage;4.2.0;8;2;1;0;1;1;4;2;1;1;5;10;15;1;Yes
Bookkeeper;/home/denni/isw2/bookkeeper/hedwig-client/src/main/java/org/apache/hedwig/client/netty/impl/multiplex/MultiplexSubscribeResponseHandler.java/asyncCloseSubscription;4.2.0;19;2;1;0;3;1;5;3;1;2;1;0;1;1;Yes
Bookkeeper;/home/denni/isw2/bookkeeper/hedwig-client/src/main/java/org/apache/hedwig/client/netty/impl/multiplex/MultiplexHChannelManager.java/onSubscriptionChannelDisconnected;4.2.0;15;5;6;0;2;3;6;3;1;0;0;0;0;0;Yes
Bookkeeper;/home/denni/isw2/bookkeeper/hedwig-client/src/main/java/org/apache/hedwig/client/netty/impl/multiplex/MultiplexHChannelManager.java/startDelivery;4.2.0;15;6;7;0;3;3;5;2;1;0;0;0;0;0;Yes
Bookkeeper;/home/denni/isw2/bookkeeper/hedwig-client/src/main/java/org/apache/hedwig/client/netty/impl/ResubscribeCallback.java/operationFinished;4.2.0;10;4;4;0;2;2;2;0;1;0;0;0;0;0;No
Bookkeeper;/home/denni/isw2/bookkeeper/hedwig-client/src/main/java/org/apache/hedwig/client/netty/impl/ResubscribeCallback.java/operationFailed;4.2.0;7;3;2;0;2;1;3;0;1;1;6;0;6;1;Yes
Bookkeeper;/home/denni/isw2/bookkeeper/hedwig-client/src/main/java/org/apache/hedwig/client/netty/impl/ResubscribeCallback.java/retrySubscribeRequest;4.2.0;6;2;1;0;0;1;4;0;1;0;0;0;0;0;No
Bookkeeper;/home/denni/isw2/bookkeeper/hedwig-client/src/main/java/org/apache/hedwig/client/netty/HedwigPublisher.java/publish;4.2.0;28;10;12;0;2;4;3;4;1;4;17;6;23;3;Yes
Bookkeeper;/home/denni/isw2/bookkeeper/hedwig-client/src/main/java/org/apache/hedwig/client/netty/NetUtils.java/buildPubSubRequest;4.2.0;35;7;4;0;2;2;11;1;1;2;7;0;7;2;Yes
Bookkeeper;/home/denni/isw2/bookkeeper/hedwig-client/src/main/java/org/apache/hedwig/client/netty/NetUtils.java/buildSubscribeRequest;4.2.0;11;2;1;0;1;1;9;2;1;0;0;0;0;0;Yes
Bookkeeper;/home/denni/isw2/bookkeeper/hedwig-client/src/main/java/org/apache/hedwig/client/handlers/MessageConsumeCallback.java/run;4.2.0;7;2;1;0;0;1;3;1;1;5;29;22;51;3;Yes
Bookkeeper;/home/denni/isw2/bookkeeper/hedwig-client/src/main/java/org/apache/hedwig/client/handlers/MessageConsumeCallback.java/operationFinished;4.2.0;7;2;1;0;2;1;4;2;1;4;24;17;41;3;Yes
Bookkeeper;/home/denni/isw2/bookkeeper/hedwig-client/src/main/java/org/apache/hedwig/client/handlers/PubSubCallback.java/operationFinished;4.2.0;7;1;0;0;2;0;2;0;1;2;2;2;4;1;Yes
Bookkeeper;/home/denni/isw2/bookkeeper/hedwig-client/src/main/java/org/apache/hedwig/client/handlers/PubSubCallback.java/operationFailed;4.2.0;7;1;0;0;2;0;2;0;1;1;1;2;3;1;Yes
Bookkeeper;/home/denni/isw2/bookkeeper/hedwig-client/src/main/java/org/apache/hedwig/client/handlers/UnsubscribeResponseHandler.java/handleResponse;4.2.0;19;6;1;0;3;1;1;0;1;4;19;19;38;3;Yes
Bookkeeper;/home/denni/isw2/bookkeeper/hedwig-client/src/main/java/org/apache/hedwig/client/handlers/PublishResponseHandler.java/handleResponse;4.2.0;16;6;2;0;3;1;1;0;1;4;13;14;27;3;Yes
Bookkeeper;/home/denni/isw2/bookkeeper/hedwig-client/src/main/java/org/apache/hedwig/client/handlers/AbstractResponseHandler.java/handleResponse;4.2.0;11;1;0;0;3;0;0;0;1;0;0;0;0;0;Yes
Bookkeeper;/home/denni/isw2/bookkeeper/hedwig-client/src/main/java/org/apache/hedwig/client/handlers/AbstractResponseHandler.java/handleRedirectResponse;4.2.0;49;9;9;0;3;2;13;7;1;0;0;0;0;0;Yes
Bookkeeper;/home/denni/isw2/bookkeeper/hedwig-client/src/main/java/org/apache/hedwig/client/handlers/CloseSubscriptionResponseHandler.java/handleResponse;4.2.0;19;6;1;0;3;1;1;0;1;0;0;0;0;0;Yes
Bookkeeper;/home/denni/isw2/bookkeeper/hedwig-client/src/main/java/org/apache/hedwig/client/benchmark/BenchmarkPublisher.java/warmup;4.2.0;16;3;2;0;1;1;9;5;1;4;7;3;10;3;Yes
Bookkeeper;/home/denni/isw2/bookkeeper/hedwig-client/src/main/java/org/apache/hedwig/client/benchmark/BenchmarkPublisher.java/call;4.2.0;31;7;8;0;0;3;14;11;1;3;6;5;11;3;Yes
Bookkeeper;/home/denni/isw2/bookkeeper/hedwig-client/src/main/java/org/apache/hedwig/client/benchmark/HedwigBenchmark.java/call;4.2.0;28;4;5;0;0;3;14;15;1;2;13;11;24;1;No
Bookkeeper;/home/denni/isw2/bookkeeper/hedwig-client/src/main/java/org/apache/hedwig/client/benchmark/HedwigBenchmark.java/main;4.2.0;31;2;1;0;1;1;22;6;1;1;35;1;36;1;No
Bookkeeper;/home/denni/isw2/bookkeeper/hedwig-client/src/main/java/org/apache/hedwig/client/benchmark/BenchmarkUtils.java/run;4.2.0;9;4;5;0;0;3;1;2;1;1;1;1;2;1;No
Bookkeeper;/home/denni/isw2/bookkeeper/hedwig-client/src/main/java/org/apache/hedwig/client/benchmark/BenchmarkUtils.java/finish;4.2.0;4;1;0;0;1;0;3;0;1;1;1;0;1;1;Yes
Bookkeeper;/home/denni/isw2/bookkeeper/hedwig-client/src/main/java/org/apache/hedwig/client/benchmark/BenchmarkSubscriber.java/call;4.2.0;27;5;5;0;0;2;8;6;1;5;12;9;21;3;Yes
Bookkeeper;/home/denni/isw2/bookkeeper/hedwig-client/src/main/java/org/apache/hedwig/client/benchmark/BenchmarkSubscriber.java/deliver;4.2.0;12;3;2;0;5;1;6;2;1;2;3;4;7;2;Yes
Bookkeeper;/home/denni/isw2/bookkeeper/hedwig-client/src/main/java/org/apache/hedwig/client/benchmark/BenchmarkSubscriber.java/multiSub;4.2.0;12;4;4;0;5;2;7;4;1;4;9;4;13;3;Yes
Bookkeeper;/home/denni/isw2/bookkeeper/hedwig-client/src/main/java/org/apache/hedwig/client/data/PubSubData.java/toString;4.2.0;32;14;14;0;0;2;14;4;1;0;0;0;0;0;No
Bookkeeper;/home/denni/isw2/bookkeeper/hedwig-client/src/main/java/org/apache/hedwig/util/PathUtils.java/prefixes;4.2.0;11;3;3;0;1;2;4;3;2;1;3;3;6;1;No
Bookkeeper;/home/denni/isw2/bookkeeper/hedwig-client/src/main/java/org/apache/hedwig/util/PathUtils.java/isPrefix;4.2.0;10;4;4;0;2;2;4;3;1;0;0;0;0;0;No
Bookkeeper;/home/denni/isw2/bookkeeper/hedwig-client/src/main/java/org/apache/hedwig/util/CallbackUtils.java/multiCallback;4.2.0;51;6;7;0;7;3;1;2;2;1;3;3;6;1;No
Bookkeeper;/home/denni/isw2/bookkeeper/hedwig-client/src/main/java/org/apache/hedwig/util/FileUtils.java/deleteDirectory;4.2.0;12;6;6;0;1;2;5;2;1;0;0;0;0;0;No
Bookkeeper;/home/denni/isw2/bookkeeper/hedwig-client/src/main/java/org/apache/hedwig/util/ConcurrencyUtils.java/put;4.2.0;5;2;2;0;2;2;1;0;1;0;0;0;0;0;No
Bookkeeper;/home/denni/isw2/bookkeeper/hedwig-client/src/main/java/org/apache/hedwig/util/ConcurrencyUtils.java/take;4.2.0;5;2;2;0;1;2;1;0;1;0;0;0;0;0;No
Bookkeeper;/home/denni/isw2/bookkeeper/hedwig-client/src/main/java/org/apache/hedwig/util/ConcurrencyUtils.java/await;4.2.0;5;2;2;0;1;2;1;0;1;0;0;0;0;0;No
Bookkeeper;/home/denni/isw2/bookkeeper/bookkeeper-server/src/main/java/org/apache/bookkeeper/zookeeper/ZooKeeperWatcherBase.java/process;4.2.1;18;6;2;0;1;1;3;0;1;1;3;0;3;1;Yes
Bookkeeper;/home/denni/isw2/bookkeeper/bookkeeper-server/src/main/java/org/apache/bookkeeper/tools/BookKeeperTools.java/main;4.2.1;35;5;5;0;1;2;10;6;1;3;7;3;10;2;No
Bookkeeper;/home/denni/isw2/bookkeeper/bookkeeper-server/src/main/java/org/apache/bookkeeper/replication/AuditorElector.java/createMyVote;4.2.1;4;2;1;0;0;1;1;1;1;0;0;0;0;0;No
Bookkeeper;/home/denni/isw2/bookkeeper/bookkeeper-server/src/main/java/org/apache/bookkeeper/replication/AuditorElector.java/getVotePath;4.2.1;2;1;0;0;1;0;1;0;1;1;1;0;1;1;No
Bookkeeper;/home/denni/isw2/bookkeeper/bookkeeper-server/src/main/java/org/apache/bookkeeper/replication/AuditorElector.java/submitShutdownTask;4.2.1;17;5;6;0;0;3;1;0;1;1;19;0;19;1;No
Bookkeeper;/home/denni/isw2/bookkeeper/bookkeeper-server/src/main/java/org/apache/bookkeeper/replication/AuditorElector.java/run;4.2.1;11;5;6;0;0;3;3;0;1;1;15;0;15;1;No
Bookkeeper;/home/denni/isw2/bookkeeper/bookkeeper-server/src/main/java/org/apache/bookkeeper/replication/AuditorElector.java/submitElectionTask;4.2.1;41;8;9;0;0;3;2;7;1;2;62;0;62;2;No
Bookkeeper;/home/denni/isw2/bookkeeper/bookkeeper-server/src/main/java/org/apache/bookkeeper/replication/AuditorElector.java/run;4.2.1;31;8;9;0;0;3;2;6;1;2;57;0;57;2;No
Bookkeeper;/home/denni/isw2/bookkeeper/bookkeeper-server/src/main/java/org/apache/bookkeeper/replication/AuditorElector.java/compare;4.2.1;9;3;2;0;2;0;4;3;1;0;0;0;0;0;No
Bookkeeper;/home/denni/isw2/bookkeeper/bookkeeper-server/src/main/java/org/apache/bookkeeper/replication/ReplicationWorker.java/rereplicate;4.2.1;47;11;12;0;0;3;11;5;1;2;69;17;86;1;No
Bookkeeper;/home/denni/isw2/bookkeeper/bookkeeper-server/src/main/java/org/apache/bookkeeper/replication/ReplicationWorker.java/getUnderreplicatedFragments;4.2.1;8;1;0;0;1;0;4;2;2;1;6;0;6;1;No
Bookkeeper;/home/denni/isw2/bookkeeper/bookkeeper-server/src/main/java/org/apache/bookkeeper/replication/ReplicationWorker.java/deferLedgerLockRelease;4.2.1;42;10;12;0;1;4;3;5;1;2;54;0;54;2;Yes
Bookkeeper;/home/denni/isw2/bookkeeper/bookkeeper-server/src/main/java/org/apache/bookkeeper/replication/ReplicationWorker.java/run;4.2.1;32;10;12;0;0;4;2;3;1;2;48;0;48;2;Yes
Bookkeeper;/home/denni/isw2/bookkeeper/bookkeeper-server/src/main/java/org/apache/bookkeeper/replication/ReplicationWorker.java/isTargetBookieExistsInFragmentEnsemble;4.2.1;6;3;3;0;2;2;3;2;1;0;0;0;0;0;No
Bookkeeper;/home/denni/isw2/bookkeeper/bookkeeper-server/src/main/java/org/apache/bookkeeper/replication/Auditor.java/submitShutdownTask;4.2.1;9;2;1;0;0;1;1;0;1;2;16;1;17;1;No
Bookkeeper;/home/denni/isw2/bookkeeper/bookkeeper-server/src/main/java/org/apache/bookkeeper/replication/Auditor.java/run;4.2.1;3;1;0;0;0;0;1;0;1;2;5;1;6;1;No
Bookkeeper;/home/denni/isw2/bookkeeper/bookkeeper-server/src/main/java/org/apache/bookkeeper/replication/Auditor.java/submitAuditTask;4.2.1;27;7;7;0;0;2;1;4;1;3;49;0;49;2;Yes
Bookkeeper;/home/denni/isw2/bookkeeper/bookkeeper-server/src/main/java/org/apache/bookkeeper/replication/Auditor.java/run;4.2.1;21;6;6;0;0;2;1;4;1;1;33;0;33;1;No
Bookkeeper;/home/denni/isw2/bookkeeper/bookkeeper-server/src/main/java/org/apache/bookkeeper/replication/Auditor.java/start;4.2.1;48;13;14;0;0;3;2;1;1;2;38;0;38;1;No
Bookkeeper;/home/denni/isw2/bookkeeper/bookkeeper-server/src/main/java/org/apache/bookkeeper/replication/Auditor.java/run;4.2.1;20;8;8;0;0;2;2;0;1;1;25;0;25;1;No
Bookkeeper;/home/denni/isw2/bookkeeper/bookkeeper-server/src/main/java/org/apache/bookkeeper/replication/Auditor.java/run;4.2.1;14;4;4;0;0;2;1;0;1;0;0;0;0;0;No
Bookkeeper;/home/denni/isw2/bookkeeper/bookkeeper-server/src/main/java/org/apache/bookkeeper/replication/Auditor.java/waitIfLedgerReplicationDisabled;4.2.1;5;2;1;0;0;1;2;1;1;0;0;0;0;0;No
Bookkeeper;/home/denni/isw2/bookkeeper/bookkeeper-server/src/main/java/org/apache/bookkeeper/replication/Auditor.java/getAvailableBookies;4.2.1;2;1;0;0;0;0;1;0;2;1;2;0;2;1;No
Bookkeeper;/home/denni/isw2/bookkeeper/bookkeeper-server/src/main/java/org/apache/bookkeeper/replication/Auditor.java/auditingBookies;4.2.1;7;2;1;0;1;1;4;3;1;1;5;0;5;1;No
Bookkeeper;/home/denni/isw2/bookkeeper/bookkeeper-server/src/main/java/org/apache/bookkeeper/replication/Auditor.java/generateBookie2LedgersIndex;4.2.1;2;1;0;0;0;0;1;0;4;1;1;0;1;1;No
Bookkeeper;/home/denni/isw2/bookkeeper/bookkeeper-server/src/main/java/org/apache/bookkeeper/replication/Auditor.java/handleLostBookies;4.2.1;4;2;1;0;2;1;2;1;1;1;1;0;1;1;No
Bookkeeper;/home/denni/isw2/bookkeeper/bookkeeper-server/src/main/java/org/apache/bookkeeper/replication/Auditor.java/publishSuspectedLedgers;4.2.1;10;4;5;0;2;3;3;1;1;1;1;0;1;1;No
Bookkeeper;/home/denni/isw2/bookkeeper/bookkeeper-server/src/main/java/org/apache/bookkeeper/replication/Auditor.java/operationComplete;4.2.1;27;12;13;0;2;3;2;3;1;1;37;0;37;1;No
Bookkeeper;/home/denni/isw2/bookkeeper/bookkeeper-server/src/main/java/org/apache/bookkeeper/replication/Auditor.java/checkAllLedgers;4.2.1;69;11;14;0;0;5;5;9;1;2;88;0;88;2;Yes
Bookkeeper;/home/denni/isw2/bookkeeper/bookkeeper-server/src/main/java/org/apache/bookkeeper/replication/Auditor.java/process;4.2.1;37;9;11;0;2;4;3;1;1;2;52;0;52;2;Yes
Bookkeeper;/home/denni/isw2/bookkeeper/bookkeeper-server/src/main/java/org/apache/bookkeeper/replication/AutoRecoveryMain.java/process;4.2.1;7;2;1;0;1;1;1;0;1;1;2;0;2;1;No
Bookkeeper;/home/denni/isw2/bookkeeper/bookkeeper-server/src/main/java/org/apache/bookkeeper/replication/AutoRecoveryMain.java/shutdown;4.2.1;19;4;4;0;1;2;7;0;1;2;8;3;11;1;No
Bookkeeper;/home/denni/isw2/bookkeeper/bookkeeper-server/src/main/java/org/apache/bookkeeper/replication/AutoRecoveryMain.java/run;4.2.1;10;4;5;0;0;3;1;0;1;1;1;0;1;1;No
Bookkeeper;/home/denni/isw2/bookkeeper/bookkeeper-server/src/main/java/org/apache/bookkeeper/replication/AutoRecoveryMain.java/loadConfFile;4.2.1;13;3;3;0;2;2;2;0;1;0;0;0;0;0;No
Bookkeeper;/home/denni/isw2/bookkeeper/bookkeeper-server/src/main/java/org/apache/bookkeeper/replication/AutoRecoveryMain.java/parseArgs;4.2.1;21;6;7;0;1;3;1;5;1;0;0;0;0;0;No
Bookkeeper;/home/denni/isw2/bookkeeper/bookkeeper-server/src/main/java/org/apache/bookkeeper/replication/AutoRecoveryMain.java/main;4.2.1;24;3;3;0;1;2;3;2;1;0;0;0;0;0;No
Bookkeeper;/home/denni/isw2/bookkeeper/bookkeeper-server/src/main/java/org/apache/bookkeeper/replication/BookieLedgerIndexer.java/getBookieToLedgerIndex;4.2.1;42;6;7;0;0;3;8;7;4;2;3;6;9;1;No
Bookkeeper;/home/denni/isw2/bookkeeper/bookkeeper-server/src/main/java/org/apache/bookkeeper/replication/BookieLedgerIndexer.java/process;4.2.1;14;4;5;0;2;3;2;3;1;2;3;6;9;1;No
Bookkeeper;/home/denni/isw2/bookkeeper/bookkeeper-server/src/main/java/org/apache/bookkeeper/replication/BookieLedgerIndexer.java/operationComplete;4.2.1;9;4;5;0;2;3;2;2;1;2;3;6;9;1;No
Bookkeeper;/home/denni/isw2/bookkeeper/bookkeeper-server/src/main/java/org/apache/bookkeeper/replication/BookieLedgerIndexer.java/putLedger;4.2.1;8;3;3;0;3;2;3;2;1;0;0;0;0;0;No
Bookkeeper;/home/denni/isw2/bookkeeper/bookkeeper-server/src/main/java/org/apache/bookkeeper/versioning/Version.java/compare;4.2.1;7;3;2;0;1;1;3;0;1;1;9;0;9;1;No
Bookkeeper;/home/denni/isw2/bookkeeper/bookkeeper-server/src/main/java/org/apache/bookkeeper/versioning/Version.java/compare;4.2.1;5;2;1;0;1;1;2;0;1;1;6;0;6;1;No
Bookkeeper;/home/denni/isw2/bookkeeper/bookkeeper-server/src/main/java/org/apache/bookkeeper/bookie/FileInfo.java/readHeader;4.2.1;27;8;9;0;0;3;1;3;1;8;76;39;115;2;No
Bookkeeper;/home/denni/isw2/bookkeeper/bookkeeper-server/src/main/java/org/apache/bookkeeper/bookie/FileInfo.java/checkOpen;4.2.1;23;8;10;0;1;4;4;1;1;3;21;1;22;1;No
Bookkeeper;/home/denni/isw2/bookkeeper/bookkeeper-server/src/main/java/org/apache/bookkeeper/bookie/FileInfo.java/readAbsolute;4.2.1;10;3;3;0;2;2;4;2;1;2;9;0;9;1;No
Bookkeeper;/home/denni/isw2/bookkeeper/bookkeeper-server/src/main/java/org/apache/bookkeeper/bookie/FileInfo.java/moveToNewLocation;4.2.1;36;9;10;0;2;3;11;4;1;1;2;0;2;1;No
Bookkeeper;/home/denni/isw2/bookkeeper/bookkeeper-server/src/main/java/org/apache/bookkeeper/bookie/FileInfo.java/getMasterKey;4.2.1;3;1;0;0;0;0;2;0;2;0;0;0;0;0;No
Bookkeeper;/home/denni/isw2/bookkeeper/bookkeeper-server/src/main/java/org/apache/bookkeeper/bookie/FileInfo.java/checkParents;4.2.1;6;3;2;0;1;1;3;1;1;0;0;0;0;0;No
Bookkeeper;/home/denni/isw2/bookkeeper/bookkeeper-server/src/main/java/org/apache/bookkeeper/bookie/BookieException.java/getMessage;4.2.1;29;10;5;0;1;2;5;2;1;5;36;3;39;4;Yes
Bookkeeper;/home/denni/isw2/bookkeeper/bookkeeper-server/src/main/java/org/apache/bookkeeper/bookie/Bookie.java/writeComplete;4.2.1;4;2;1;0;5;1;1;0;1;3;17;0;17;2;No
Bookkeeper;/home/denni/isw2/bookkeeper/bookkeeper-server/src/main/java/org/apache/bookkeeper/bookie/Bookie.java/writeComplete;4.2.1;5;2;1;0;5;1;2;0;1;6;20;4;24;3;No
Bookkeeper;/home/denni/isw2/bookkeeper/bookkeeper-server/src/main/java/org/apache/bookkeeper/bookie/Bookie.java/run;4.2.1;40;11;14;0;0;5;1;1;1;21;276;62;338;3;No
Bookkeeper;/home/denni/isw2/bookkeeper/bookkeeper-server/src/main/java/org/apache/bookkeeper/bookie/Bookie.java/checkDirectoryStructure;4.2.1;19;5;5;0;1;2;1;5;1;12;44;8;52;3;No
Bookkeeper;/home/denni/isw2/bookkeeper/bookkeeper-server/src/main/java/org/apache/bookkeeper/bookie/Bookie.java/accept;4.2.1;4;2;1;0;2;1;2;0;1;6;13;0;13;3;No
Bookkeeper;/home/denni/isw2/bookkeeper/bookkeeper-server/src/main/java/org/apache/bookkeeper/bookie/Bookie.java/checkEnvironment;4.2.1;58;16;18;0;1;4;2;10;1;14;110;16;126;4;No
Bookkeeper;/home/denni/isw2/bookkeeper/bookkeeper-server/src/main/java/org/apache/bookkeeper/bookie/Bookie.java/getCurrentDirectories;4.2.1;5;2;1;0;1;1;3;2;2;5;17;1;18;3;No
Bookkeeper;/home/denni/isw2/bookkeeper/bookkeeper-server/src/main/java/org/apache/bookkeeper/bookie/Bookie.java/readJournal;4.2.1;37;9;12;0;0;5;1;8;1;10;49;18;67;3;No
Bookkeeper;/home/denni/isw2/bookkeeper/bookkeeper-server/src/main/java/org/apache/bookkeeper/bookie/Bookie.java/process;4.2.1;34;9;12;0;3;5;3;8;1;10;48;15;63;3;No
Bookkeeper;/home/denni/isw2/bookkeeper/bookkeeper-server/src/main/java/org/apache/bookkeeper/bookie/Bookie.java/start;4.2.1;24;4;4;0;0;2;10;0;1;7;42;2;44;3;No
Bookkeeper;/home/denni/isw2/bookkeeper/bookkeeper-server/src/main/java/org/apache/bookkeeper/bookie/Bookie.java/registerJMX;4.2.1;18;3;4;0;1;3;1;0;1;5;37;11;48;3;No
Bookkeeper;/home/denni/isw2/bookkeeper/bookkeeper-server/src/main/java/org/apache/bookkeeper/bookie/Bookie.java/unregisterJMX;4.2.1;16;5;5;0;0;2;4;0;1;2;1;16;17;2;No
Bookkeeper;/home/denni/isw2/bookkeeper/bookkeeper-server/src/main/java/org/apache/bookkeeper/bookie/Bookie.java/registerBookie;4.2.1;26;7;8;0;1;3;4;3;1;6;49;14;63;3;No
Bookkeeper;/home/denni/isw2/bookkeeper/bookkeeper-server/src/main/java/org/apache/bookkeeper/bookie/Bookie.java/newZookeeper;4.2.1;31;2;1;0;2;1;2;1;1;3;20;0;20;2;No
Bookkeeper;/home/denni/isw2/bookkeeper/bookkeeper-server/src/main/java/org/apache/bookkeeper/bookie/Bookie.java/process;4.2.1;7;2;1;0;1;1;1;0;1;2;11;0;11;2;No
Bookkeeper;/home/denni/isw2/bookkeeper/bookkeeper-server/src/main/java/org/apache/bookkeeper/bookie/Bookie.java/triggerBookieShutdown;4.2.1;11;2;2;0;1;2;3;1;1;3;17;2;19;1;No
Bookkeeper;/home/denni/isw2/bookkeeper/bookkeeper-server/src/main/java/org/apache/bookkeeper/bookie/Bookie.java/run;4.2.1;2;1;0;0;0;0;1;0;1;2;3;0;3;1;No
Bookkeeper;/home/denni/isw2/bookkeeper/bookkeeper-server/src/main/java/org/apache/bookkeeper/bookie/Bookie.java/addEntry;4.2.1;14;3;3;0;4;2;1;1;1;3;15;9;24;2;No
Bookkeeper;/home/denni/isw2/bookkeeper/bookkeeper-server/src/main/java/org/apache/bookkeeper/bookie/Bookie.java/format;4.2.1;41;9;11;0;3;4;7;4;1;0;0;0;0;0;No
Bookkeeper;/home/denni/isw2/bookkeeper/bookkeeper-server/src/main/java/org/apache/bookkeeper/bookie/Bookie.java/cleanDir;4.2.1;11;5;6;0;1;3;2;2;1;1;5;0;5;1;No
Bookkeeper;/home/denni/isw2/bookkeeper/bookkeeper-server/src/main/java/org/apache/bookkeeper/bookie/Bookie.java/safeAddEntry;4.2.1;19;4;4;0;3;2;1;0;1;1;23;0;23;1;No
Bookkeeper;/home/denni/isw2/bookkeeper/bookkeeper-server/src/main/java/org/apache/bookkeeper/bookie/Bookie.java/writeComplete;4.2.1;15;4;4;0;5;2;2;0;1;1;19;0;19;1;No
Bookkeeper;/home/denni/isw2/bookkeeper/bookkeeper-server/src/main/java/org/apache/bookkeeper/bookie/Bookie.java/main;4.2.1;21;2;1;0;1;1;8;6;1;0;0;0;0;0;No
Bookkeeper;/home/denni/isw2/bookkeeper/bookkeeper-server/src/main/java/org/apache/bookkeeper/bookie/BufferedChannel.java/write;4.2.1;22;5;5;0;1;2;5;2;1;1;3;3;6;1;No
Bookkeeper;/home/denni/isw2/bookkeeper/bookkeeper-server/src/main/java/org/apache/bookkeeper/bookie/BufferedChannel.java/read;4.2.1;46;13;17;0;2;6;4;7;1;2;5;2;7;2;No
Bookkeeper;/home/denni/isw2/bookkeeper/bookkeeper-server/src/main/java/org/apache/bookkeeper/bookie/FileSystemUpgrade.java/accept;4.2.1;6;3;2;0;2;1;3;0;1;1;9;0;9;1;No
Bookkeeper;/home/denni/isw2/bookkeeper/bookkeeper-server/src/main/java/org/apache/bookkeeper/bookie/FileSystemUpgrade.java/detectPreviousVersion;4.2.1;18;5;5;0;1;2;6;3;1;3;8;2;10;3;Yes
Bookkeeper;/home/denni/isw2/bookkeeper/bookkeeper-server/src/main/java/org/apache/bookkeeper/bookie/FileSystemUpgrade.java/newZookeeper;4.2.1;17;5;5;0;1;2;1;2;1;1;24;0;24;1;No
Bookkeeper;/home/denni/isw2/bookkeeper/bookkeeper-server/src/main/java/org/apache/bookkeeper/bookie/FileSystemUpgrade.java/process;4.2.1;4;2;1;0;1;1;1;0;1;1;6;0;6;1;No
Bookkeeper;/home/denni/isw2/bookkeeper/bookkeeper-server/src/main/java/org/apache/bookkeeper/bookie/FileSystemUpgrade.java/upgrade;4.2.1;47;10;12;0;1;4;4;10;1;4;72;2;74;3;No
Bookkeeper;/home/denni/isw2/bookkeeper/bookkeeper-server/src/main/java/org/apache/bookkeeper/bookie/FileSystemUpgrade.java/accept;4.2.1;2;1;0;0;2;0;1;0;1;1;3;0;3;1;No
Bookkeeper;/home/denni/isw2/bookkeeper/bookkeeper-server/src/main/java/org/apache/bookkeeper/bookie/FileSystemUpgrade.java/finalizeUpgrade;4.2.1;22;9;13;0;1;6;3;5;1;3;37;2;39;3;No
Bookkeeper;/home/denni/isw2/bookkeeper/bookkeeper-server/src/main/java/org/apache/bookkeeper/bookie/FileSystemUpgrade.java/rollback;4.2.1;28;6;8;0;1;4;4;5;1;2;20;1;21;2;No
Bookkeeper;/home/denni/isw2/bookkeeper/bookkeeper-server/src/main/java/org/apache/bookkeeper/bookie/FileSystemUpgrade.java/main;4.2.1;42;8;9;0;1;3;18;8;1;2;3;2;5;2;No
Bookkeeper;/home/denni/isw2/bookkeeper/bookkeeper-server/src/main/java/org/apache/bookkeeper/bookie/JournalChannel.java/close;4.2.1;2;1;0;0;0;0;1;0;1;1;1;1;2;1;No
Bookkeeper;/home/denni/isw2/bookkeeper/bookkeeper-server/src/main/java/org/apache/bookkeeper/bookie/InterleavedLedgerStorage.java/getEntry;4.2.1;12;3;2;0;2;1;5;1;1;1;11;11;22;1;No
Bookkeeper;/home/denni/isw2/bookkeeper/bookkeeper-server/src/main/java/org/apache/bookkeeper/bookie/Journal.java/rollLog;4.2.1;20;3;4;0;0;3;7;6;1;4;15;6;21;2;No
Bookkeeper;/home/denni/isw2/bookkeeper/bookkeeper-server/src/main/java/org/apache/bookkeeper/bookie/Journal.java/readLog;4.2.1;27;6;8;0;0;4;3;8;1;2;7;0;7;1;No
Bookkeeper;/home/denni/isw2/bookkeeper/bookkeeper-server/src/main/java/org/apache/bookkeeper/bookie/Journal.java/accept;4.2.1;6;2;1;0;1;1;1;0;1;0;0;0;0;0;No
Bookkeeper;/home/denni/isw2/bookkeeper/bookkeeper-server/src/main/java/org/apache/bookkeeper/bookie/Journal.java/gcJournals;4.2.1;14;5;7;0;0;4;2;5;1;1;4;0;4;1;No
Bookkeeper;/home/denni/isw2/bookkeeper/bookkeeper-server/src/main/java/org/apache/bookkeeper/bookie/Journal.java/scanJournal;4.2.1;41;7;8;0;3;3;4;6;1;0;0;0;0;0;No
Bookkeeper;/home/denni/isw2/bookkeeper/bookkeeper-server/src/main/java/org/apache/bookkeeper/bookie/Journal.java/replay;4.2.1;25;6;6;0;1;2;5;4;1;2;2;3;5;2;No
Bookkeeper;/home/denni/isw2/bookkeeper/bookkeeper-server/src/main/java/org/apache/bookkeeper/bookie/Journal.java/accept;4.2.1;5;2;1;0;1;1;2;0;1;1;1;0;1;1;No
Bookkeeper;/home/denni/isw2/bookkeeper/bookkeeper-server/src/main/java/org/apache/bookkeeper/bookie/Journal.java/run;4.2.1;68;12;16;0;0;6;4;8;1;4;11;4;15;2;No
Bookkeeper;/home/denni/isw2/bookkeeper/bookkeeper-server/src/main/java/org/apache/bookkeeper/bookie/EntryLogger.java/createNewLog;4.2.1;22;5;6;0;0;3;9;4;1;7;76;50;126;2;No
Bookkeeper;/home/denni/isw2/bookkeeper/bookkeeper-server/src/main/java/org/apache/bookkeeper/bookie/EntryLogger.java/removeEntryLog;4.2.1;22;5;6;0;1;3;6;2;1;4;11;4;15;2;No
Bookkeeper;/home/denni/isw2/bookkeeper/bookkeeper-server/src/main/java/org/apache/bookkeeper/bookie/EntryLogger.java/getLastLogId;4.2.1;20;5;6;0;1;3;8;6;1;4;30;2;32;2;No
Bookkeeper;/home/denni/isw2/bookkeeper/bookkeeper-server/src/main/java/org/apache/bookkeeper/bookie/EntryLogger.java/readEntry;4.2.1;35;8;8;0;3;2;22;11;2;10;59;32;91;3;No
Bookkeeper;/home/denni/isw2/bookkeeper/bookkeeper-server/src/main/java/org/apache/bookkeeper/bookie/EntryLogger.java/scanEntryLog;4.2.1;47;9;9;0;2;2;6;10;1;5;78;8;86;3;No
Bookkeeper;/home/denni/isw2/bookkeeper/bookkeeper-server/src/main/java/org/apache/bookkeeper/bookie/LedgerCacheImpl.java/putIntoTable;4.2.1;6;2;1;0;2;1;3;1;1;0;0;0;0;0;No
Bookkeeper;/home/denni/isw2/bookkeeper/bookkeeper-server/src/main/java/org/apache/bookkeeper/bookie/LedgerCacheImpl.java/getFromTable;4.2.1;5;2;1;0;3;1;3;1;1;0;0;0;0;0;No
Bookkeeper;/home/denni/isw2/bookkeeper/bookkeeper-server/src/main/java/org/apache/bookkeeper/bookie/LedgerCacheImpl.java/flushLedger;4.2.1;32;12;14;0;1;4;1;5;1;5;39;10;49;2;No
Bookkeeper;/home/denni/isw2/bookkeeper/bookkeeper-server/src/main/java/org/apache/bookkeeper/bookie/LedgerCacheImpl.java/flushLedger;4.2.1;68;15;17;0;1;4;6;17;1;4;40;17;57;2;No
Bookkeeper;/home/denni/isw2/bookkeeper/bookkeeper-server/src/main/java/org/apache/bookkeeper/bookie/LedgerCacheImpl.java/writeBuffers;4.2.1;18;8;8;0;5;2;7;4;1;0;0;0;0;0;No
Bookkeeper;/home/denni/isw2/bookkeeper/bookkeeper-server/src/main/java/org/apache/bookkeeper/bookie/LedgerCacheImpl.java/grabCleanPage;4.2.1;44;12;13;0;2;3;2;6;1;1;17;3;20;1;No
Bookkeeper;/home/denni/isw2/bookkeeper/bookkeeper-server/src/main/java/org/apache/bookkeeper/bookie/LedgerCacheImpl.java/getLastEntry;4.2.1;38;12;15;0;1;5;5;10;1;5;40;7;47;3;No
Bookkeeper;/home/denni/isw2/bookkeeper/bookkeeper-server/src/main/java/org/apache/bookkeeper/bookie/LedgerCacheImpl.java/getActiveLedgers;4.2.1;26;12;19;0;0;9;1;6;1;3;9;6;15;2;No
Bookkeeper;/home/denni/isw2/bookkeeper/bookkeeper-server/src/main/java/org/apache/bookkeeper/bookie/BookieBean.java/getQueueLength;4.2.1;3;1;0;0;0;0;1;0;1;1;1;1;2;1;No
Bookkeeper;/home/denni/isw2/bookkeeper/bookkeeper-server/src/main/java/org/apache/bookkeeper/bookie/LedgerDirsManager.java/addToFilledDirs;4.2.1;15;3;3;0;1;2;1;3;1;0;0;0;0;0;No
Bookkeeper;/home/denni/isw2/bookkeeper/bookkeeper-server/src/main/java/org/apache/bookkeeper/bookie/LedgerDirsManager.java/run;4.2.1;28;11;15;0;0;6;1;5;1;0;0;0;0;0;No
Bookkeeper;/home/denni/isw2/bookkeeper/bookkeeper-server/src/main/java/org/apache/bookkeeper/bookie/GarbageCollectorThread.java/process;4.2.1;23;5;6;0;3;3;4;0;1;5;58;5;63;2;No
Bookkeeper;/home/denni/isw2/bookkeeper/bookkeeper-server/src/main/java/org/apache/bookkeeper/bookie/GarbageCollectorThread.java/operationComplete;4.2.1;8;2;1;0;2;1;2;0;1;2;22;0;22;2;No
Bookkeeper;/home/denni/isw2/bookkeeper/bookkeeper-server/src/main/java/org/apache/bookkeeper/bookie/GarbageCollectorThread.java/awaitComplete;4.2.1;6;3;2;0;0;1;1;0;1;1;8;0;8;1;No
Bookkeeper;/home/denni/isw2/bookkeeper/bookkeeper-server/src/main/java/org/apache/bookkeeper/bookie/GarbageCollectorThread.java/doGcEntryLogs;4.2.1;12;5;6;0;0;3;1;3;1;0;0;0;0;0;No
Bookkeeper;/home/denni/isw2/bookkeeper/bookkeeper-server/src/main/java/org/apache/bookkeeper/bookie/GarbageCollectorThread.java/doCompactEntryLogs;4.2.1;33;6;6;0;1;2;6;5;1;0;0;0;0;0;No
Bookkeeper;/home/denni/isw2/bookkeeper/bookkeeper-server/src/main/java/org/apache/bookkeeper/bookie/GarbageCollectorThread.java/compactEntryLog;4.2.1;26;5;5;0;1;2;5;2;1;2;41;0;41;2;No
Bookkeeper;/home/denni/isw2/bookkeeper/bookkeeper-server/src/main/java/org/apache/bookkeeper/bookie/GarbageCollectorThread.java/extractMetaFromEntryLogs;4.2.1;26;6;7;0;1;3;4;4;3;0;0;0;0;0;No
Bookkeeper;/home/denni/isw2/bookkeeper/bookkeeper-server/src/main/java/org/apache/bookkeeper/bookie/GarbageCollectorThread.java/extractMetaFromEntryLog;4.2.1;6;1;0;0;2;0;5;2;1;0;0;0;0;0;No
Bookkeeper;/home/denni/isw2/bookkeeper/bookkeeper-server/src/main/java/org/apache/bookkeeper/bookie/HandleFactoryImpl.java/getHandle;4.2.1;10;2;1;0;2;1;3;1;1;1;1;2;3;1;No
Bookkeeper;/home/denni/isw2/bookkeeper/bookkeeper-server/src/main/java/org/apache/bookkeeper/bookie/HandleFactoryImpl.java/getReadOnlyHandle;4.2.1;9;2;1;0;1;1;3;1;1;1;1;1;2;1;No
Bookkeeper;/home/denni/isw2/bookkeeper/bookkeeper-server/src/main/java/org/apache/bookkeeper/bookie/BookieShell.java/runCmd;4.2.1;1;1;0;0;1;0;0;0;1;0;0;0;0;0;No
Bookkeeper;/home/denni/isw2/bookkeeper/bookkeeper-server/src/main/java/org/apache/bookkeeper/bookie/BookieShell.java/runCmd;4.2.1;1;1;0;0;1;0;0;0;1;0;0;0;0;0;No
Bookkeeper;/home/denni/isw2/bookkeeper/bookkeeper-server/src/main/java/org/apache/bookkeeper/bookie/BookieShell.java/printUsage;4.2.1;5;1;0;0;0;0;3;1;1;1;5;0;5;1;No
Bookkeeper;/home/denni/isw2/bookkeeper/bookkeeper-server/src/main/java/org/apache/bookkeeper/bookie/BookieShell.java/bkRecovery;4.2.1;15;4;4;0;2;2;7;4;1;1;17;0;17;1;No
Bookkeeper;/home/denni/isw2/bookkeeper/bookkeeper-server/src/main/java/org/apache/bookkeeper/bookie/BookieShell.java/runCmd;4.2.1;21;5;5;0;1;2;9;3;1;0;0;0;0;0;No
Bookkeeper;/home/denni/isw2/bookkeeper/bookkeeper-server/src/main/java/org/apache/bookkeeper/bookie/BookieShell.java/runCmd;4.2.1;24;5;6;0;1;3;8;6;1;0;0;0;0;0;No
Bookkeeper;/home/denni/isw2/bookkeeper/bookkeeper-server/src/main/java/org/apache/bookkeeper/bookie/BookieShell.java/runCmd;4.2.1;24;5;6;0;1;3;8;6;1;0;0;0;0;0;No
Bookkeeper;/home/denni/isw2/bookkeeper/bookkeeper-server/src/main/java/org/apache/bookkeeper/bookie/BookieShell.java/printUsage;4.2.1;3;1;0;0;0;0;1;0;1;1;1;0;1;1;No
Bookkeeper;/home/denni/isw2/bookkeeper/bookkeeper-server/src/main/java/org/apache/bookkeeper/bookie/BookieShell.java/runCmd;4.2.1;15;4;4;0;1;2;6;4;1;3;29;0;29;3;Yes
Bookkeeper;/home/denni/isw2/bookkeeper/bookkeeper-server/src/main/java/org/apache/bookkeeper/bookie/BookieShell.java/runCmd;4.2.1;13;3;2;0;1;1;6;2;1;1;15;0;15;1;No
Bookkeeper;/home/denni/isw2/bookkeeper/bookkeeper-server/src/main/java/org/apache/bookkeeper/bookie/BookieShell.java/printUsage;4.2.1;4;1;0;0;0;0;2;0;1;1;4;0;4;1;No
Bookkeeper;/home/denni/isw2/bookkeeper/bookkeeper-server/src/main/java/org/apache/bookkeeper/bookie/BookieShell.java/setConf;4.2.1;9;1;0;0;1;0;7;0;1;2;2;1;3;2;Yes
Bookkeeper;/home/denni/isw2/bookkeeper/bookkeeper-server/src/main/java/org/apache/bookkeeper/bookie/BookieShell.java/printShellUsage;4.2.1;13;1;0;0;0;0;12;0;1;1;1;0;1;1;Yes
Bookkeeper;/home/denni/isw2/bookkeeper/bookkeeper-server/src/main/java/org/apache/bookkeeper/bookie/BookieShell.java/run;4.2.1;14;3;2;0;1;1;7;3;1;0;0;0;0;0;No
Bookkeeper;/home/denni/isw2/bookkeeper/bookkeeper-server/src/main/java/org/apache/bookkeeper/bookie/BookieShell.java/main;4.2.1;17;4;4;0;1;2;7;4;1;0;0;0;0;0;No
Bookkeeper;/home/denni/isw2/bookkeeper/bookkeeper-server/src/main/java/org/apache/bookkeeper/bookie/BookieShell.java/readLedgerMeta;4.2.1;20;3;2;0;1;1;7;3;1;0;0;0;0;0;No
Bookkeeper;/home/denni/isw2/bookkeeper/bookkeeper-server/src/main/java/org/apache/bookkeeper/bookie/BookieShell.java/readLedgerIndexEntries;4.2.1;37;6;8;0;1;4;9;9;1;0;0;0;0;0;No
Bookkeeper;/home/denni/isw2/bookkeeper/bookkeeper-server/src/main/java/org/apache/bookkeeper/bookie/BookieShell.java/scanEntryLog;4.2.1;18;1;0;0;2;0;2;0;1;0;0;0;0;0;No
Bookkeeper;/home/denni/isw2/bookkeeper/bookkeeper-server/src/main/java/org/apache/bookkeeper/bookie/BookieShell.java/scanJournal;4.2.1;19;2;1;0;2;1;2;1;1;0;0;0;0;0;No
Bookkeeper;/home/denni/isw2/bookkeeper/bookkeeper-server/src/main/java/org/apache/bookkeeper/bookie/BookieShell.java/process;4.2.1;6;2;1;0;3;1;2;0;1;0;0;0;0;0;No
Bookkeeper;/home/denni/isw2/bookkeeper/bookkeeper-server/src/main/java/org/apache/bookkeeper/bookie/BookieShell.java/printLastLogMark;4.2.1;6;1;0;0;0;0;2;1;1;0;0;0;0;0;No
Bookkeeper;/home/denni/isw2/bookkeeper/bookkeeper-server/src/main/java/org/apache/bookkeeper/bookie/BookieShell.java/formatEntry;4.2.1;39;4;4;0;3;2;14;7;1;0;0;0;0;0;No
Bookkeeper;/home/denni/isw2/bookkeeper/bookkeeper-server/src/main/java/org/apache/bookkeeper/bookie/ScanAndCompareGarbageCollector.java/gc;4.2.1;29;9;11;0;1;4;3;9;1;0;0;0;0;0;No
Bookkeeper;/home/denni/isw2/bookkeeper/bookkeeper-server/src/main/java/org/apache/bookkeeper/bookie/Cookie.java/verify;4.2.1;12;4;5;0;1;3;2;1;1;1;15;1;16;1;No
Bookkeeper;/home/denni/isw2/bookkeeper/bookkeeper-server/src/main/java/org/apache/bookkeeper/bookie/Cookie.java/toString;4.2.1;13;3;2;0;0;1;10;2;1;1;15;0;15;1;No
Bookkeeper;/home/denni/isw2/bookkeeper/bookkeeper-server/src/main/java/org/apache/bookkeeper/bookie/Cookie.java/parse;4.2.1;23;6;7;0;1;3;6;4;1;2;28;3;31;1;No
Bookkeeper;/home/denni/isw2/bookkeeper/bookkeeper-server/src/main/java/org/apache/bookkeeper/jmx/BKMBeanRegistry.java/tokenize;4.2.1;13;3;3;0;3;2;3;2;1;0;0;0;0;0;No
Bookkeeper;/home/denni/isw2/bookkeeper/bookkeeper-server/src/main/java/org/apache/bookkeeper/jmx/BKMBeanRegistry.java/makeObjectName;4.2.1;19;3;3;0;2;2;7;2;1;1;1;0;1;1;No
Bookkeeper;/home/denni/isw2/bookkeeper/bookkeeper-server/src/main/java/org/apache/bookkeeper/conf/ClientConfiguration.java/getZkServers;4.2.1;10;2;1;0;0;1;3;1;1;3;5;2;7;2;Yes
Bookkeeper;/home/denni/isw2/bookkeeper/bookkeeper-server/src/main/java/org/apache/bookkeeper/conf/ServerConfiguration.java/setLedgerDirNames;4.2.1;12;2;1;0;1;1;3;0;1;0;0;0;0;0;No
Bookkeeper;/home/denni/isw2/bookkeeper/bookkeeper-server/src/main/java/org/apache/bookkeeper/conf/ServerConfiguration.java/getZkServers;4.2.1;10;2;1;0;0;1;3;1;1;2;7;1;8;2;Yes
Bookkeeper;/home/denni/isw2/bookkeeper/bookkeeper-server/src/main/java/org/apache/bookkeeper/meta/AbstractZkLedgerManager.java/removeLedgerMetadata;4.2.1;34;6;7;0;3;3;3;2;1;2;51;0;51;2;No
Bookkeeper;/home/denni/isw2/bookkeeper/bookkeeper-server/src/main/java/org/apache/bookkeeper/meta/AbstractZkLedgerManager.java/processResult;4.2.1;11;3;3;0;3;2;3;1;1;1;12;0;12;1;No
Bookkeeper;/home/denni/isw2/bookkeeper/bookkeeper-server/src/main/java/org/apache/bookkeeper/meta/AbstractZkLedgerManager.java/readLedgerMetadata;4.2.1;23;5;5;0;2;2;1;1;1;3;35;4;39;1;No
Bookkeeper;/home/denni/isw2/bookkeeper/bookkeeper-server/src/main/java/org/apache/bookkeeper/meta/AbstractZkLedgerManager.java/processResult;4.2.1;19;5;5;0;5;2;5;1;1;3;30;4;34;1;No
Bookkeeper;/home/denni/isw2/bookkeeper/bookkeeper-server/src/main/java/org/apache/bookkeeper/meta/AbstractZkLedgerManager.java/writeLedgerMetadata;4.2.1;19;4;4;0;3;2;4;2;1;4;20;3;23;3;Yes
Bookkeeper;/home/denni/isw2/bookkeeper/bookkeeper-server/src/main/java/org/apache/bookkeeper/meta/AbstractZkLedgerManager.java/processResult;4.2.1;10;3;3;0;4;2;1;0;1;1;1;1;2;1;Yes
Bookkeeper;/home/denni/isw2/bookkeeper/bookkeeper-server/src/main/java/org/apache/bookkeeper/meta/AbstractZkLedgerManager.java/asyncProcessLedgersInSingleNode;4.2.1;42;4;3;0;6;1;1;3;1;2;5;1;6;1;No
Bookkeeper;/home/denni/isw2/bookkeeper/bookkeeper-server/src/main/java/org/apache/bookkeeper/meta/AbstractZkLedgerManager.java/operationComplete;4.2.1;13;4;3;0;2;1;6;3;1;2;4;1;5;1;No
Bookkeeper;/home/denni/isw2/bookkeeper/bookkeeper-server/src/main/java/org/apache/bookkeeper/meta/AbstractZkLedgerManager.java/isSpecialZnode;4.2.1;11;2;1;0;1;1;2;0;1;2;10;3;13;1;No
Bookkeeper;/home/denni/isw2/bookkeeper/bookkeeper-server/src/main/java/org/apache/bookkeeper/meta/AbstractZkLedgerManager.java/ledgerListToSet;4.2.1;20;4;5;0;2;3;3;2;2;1;16;0;16;1;No
Bookkeeper;/home/denni/isw2/bookkeeper/bookkeeper-server/src/main/java/org/apache/bookkeeper/meta/FlatLedgerManager.java/createLedger;4.2.1;18;3;4;0;2;3;2;2;1;4;11;14;25;3;No
Bookkeeper;/home/denni/isw2/bookkeeper/bookkeeper-server/src/main/java/org/apache/bookkeeper/meta/FlatLedgerManager.java/processResult;4.2.1;13;3;4;0;4;3;1;1;1;3;8;12;20;3;No
Bookkeeper;/home/denni/isw2/bookkeeper/bookkeeper-server/src/main/java/org/apache/bookkeeper/meta/LedgerLayout.java/parseLayout;4.2.1;29;5;5;0;1;2;4;6;1;3;12;3;15;2;No
Bookkeeper;/home/denni/isw2/bookkeeper/bookkeeper-server/src/main/java/org/apache/bookkeeper/meta/ZkVersion.java/compare;4.2.1;18;7;8;0;1;3;5;2;1;1;7;3;10;1;No
Bookkeeper;/home/denni/isw2/bookkeeper/bookkeeper-server/src/main/java/org/apache/bookkeeper/meta/LedgerManagerFactory.java/newLedgerManagerFactory;4.2.1;51;13;14;0;2;3;14;6;1;3;62;38;100;2;Yes
Bookkeeper;/home/denni/isw2/bookkeeper/bookkeeper-server/src/main/java/org/apache/bookkeeper/meta/LedgerManagerFactory.java/createNewLMFactory;4.2.1;29;7;9;0;3;4;8;5;1;3;64;0;64;2;Yes
Bookkeeper;/home/denni/isw2/bookkeeper/bookkeeper-server/src/main/java/org/apache/bookkeeper/meta/MSLedgerManagerFactory.java/entries2Ledgers;4.2.1;9;3;4;0;1;3;3;2;2;0;0;0;0;0;No
Bookkeeper;/home/denni/isw2/bookkeeper/bookkeeper-server/src/main/java/org/apache/bookkeeper/meta/MSLedgerManagerFactory.java/close;4.2.1;7;2;2;0;0;2;2;0;1;1;1;0;1;1;No
Bookkeeper;/home/denni/isw2/bookkeeper/bookkeeper-server/src/main/java/org/apache/bookkeeper/meta/MSLedgerManagerFactory.java/createLedger;4.2.1;43;6;6;0;2;2;1;3;1;0;0;0;0;0;No
Bookkeeper;/home/denni/isw2/bookkeeper/bookkeeper-server/src/main/java/org/apache/bookkeeper/meta/MSLedgerManagerFactory.java/processResult;4.2.1;39;6;6;0;4;2;7;3;1;0;0;0;0;0;No
Bookkeeper;/home/denni/isw2/bookkeeper/bookkeeper-server/src/main/java/org/apache/bookkeeper/meta/MSLedgerManagerFactory.java/complete;4.2.1;11;3;2;0;3;1;5;0;1;0;0;0;0;0;No
Bookkeeper;/home/denni/isw2/bookkeeper/bookkeeper-server/src/main/java/org/apache/bookkeeper/meta/MSLedgerManagerFactory.java/processResult;4.2.1;6;2;1;0;3;1;1;0;1;0;0;0;0;0;No
Bookkeeper;/home/denni/isw2/bookkeeper/bookkeeper-server/src/main/java/org/apache/bookkeeper/meta/MSLedgerManagerFactory.java/getLedgerIdFromGenPath;4.2.1;8;2;2;0;1;2;3;2;1;0;0;0;0;0;No
Bookkeeper;/home/denni/isw2/bookkeeper/bookkeeper-server/src/main/java/org/apache/bookkeeper/meta/MSLedgerManagerFactory.java/removeLedgerMetadata;4.2.1;16;3;3;0;3;2;2;2;1;1;3;1;4;1;No
Bookkeeper;/home/denni/isw2/bookkeeper/bookkeeper-server/src/main/java/org/apache/bookkeeper/meta/MSLedgerManagerFactory.java/complete;4.2.1;11;3;3;0;3;2;3;1;1;0;0;0;0;0;No
Bookkeeper;/home/denni/isw2/bookkeeper/bookkeeper-server/src/main/java/org/apache/bookkeeper/meta/MSLedgerManagerFactory.java/readLedgerMetadata;4.2.1;24;4;4;0;2;2;3;3;1;0;0;0;0;0;No
Bookkeeper;/home/denni/isw2/bookkeeper/bookkeeper-server/src/main/java/org/apache/bookkeeper/meta/MSLedgerManagerFactory.java/complete;4.2.1;18;4;4;0;3;2;5;1;1;0;0;0;0;0;No
Bookkeeper;/home/denni/isw2/bookkeeper/bookkeeper-server/src/main/java/org/apache/bookkeeper/meta/MSLedgerManagerFactory.java/writeLedgerMetadata;4.2.1;24;4;5;0;3;3;5;4;1;0;0;0;0;0;No
Bookkeeper;/home/denni/isw2/bookkeeper/bookkeeper-server/src/main/java/org/apache/bookkeeper/meta/MSLedgerManagerFactory.java/complete;4.2.1;16;4;5;0;3;3;3;1;1;0;0;0;0;0;No
Bookkeeper;/home/denni/isw2/bookkeeper/bookkeeper-server/src/main/java/org/apache/bookkeeper/meta/MSLedgerManagerFactory.java/asyncProcessLedgers;4.2.1;14;3;2;0;5;1;2;1;1;0;0;0;0;0;No
Bookkeeper;/home/denni/isw2/bookkeeper/bookkeeper-server/src/main/java/org/apache/bookkeeper/meta/MSLedgerManagerFactory.java/complete;4.2.1;9;3;2;0;3;1;3;0;1;0;0;0;0;0;No
Bookkeeper;/home/denni/isw2/bookkeeper/bookkeeper-server/src/main/java/org/apache/bookkeeper/meta/MSLedgerManagerFactory.java/doAsyncProcessLedgers;4.2.1;34;7;8;0;6;3;3;6;1;0;0;0;0;0;No
Bookkeeper;/home/denni/isw2/bookkeeper/bookkeeper-server/src/main/java/org/apache/bookkeeper/meta/MSLedgerManagerFactory.java/complete;4.2.1;27;6;7;0;3;3;8;5;1;0;0;0;0;0;No
Bookkeeper;/home/denni/isw2/bookkeeper/bookkeeper-server/src/main/java/org/apache/bookkeeper/meta/MSLedgerManagerFactory.java/processResult;4.2.1;7;2;1;0;3;1;2;0;1;0;0;0;0;0;No
Bookkeeper;/home/denni/isw2/bookkeeper/bookkeeper-server/src/main/java/org/apache/bookkeeper/meta/MSLedgerManagerFactory.java/complete;4.2.1;7;2;1;0;3;1;2;0;1;1;8;0;8;1;No
Bookkeeper;/home/denni/isw2/bookkeeper/bookkeeper-server/src/main/java/org/apache/bookkeeper/meta/MSLedgerManagerFactory.java/hasNext;4.2.1;11;3;3;0;0;2;3;0;1;1;9;0;9;1;No
Bookkeeper;/home/denni/isw2/bookkeeper/bookkeeper-server/src/main/java/org/apache/bookkeeper/meta/MSLedgerManagerFactory.java/process;4.2.1;41;4;3;0;6;1;5;5;1;0;0;0;0;0;No
Bookkeeper;/home/denni/isw2/bookkeeper/bookkeeper-server/src/main/java/org/apache/bookkeeper/meta/ZkLedgerUnderreplicationManager.java/checkLayout;4.2.1;32;12;14;0;0;4;4;4;1;1;2;2;4;1;No
Bookkeeper;/home/denni/isw2/bookkeeper/bookkeeper-server/src/main/java/org/apache/bookkeeper/meta/ZkLedgerUnderreplicationManager.java/getLedgerId;4.2.1;6;2;1;0;1;1;2;1;1;0;0;0;0;0;No
Bookkeeper;/home/denni/isw2/bookkeeper/bookkeeper-server/src/main/java/org/apache/bookkeeper/meta/ZkLedgerUnderreplicationManager.java/markLedgerUnderreplicated;4.2.1;35;10;14;0;2;6;2;5;1;2;6;7;13;1;No
Bookkeeper;/home/denni/isw2/bookkeeper/bookkeeper-server/src/main/java/org/apache/bookkeeper/meta/ZkLedgerUnderreplicationManager.java/markLedgerReplicated;4.2.1;26;9;12;0;1;5;2;6;1;1;18;0;18;1;No
Bookkeeper;/home/denni/isw2/bookkeeper/bookkeeper-server/src/main/java/org/apache/bookkeeper/meta/ZkLedgerUnderreplicationManager.java/getLedgerToRereplicateFromHierarchy;4.2.1;43;11;13;0;3;4;6;9;1;4;30;4;34;1;No
Bookkeeper;/home/denni/isw2/bookkeeper/bookkeeper-server/src/main/java/org/apache/bookkeeper/meta/ZkLedgerUnderreplicationManager.java/getLedgerToRereplicate;4.2.1;21;6;7;0;0;3;2;3;1;1;30;1;31;1;No
Bookkeeper;/home/denni/isw2/bookkeeper/bookkeeper-server/src/main/java/org/apache/bookkeeper/meta/ZkLedgerUnderreplicationManager.java/process;4.2.1;3;2;1;0;1;1;1;0;1;1;8;0;8;1;No
Bookkeeper;/home/denni/isw2/bookkeeper/bookkeeper-server/src/main/java/org/apache/bookkeeper/meta/ZkLedgerUnderreplicationManager.java/isLedgerReplicationEnabled;4.2.1;13;4;4;0;0;2;2;0;1;1;2;1;3;1;No
Bookkeeper;/home/denni/isw2/bookkeeper/bookkeeper-server/src/main/java/org/apache/bookkeeper/meta/ZkLedgerUnderreplicationManager.java/notifyLedgerReplicationEnabled;4.2.1;18;5;5;0;1;2;3;1;1;0;0;0;0;0;No
Bookkeeper;/home/denni/isw2/bookkeeper/bookkeeper-server/src/main/java/org/apache/bookkeeper/meta/ZkLedgerUnderreplicationManager.java/process;4.2.1;3;2;1;0;1;1;1;0;1;0;0;0;0;0;No
Bookkeeper;/home/denni/isw2/bookkeeper/bookkeeper-server/src/main/java/org/apache/bookkeeper/meta/HierarchicalLedgerManager.java/close;4.2.1;7;2;2;0;0;2;2;0;1;1;1;1;2;1;No
Bookkeeper;/home/denni/isw2/bookkeeper/bookkeeper-server/src/main/java/org/apache/bookkeeper/meta/HierarchicalLedgerManager.java/createLedger;4.2.1;45;5;5;0;2;2;1;4;1;4;13;17;30;2;No
Bookkeeper;/home/denni/isw2/bookkeeper/bookkeeper-server/src/main/java/org/apache/bookkeeper/meta/HierarchicalLedgerManager.java/processResult;4.2.1;41;5;5;0;4;2;8;4;1;4;12;6;18;2;No
Bookkeeper;/home/denni/isw2/bookkeeper/bookkeeper-server/src/main/java/org/apache/bookkeeper/meta/HierarchicalLedgerManager.java/processResult;4.2.1;8;2;1;0;4;1;1;0;1;1;1;1;2;1;No
Bookkeeper;/home/denni/isw2/bookkeeper/bookkeeper-server/src/main/java/org/apache/bookkeeper/meta/HierarchicalLedgerManager.java/run;4.2.1;10;2;1;0;0;1;1;0;1;1;5;0;5;1;No
Bookkeeper;/home/denni/isw2/bookkeeper/bookkeeper-server/src/main/java/org/apache/bookkeeper/meta/HierarchicalLedgerManager.java/processResult;4.2.1;6;2;1;0;3;1;1;0;1;1;4;0;4;1;No
Bookkeeper;/home/denni/isw2/bookkeeper/bookkeeper-server/src/main/java/org/apache/bookkeeper/meta/HierarchicalLedgerManager.java/getLedgerIdFromGenPath;4.2.1;8;2;2;0;1;2;3;2;1;2;4;2;6;2;No
Bookkeeper;/home/denni/isw2/bookkeeper/bookkeeper-server/src/main/java/org/apache/bookkeeper/meta/HierarchicalLedgerManager.java/getStartLedgerIdByLevel;4.2.1;11;1;0;0;2;0;1;0;1;0;0;0;0;0;No
Bookkeeper;/home/denni/isw2/bookkeeper/bookkeeper-server/src/main/java/org/apache/bookkeeper/meta/HierarchicalLedgerManager.java/getEndLedgerIdByLevel;4.2.1;11;1;0;0;2;0;1;0;1;0;0;0;0;0;No
Bookkeeper;/home/denni/isw2/bookkeeper/bookkeeper-server/src/main/java/org/apache/bookkeeper/meta/HierarchicalLedgerManager.java/asyncProcessLevelNodes;4.2.1;22;3;2;0;6;1;1;1;1;0;0;0;0;0;No
Bookkeeper;/home/denni/isw2/bookkeeper/bookkeeper-server/src/main/java/org/apache/bookkeeper/meta/HierarchicalLedgerManager.java/processResult;4.2.1;16;3;2;0;3;1;2;1;1;0;0;0;0;0;No
Bookkeeper;/home/denni/isw2/bookkeeper/bookkeeper-server/src/main/java/org/apache/bookkeeper/meta/HierarchicalLedgerManager.java/processResult;4.2.1;8;2;1;0;4;1;3;1;1;0;0;0;0;0;No
Bookkeeper;/home/denni/isw2/bookkeeper/bookkeeper-server/src/main/java/org/apache/bookkeeper/meta/HierarchicalLedgerManager.java/process;4.2.1;42;4;3;0;6;1;6;7;1;2;4;11;15;1;No
Bookkeeper;/home/denni/isw2/bookkeeper/bookkeeper-server/src/main/java/org/apache/bookkeeper/meta/HierarchicalLedgerManager.java/hasNext;4.2.1;11;4;5;0;0;3;2;0;1;3;16;2;18;1;No
Bookkeeper;/home/denni/isw2/bookkeeper/bookkeeper-server/src/main/java/org/apache/bookkeeper/meta/HierarchicalLedgerManager.java/getLedgerRangeByLevel;4.2.1;22;3;3;0;2;2;8;4;1;1;19;0;19;1;No
Bookkeeper;/home/denni/isw2/bookkeeper/bookkeeper-server/src/main/java/org/apache/bookkeeper/client/LedgerFragmentReplicator.java/replicateFragmentInternal;4.2.1;33;6;5;0;4;1;10;7;1;2;15;19;34;1;No
Bookkeeper;/home/denni/isw2/bookkeeper/bookkeeper-server/src/main/java/org/apache/bookkeeper/client/LedgerFragmentReplicator.java/replicate;4.2.1;24;1;0;0;4;0;3;1;1;1;10;0;10;1;No
Bookkeeper;/home/denni/isw2/bookkeeper/bookkeeper-server/src/main/java/org/apache/bookkeeper/client/LedgerFragmentReplicator.java/replicateNextBatch;4.2.1;19;4;5;0;4;3;1;0;1;1;29;0;29;1;No
Bookkeeper;/home/denni/isw2/bookkeeper/bookkeeper-server/src/main/java/org/apache/bookkeeper/client/LedgerFragmentReplicator.java/processResult;4.2.1;6;2;1;0;3;1;1;0;1;1;10;0;10;1;No
Bookkeeper;/home/denni/isw2/bookkeeper/bookkeeper-server/src/main/java/org/apache/bookkeeper/client/LedgerFragmentReplicator.java/splitIntoSubFragments;4.2.1;26;5;4;0;3;1;12;8;2;1;37;0;37;1;No
Bookkeeper;/home/denni/isw2/bookkeeper/bookkeeper-server/src/main/java/org/apache/bookkeeper/client/LedgerFragmentReplicator.java/recoverLedgerFragmentEntry;4.2.1;51;4;4;0;4;2;1;3;1;1;3;2;5;1;No
Bookkeeper;/home/denni/isw2/bookkeeper/bookkeeper-server/src/main/java/org/apache/bookkeeper/client/LedgerFragmentReplicator.java/readComplete;4.2.1;27;4;4;0;4;2;5;3;1;1;3;2;5;1;No
Bookkeeper;/home/denni/isw2/bookkeeper/bookkeeper-server/src/main/java/org/apache/bookkeeper/client/LedgerFragmentReplicator.java/writeComplete;4.2.1;12;3;3;0;5;2;2;0;1;0;0;0;0;0;No
Bookkeeper;/home/denni/isw2/bookkeeper/bookkeeper-server/src/main/java/org/apache/bookkeeper/client/LedgerFragmentReplicator.java/processResult;4.2.1;7;2;1;0;3;1;2;0;1;1;2;0;2;1;No
Bookkeeper;/home/denni/isw2/bookkeeper/bookkeeper-server/src/main/java/org/apache/bookkeeper/client/LedgerFragmentReplicator.java/updateEnsembleInfo;4.2.1;13;1;0;0;5;0;5;2;1;1;15;0;15;1;No
Bookkeeper;/home/denni/isw2/bookkeeper/bookkeeper-server/src/main/java/org/apache/bookkeeper/client/LedgerFragmentReplicator.java/operationComplete;4.2.1;24;4;4;0;2;2;2;0;1;1;43;0;43;1;No
Bookkeeper;/home/denni/isw2/bookkeeper/bookkeeper-server/src/main/java/org/apache/bookkeeper/client/LedgerFragmentReplicator.java/safeOperationComplete;4.2.1;8;2;1;0;2;1;1;0;1;1;15;0;15;1;No
Bookkeeper;/home/denni/isw2/bookkeeper/bookkeeper-server/src/main/java/org/apache/bookkeeper/client/BKException.java/create;4.2.1;53;24;1;0;1;1;1;0;1;7;14;0;14;1;No
Bookkeeper;/home/denni/isw2/bookkeeper/bookkeeper-server/src/main/java/org/apache/bookkeeper/client/BKException.java/getMessage;4.2.1;50;25;1;0;1;1;1;0;1;7;14;0;14;1;No
Bookkeeper;/home/denni/isw2/bookkeeper/bookkeeper-server/src/main/java/org/apache/bookkeeper/client/BookieWatcher.java/processResult;4.2.1;15;3;2;0;4;1;6;2;1;5;34;6;40;3;Yes
Bookkeeper;/home/denni/isw2/bookkeeper/bookkeeper-server/src/main/java/org/apache/bookkeeper/client/BookieWatcher.java/convertToBookieAddresses;4.2.1;11;3;4;0;1;3;3;3;2;1;1;0;1;1;No
Bookkeeper;/home/denni/isw2/bookkeeper/bookkeeper-server/src/main/java/org/apache/bookkeeper/client/BookieWatcher.java/readBookiesBlocking;4.2.1;20;3;3;0;0;2;5;2;1;0;0;0;0;0;No
Bookkeeper;/home/denni/isw2/bookkeeper/bookkeeper-server/src/main/java/org/apache/bookkeeper/client/BookieWatcher.java/processResult;4.2.1;7;2;2;0;4;2;1;0;1;0;0;0;0;0;No
Bookkeeper;/home/denni/isw2/bookkeeper/bookkeeper-server/src/main/java/org/apache/bookkeeper/client/BookieWatcher.java/getNewBookies;4.2.1;8;1;0;0;1;0;1;0;2;0;0;0;0;0;No
Bookkeeper;/home/denni/isw2/bookkeeper/bookkeeper-server/src/main/java/org/apache/bookkeeper/client/BookieWatcher.java/getAdditionalBookies;4.2.1;23;5;5;0;2;2;7;3;2;1;2;0;2;1;No
Bookkeeper;/home/denni/isw2/bookkeeper/bookkeeper-server/src/main/java/org/apache/bookkeeper/client/BookieWatcher.java/readROBookiesBlocking;4.2.1;14;3;3;0;0;2;4;2;1;1;19;0;19;1;No
Bookkeeper;/home/denni/isw2/bookkeeper/bookkeeper-server/src/main/java/org/apache/bookkeeper/client/BookieWatcher.java/processResult;4.2.1;7;2;2;0;4;2;1;0;1;1;8;0;8;1;No
Bookkeeper;/home/denni/isw2/bookkeeper/bookkeeper-server/src/main/java/org/apache/bookkeeper/client/BookieWatcher.java/processResult;4.2.1;7;2;1;0;4;1;3;1;1;1;9;0;9;1;No
Bookkeeper;/home/denni/isw2/bookkeeper/bookkeeper-server/src/main/java/org/apache/bookkeeper/client/BookieWatcher.java/getReadOnlyBookies;4.2.1;2;1;0;0;0;0;1;0;2;0;0;0;0;0;No
Bookkeeper;/home/denni/isw2/bookkeeper/bookkeeper-server/src/main/java/org/apache/bookkeeper/client/PendingAddOp.java/setEntryId;4.2.1;3;1;0;0;1;0;2;0;1;4;5;2;7;2;No
Bookkeeper;/home/denni/isw2/bookkeeper/bookkeeper-server/src/main/java/org/apache/bookkeeper/client/PendingAddOp.java/sendWriteRequest;4.2.1;3;2;1;0;1;0;2;1;1;2;2;1;3;2;No
Bookkeeper;/home/denni/isw2/bookkeeper/bookkeeper-server/src/main/java/org/apache/bookkeeper/client/PendingAddOp.java/unsetSuccessAndSendWriteRequest;4.2.1;11;4;3;0;1;1;6;0;1;4;27;25;52;3;No
Bookkeeper;/home/denni/isw2/bookkeeper/bookkeeper-server/src/main/java/org/apache/bookkeeper/client/PendingAddOp.java/writeComplete;4.2.1;25;7;3;0;5;1;4;1;1;5;26;11;37;2;No
Bookkeeper;/home/denni/isw2/bookkeeper/bookkeeper-server/src/main/java/org/apache/bookkeeper/client/LedgerChecker.java/readEntryComplete;4.2.1;6;4;4;0;5;2;1;0;1;0;0;0;0;0;No
Bookkeeper;/home/denni/isw2/bookkeeper/bookkeeper-server/src/main/java/org/apache/bookkeeper/client/LedgerChecker.java/verifyLedgerFragment;4.2.1;15;4;4;0;2;2;4;4;1;0;0;0;0;0;No
Bookkeeper;/home/denni/isw2/bookkeeper/bookkeeper-server/src/main/java/org/apache/bookkeeper/client/LedgerChecker.java/readEntryComplete;4.2.1;5;3;2;0;5;1;2;0;1;0;0;0;0;0;No
Bookkeeper;/home/denni/isw2/bookkeeper/bookkeeper-server/src/main/java/org/apache/bookkeeper/client/LedgerChecker.java/operationComplete;4.2.1;5;3;2;0;2;1;2;0;1;0;0;0;0;0;No
Bookkeeper;/home/denni/isw2/bookkeeper/bookkeeper-server/src/main/java/org/apache/bookkeeper/client/LedgerChecker.java/checkLedger;4.2.1;50;10;11;0;2;3;6;12;1;3;11;11;22;1;No
Bookkeeper;/home/denni/isw2/bookkeeper/bookkeeper-server/src/main/java/org/apache/bookkeeper/client/LedgerChecker.java/checkFragments;4.2.1;12;4;5;0;2;3;3;2;1;0;0;0;0;0;No
Bookkeeper;/home/denni/isw2/bookkeeper/bookkeeper-server/src/main/java/org/apache/bookkeeper/client/LedgerCreateOp.java/initiate;4.2.1;19;2;2;0;0;2;4;1;1;6;33;12;45;2;No
Bookkeeper;/home/denni/isw2/bookkeeper/bookkeeper-server/src/main/java/org/apache/bookkeeper/client/LedgerCreateOp.java/operationComplete;4.2.1;19;4;4;0;2;2;3;0;1;2;1;32;33;1;No
Bookkeeper;/home/denni/isw2/bookkeeper/bookkeeper-server/src/main/java/org/apache/bookkeeper/client/BookKeeperAdmin.java/getAvailableBookies;4.2.1;8;1;0;0;0;0;2;0;2;2;7;0;7;2;Yes
Bookkeeper;/home/denni/isw2/bookkeeper/bookkeeper-server/src/main/java/org/apache/bookkeeper/client/BookKeeperAdmin.java/openLedger;4.2.1;20;2;1;0;1;1;6;1;1;1;11;0;11;1;No
Bookkeeper;/home/denni/isw2/bookkeeper/bookkeeper-server/src/main/java/org/apache/bookkeeper/client/BookKeeperAdmin.java/openLedgerNoRecovery;4.2.1;20;2;1;0;1;1;6;1;1;2;13;0;13;2;No
Bookkeeper;/home/denni/isw2/bookkeeper/bookkeeper-server/src/main/java/org/apache/bookkeeper/client/BookKeeperAdmin.java/recoverBookieData;4.2.1;35;3;2;0;2;1;4;2;1;1;1;1;2;1;No
Bookkeeper;/home/denni/isw2/bookkeeper/bookkeeper-server/src/main/java/org/apache/bookkeeper/client/BookKeeperAdmin.java/recoverComplete;4.2.1;8;1;0;0;2;0;3;1;1;0;0;0;0;0;No
Bookkeeper;/home/denni/isw2/bookkeeper/bookkeeper-server/src/main/java/org/apache/bookkeeper/client/BookKeeperAdmin.java/asyncRecoverBookieData;4.2.1;33;2;1;0;4;1;1;0;1;0;0;0;0;0;No
Bookkeeper;/home/denni/isw2/bookkeeper/bookkeeper-server/src/main/java/org/apache/bookkeeper/client/BookKeeperAdmin.java/processResult;4.2.1;7;2;1;0;3;1;2;0;1;0;0;0;0;0;No
Bookkeeper;/home/denni/isw2/bookkeeper/bookkeeper-server/src/main/java/org/apache/bookkeeper/client/BookKeeperAdmin.java/getAvailableBookies;4.2.1;43;6;7;0;4;3;2;3;1;3;19;2;21;2;No
Bookkeeper;/home/denni/isw2/bookkeeper/bookkeeper-server/src/main/java/org/apache/bookkeeper/client/BookKeeperAdmin.java/processResult;4.2.1;16;5;5;0;4;2;3;2;1;2;4;0;4;1;No
Bookkeeper;/home/denni/isw2/bookkeeper/bookkeeper-server/src/main/java/org/apache/bookkeeper/client/BookKeeperAdmin.java/getActiveLedgers;4.2.1;37;1;0;0;5;0;3;2;1;3;20;0;20;2;No
Bookkeeper;/home/denni/isw2/bookkeeper/bookkeeper-server/src/main/java/org/apache/bookkeeper/client/BookKeeperAdmin.java/getNewBookie;4.2.1;11;2;1;0;2;1;5;1;1;1;9;0;9;1;No
Bookkeeper;/home/denni/isw2/bookkeeper/bookkeeper-server/src/main/java/org/apache/bookkeeper/client/BookKeeperAdmin.java/recoverLedger;4.2.1;116;18;21;0;4;5;2;16;1;6;113;145;258;3;No
Bookkeeper;/home/denni/isw2/bookkeeper/bookkeeper-server/src/main/java/org/apache/bookkeeper/client/BookKeeperAdmin.java/openComplete;4.2.1;94;18;21;0;3;5;11;16;1;6;112;143;255;3;No
Bookkeeper;/home/denni/isw2/bookkeeper/bookkeeper-server/src/main/java/org/apache/bookkeeper/client/BookKeeperAdmin.java/openComplete;4.2.1;7;2;1;0;3;1;2;0;1;1;3;9;12;1;No
Bookkeeper;/home/denni/isw2/bookkeeper/bookkeeper-server/src/main/java/org/apache/bookkeeper/client/BookKeeperAdmin.java/asyncRecoverLedgerFragment;4.2.1;18;1;0;0;4;0;1;0;1;1;3;3;6;1;No
Bookkeeper;/home/denni/isw2/bookkeeper/bookkeeper-server/src/main/java/org/apache/bookkeeper/client/BookKeeperAdmin.java/replicateLedgerFragment;4.2.1;19;2;1;0;3;1;7;3;1;2;4;3;7;2;No
Bookkeeper;/home/denni/isw2/bookkeeper/bookkeeper-server/src/main/java/org/apache/bookkeeper/client/BookKeeperAdmin.java/format;4.2.1;53;11;13;0;3;4;5;7;1;6;164;17;181;4;Yes
Bookkeeper;/home/denni/isw2/bookkeeper/bookkeeper-server/src/main/java/org/apache/bookkeeper/client/RoundRobinDistributionSchedule.java/getAckSet;4.2.1;10;1;0;0;0;0;2;1;1;2;19;4;23;1;No
Bookkeeper;/home/denni/isw2/bookkeeper/bookkeeper-server/src/main/java/org/apache/bookkeeper/client/BookKeeper.java/createLedger;4.2.1;29;2;1;0;5;1;6;1;1;6;59;1;60;2;No
Bookkeeper;/home/denni/isw2/bookkeeper/bookkeeper-server/src/main/java/org/apache/bookkeeper/client/BookKeeper.java/openLedger;4.2.1;28;2;1;0;3;1;6;1;1;4;19;3;22;3;No
Bookkeeper;/home/denni/isw2/bookkeeper/bookkeeper-server/src/main/java/org/apache/bookkeeper/client/BookKeeper.java/openLedgerNoRecovery;4.2.1;28;2;1;0;3;1;6;1;1;2;16;2;18;2;No
Bookkeeper;/home/denni/isw2/bookkeeper/bookkeeper-server/src/main/java/org/apache/bookkeeper/client/BookKeeper.java/deleteLedger;4.2.1;18;2;1;0;1;1;5;1;1;2;1;2;3;1;No
Bookkeeper;/home/denni/isw2/bookkeeper/bookkeeper-server/src/main/java/org/apache/bookkeeper/client/LedgerHandle.java/writeLedgerConfig;4.2.1;3;1;0;0;1;0;2;0;1;2;6;0;6;2;No
Bookkeeper;/home/denni/isw2/bookkeeper/bookkeeper-server/src/main/java/org/apache/bookkeeper/client/LedgerHandle.java/close;4.2.1;11;2;1;0;0;1;5;1;1;3;15;1;16;2;No
Bookkeeper;/home/denni/isw2/bookkeeper/bookkeeper-server/src/main/java/org/apache/bookkeeper/client/LedgerHandle.java/asyncCloseInternal;4.2.1;62;7;8;0;3;3;1;3;1;11;168;113;281;3;No
Bookkeeper;/home/denni/isw2/bookkeeper/bookkeeper-server/src/main/java/org/apache/bookkeeper/client/LedgerHandle.java/safeRun;4.2.1;50;7;8;0;0;3;8;3;1;10;159;109;268;3;No
Bookkeeper;/home/denni/isw2/bookkeeper/bookkeeper-server/src/main/java/org/apache/bookkeeper/client/LedgerHandle.java/safeOperationComplete;4.2.1;30;6;7;0;2;3;1;0;1;6;92;46;138;3;No
Bookkeeper;/home/denni/isw2/bookkeeper/bookkeeper-server/src/main/java/org/apache/bookkeeper/client/LedgerHandle.java/safeOperationComplete;4.2.1;20;4;4;0;2;2;1;0;1;6;71;31;102;3;No
Bookkeeper;/home/denni/isw2/bookkeeper/bookkeeper-server/src/main/java/org/apache/bookkeeper/client/LedgerHandle.java/readEntries;4.2.1;16;2;1;0;2;1;6;1;2;3;15;3;18;2;No
Bookkeeper;/home/denni/isw2/bookkeeper/bookkeeper-server/src/main/java/org/apache/bookkeeper/client/LedgerHandle.java/addEntry;4.2.1;21;2;1;0;3;1;8;2;1;6;66;20;86;2;No
Bookkeeper;/home/denni/isw2/bookkeeper/bookkeeper-server/src/main/java/org/apache/bookkeeper/client/LedgerHandle.java/doAsyncAddEntry;4.2.1;24;4;4;0;6;2;6;3;1;6;64;14;78;2;No
Bookkeeper;/home/denni/isw2/bookkeeper/bookkeeper-server/src/main/java/org/apache/bookkeeper/client/LedgerHandle.java/asyncReadLastConfirmed;4.2.1;26;2;1;0;2;1;2;1;1;2;25;0;25;1;No
Bookkeeper;/home/denni/isw2/bookkeeper/bookkeeper-server/src/main/java/org/apache/bookkeeper/client/LedgerHandle.java/readLastConfirmedDataComplete;4.2.1;8;2;1;0;2;1;1;0;1;2;17;0;17;1;No
Bookkeeper;/home/denni/isw2/bookkeeper/bookkeeper-server/src/main/java/org/apache/bookkeeper/client/LedgerHandle.java/readLastConfirmed;4.2.1;25;3;2;0;0;1;5;1;1;6;30;1;31;2;No
Bookkeeper;/home/denni/isw2/bookkeeper/bookkeeper-server/src/main/java/org/apache/bookkeeper/client/LedgerHandle.java/sendAddSuccessCallbacks;4.2.1;8;3;3;0;0;2;2;1;1;4;36;2;38;2;No
Bookkeeper;/home/denni/isw2/bookkeeper/bookkeeper-server/src/main/java/org/apache/bookkeeper/client/LedgerHandle.java/replaceBookieInMetadata;4.2.1;13;2;1;0;2;1;6;3;2;7;67;66;133;3;No
Bookkeeper;/home/denni/isw2/bookkeeper/bookkeeper-server/src/main/java/org/apache/bookkeeper/client/LedgerHandle.java/handleBookieFailure;4.2.1;15;3;3;0;2;2;2;2;1;6;82;7;89;2;No
Bookkeeper;/home/denni/isw2/bookkeeper/bookkeeper-server/src/main/java/org/apache/bookkeeper/client/LedgerHandle.java/safeOperationComplete;4.2.1;11;3;3;0;2;2;3;0;1;6;51;6;57;2;No
Bookkeeper;/home/denni/isw2/bookkeeper/bookkeeper-server/src/main/java/org/apache/bookkeeper/client/LedgerHandle.java/safeOperationComplete;4.2.1;9;3;3;0;2;2;1;0;1;5;33;3;36;3;Yes
Bookkeeper;/home/denni/isw2/bookkeeper/bookkeeper-server/src/main/java/org/apache/bookkeeper/client/LedgerHandle.java/resolveConflict;4.2.1;23;4;4;0;1;2;4;0;1;3;34;2;36;2;Yes
Bookkeeper;/home/denni/isw2/bookkeeper/bookkeeper-server/src/main/java/org/apache/bookkeeper/client/LedgerHandle.java/recover;4.2.1;29;6;6;0;1;2;4;0;1;2;7;4;11;1;No
Bookkeeper;/home/denni/isw2/bookkeeper/bookkeeper-server/src/main/java/org/apache/bookkeeper/client/LedgerHandle.java/safeOperationComplete;4.2.1;17;4;4;0;2;2;1;0;1;1;5;4;9;1;No
Bookkeeper;/home/denni/isw2/bookkeeper/bookkeeper-server/src/main/java/org/apache/bookkeeper/client/LedgerHandle.java/safeOperationComplete;4.2.1;7;2;1;0;2;1;1;0;1;1;3;1;4;1;No
Bookkeeper;/home/denni/isw2/bookkeeper/bookkeeper-server/src/main/java/org/apache/bookkeeper/client/LedgerHandle.java/closeComplete;4.2.1;4;2;1;0;3;1;1;0;1;0;0;0;0;0;No
Bookkeeper;/home/denni/isw2/bookkeeper/bookkeeper-server/src/main/java/org/apache/bookkeeper/client/LedgerOpenOp.java/operationComplete;4.2.1;61;13;14;0;2;3;7;2;1;9;91;43;134;3;No
Bookkeeper;/home/denni/isw2/bookkeeper/bookkeeper-server/src/main/java/org/apache/bookkeeper/client/LedgerOpenOp.java/safeOperationComplete;4.2.1;8;3;3;0;2;2;1;0;1;1;1;0;1;1;No
Bookkeeper;/home/denni/isw2/bookkeeper/bookkeeper-server/src/main/java/org/apache/bookkeeper/client/LedgerOpenOp.java/readLastConfirmedComplete;4.2.1;7;2;1;0;3;1;1;0;1;0;0;0;0;0;No
Bookkeeper;/home/denni/isw2/bookkeeper/bookkeeper-server/src/main/java/org/apache/bookkeeper/client/DigestManager.java/verifyDigest;4.2.1;22;6;6;0;3;2;12;6;1;2;11;4;15;2;No
Bookkeeper;/home/denni/isw2/bookkeeper/bookkeeper-server/src/main/java/org/apache/bookkeeper/client/LedgerRecoveryOp.java/initiate;4.2.1;19;3;3;0;0;2;2;1;1;3;18;27;45;2;Yes
Bookkeeper;/home/denni/isw2/bookkeeper/bookkeeper-server/src/main/java/org/apache/bookkeeper/client/LedgerRecoveryOp.java/readLastConfirmedDataComplete;4.2.1;10;3;3;0;2;2;1;0;1;3;14;14;28;2;Yes
Bookkeeper;/home/denni/isw2/bookkeeper/bookkeeper-server/src/main/java/org/apache/bookkeeper/client/LedgerRecoveryOp.java/doRecoveryRead;4.2.1;9;2;2;0;0;2;2;1;1;2;9;1;10;1;Yes
Bookkeeper;/home/denni/isw2/bookkeeper/bookkeeper-server/src/main/java/org/apache/bookkeeper/client/LedgerRecoveryOp.java/readComplete;4.2.1;29;4;4;0;4;2;5;2;1;7;13;14;27;3;Yes
Bookkeeper;/home/denni/isw2/bookkeeper/bookkeeper-server/src/main/java/org/apache/bookkeeper/client/LedgerRecoveryOp.java/closeComplete;4.2.1;8;2;1;0;3;1;1;0;1;2;2;2;4;2;No
Bookkeeper;/home/denni/isw2/bookkeeper/bookkeeper-server/src/main/java/org/apache/bookkeeper/client/LedgerRecoveryOp.java/addComplete;4.2.1;7;2;1;0;4;1;2;0;1;4;10;1;11;2;Yes
Bookkeeper;/home/denni/isw2/bookkeeper/bookkeeper-server/src/main/java/org/apache/bookkeeper/client/LedgerMetadata.java/getEnsembles;4.2.1;9;1;0;0;0;0;1;0;4;1;2;0;2;1;No
Bookkeeper;/home/denni/isw2/bookkeeper/bookkeeper-server/src/main/java/org/apache/bookkeeper/client/LedgerMetadata.java/addEnsemble;4.2.1;4;1;0;0;2;0;3;0;1;2;6;0;6;1;No
Bookkeeper;/home/denni/isw2/bookkeeper/bookkeeper-server/src/main/java/org/apache/bookkeeper/client/LedgerMetadata.java/getEnsemble;4.2.1;2;1;0;0;1;0;1;0;2;3;9;0;9;2;No
Bookkeeper;/home/denni/isw2/bookkeeper/bookkeeper-server/src/main/java/org/apache/bookkeeper/client/LedgerMetadata.java/getNextEnsembleChange;4.2.1;13;2;1;0;1;1;2;1;1;2;3;2;5;1;No
Bookkeeper;/home/denni/isw2/bookkeeper/bookkeeper-server/src/main/java/org/apache/bookkeeper/client/LedgerMetadata.java/serialize;4.2.1;23;5;5;0;0;2;10;5;2;10;59;12;71;4;Yes
Bookkeeper;/home/denni/isw2/bookkeeper/bookkeeper-server/src/main/java/org/apache/bookkeeper/client/LedgerMetadata.java/serializeVersion1;4.2.1;15;5;5;0;0;2;7;3;2;5;47;5;52;3;Yes
Bookkeeper;/home/denni/isw2/bookkeeper/bookkeeper-server/src/main/java/org/apache/bookkeeper/client/LedgerMetadata.java/parseConfig;4.2.1;54;9;9;0;2;2;23;11;1;3;26;2;28;2;No
Bookkeeper;/home/denni/isw2/bookkeeper/bookkeeper-server/src/main/java/org/apache/bookkeeper/client/LedgerMetadata.java/parseVersion1Config;4.2.1;26;6;8;0;2;4;2;5;1;0;0;0;0;0;No
Bookkeeper;/home/denni/isw2/bookkeeper/bookkeeper-server/src/main/java/org/apache/bookkeeper/client/LedgerMetadata.java/resolveConflict;4.2.1;35;8;9;0;1;3;7;5;1;1;12;0;12;1;No
Bookkeeper;/home/denni/isw2/bookkeeper/bookkeeper-server/src/main/java/org/apache/bookkeeper/client/ReadLastConfirmedOp.java/initiate;4.2.1;3;2;1;0;0;1;1;1;1;2;12;1;13;1;No
Bookkeeper;/home/denni/isw2/bookkeeper/bookkeeper-server/src/main/java/org/apache/bookkeeper/client/ReadLastConfirmedOp.java/initiateWithFencing;4.2.1;3;2;1;0;0;1;1;1;1;3;9;4;13;2;No
Bookkeeper;/home/denni/isw2/bookkeeper/bookkeeper-server/src/main/java/org/apache/bookkeeper/client/ReadLastConfirmedOp.java/readEntryComplete;4.2.1;25;8;9;0;5;3;8;3;1;7;35;21;56;3;No
Bookkeeper;/home/denni/isw2/bookkeeper/bookkeeper-server/src/main/java/org/apache/bookkeeper/client/ReadOnlyLedgerHandle.java/addEntry;4.2.1;4;1;0;0;3;0;2;0;1;1;1;1;2;1;No
Bookkeeper;/home/denni/isw2/bookkeeper/bookkeeper-server/src/main/java/org/apache/bookkeeper/client/ReadOnlyLedgerHandle.java/asyncAddEntry;4.2.1;4;1;0;0;5;0;2;0;1;1;2;1;3;1;No
Bookkeeper;/home/denni/isw2/bookkeeper/bookkeeper-server/src/main/java/org/apache/bookkeeper/client/ReadOnlyLedgerHandle.java/handleBookieFailure;4.2.1;16;3;3;0;2;2;2;0;1;1;25;0;25;1;No
Bookkeeper;/home/denni/isw2/bookkeeper/bookkeeper-server/src/main/java/org/apache/bookkeeper/client/PendingReadOp.java/sendNextRead;4.2.1;19;4;4;0;0;2;5;3;1;9;38;8;46;3;Yes
Bookkeeper;/home/denni/isw2/bookkeeper/bookkeeper-server/src/main/java/org/apache/bookkeeper/client/PendingReadOp.java/logErrorAndReattemptRead;4.2.1;15;6;6;0;3;2;7;1;1;6;25;11;36;1;No
Bookkeeper;/home/denni/isw2/bookkeeper/bookkeeper-server/src/main/java/org/apache/bookkeeper/client/PendingReadOp.java/complete;4.2.1;17;3;3;0;2;2;3;1;1;2;6;0;6;1;No
Bookkeeper;/home/denni/isw2/bookkeeper/bookkeeper-server/src/main/java/org/apache/bookkeeper/client/PendingReadOp.java/toString;4.2.1;2;1;0;0;0;0;1;0;1;0;0;0;0;0;No
Bookkeeper;/home/denni/isw2/bookkeeper/bookkeeper-server/src/main/java/org/apache/bookkeeper/client/PendingReadOp.java/initiate;4.2.1;24;8;10;0;0;4;4;6;1;4;46;5;51;1;Yes
Bookkeeper;/home/denni/isw2/bookkeeper/bookkeeper-server/src/main/java/org/apache/bookkeeper/client/PendingReadOp.java/run;4.2.1;9;5;6;0;0;3;3;2;1;3;19;0;19;1;No
Bookkeeper;/home/denni/isw2/bookkeeper/bookkeeper-server/src/main/java/org/apache/bookkeeper/client/PendingReadOp.java/sendReadTo;4.2.1;3;1;0;0;2;0;2;0;1;2;2;0;2;1;No
Bookkeeper;/home/denni/isw2/bookkeeper/bookkeeper-server/src/main/java/org/apache/bookkeeper/client/PendingReadOp.java/readEntryComplete;4.2.1;14;5;5;0;5;2;6;2;1;4;11;6;17;2;No
Bookkeeper;/home/denni/isw2/bookkeeper/bookkeeper-server/src/main/java/org/apache/bookkeeper/client/PendingReadOp.java/submitCallback;4.2.1;5;2;1;0;1;1;2;0;1;1;1;0;1;1;No
Bookkeeper;/home/denni/isw2/bookkeeper/bookkeeper-server/src/main/java/org/apache/bookkeeper/client/PendingReadOp.java/hasMoreElements;4.2.1;2;1;0;0;0;0;1;0;1;0;0;0;0;0;No
Bookkeeper;/home/denni/isw2/bookkeeper/bookkeeper-server/src/main/java/org/apache/bookkeeper/client/PendingReadOp.java/nextElement;4.2.1;2;1;0;0;0;0;1;0;1;0;0;0;0;0;No
Bookkeeper;/home/denni/isw2/bookkeeper/bookkeeper-server/src/main/java/org/apache/bookkeeper/util/LocalBookKeeper.java/runZookeeper;4.2.1;17;3;3;0;1;2;6;1;1;6;37;35;72;4;No
Bookkeeper;/home/denni/isw2/bookkeeper/bookkeeper-server/src/main/java/org/apache/bookkeeper/util/LocalBookKeeper.java/main;4.2.1;18;5;6;0;1;3;8;3;1;4;23;10;33;4;No
Bookkeeper;/home/denni/isw2/bookkeeper/bookkeeper-server/src/main/java/org/apache/bookkeeper/util/LocalBookKeeper.java/usage;4.2.1;2;1;0;0;0;0;1;0;1;2;3;2;5;2;No
Bookkeeper;/home/denni/isw2/bookkeeper/bookkeeper-server/src/main/java/org/apache/bookkeeper/util/LocalBookKeeper.java/waitForServerUp;4.2.1;30;7;9;0;2;4;6;8;1;2;3;3;6;2;Yes
Bookkeeper;/home/denni/isw2/bookkeeper/bookkeeper-server/src/main/java/org/apache/bookkeeper/util/ZkUtils.java/getChildrenInSingleNode;4.2.1;29;4;3;0;2;1;5;1;2;3;54;0;54;2;No
Bookkeeper;/home/denni/isw2/bookkeeper/bookkeeper-server/src/main/java/org/apache/bookkeeper/util/ZkUtils.java/operationComplete;4.2.1;8;2;1;0;2;1;1;0;1;2;20;0;20;1;No
Bookkeeper;/home/denni/isw2/bookkeeper/bookkeeper-server/src/main/java/org/apache/bookkeeper/util/ZkUtils.java/getChildrenInSingleNode;4.2.1;28;3;2;0;3;1;1;0;1;2;47;0;47;2;No
Bookkeeper;/home/denni/isw2/bookkeeper/bookkeeper-server/src/main/java/org/apache/bookkeeper/util/ZkUtils.java/processResult;4.2.1;15;3;2;0;3;1;2;0;1;2;39;0;39;2;No
Bookkeeper;/home/denni/isw2/bookkeeper/bookkeeper-server/src/main/java/org/apache/bookkeeper/util/ZkUtils.java/processResult;4.2.1;7;2;1;0;4;1;2;0;1;2;19;0;19;2;No
Bookkeeper;/home/denni/isw2/bookkeeper/bookkeeper-server/src/main/java/org/apache/bookkeeper/util/StringEntryFormatter.java/formatEntry;4.2.1;3;1;0;0;1;0;1;0;1;0;0;0;0;0;No
Bookkeeper;/home/denni/isw2/bookkeeper/bookkeeper-server/src/main/java/org/apache/bookkeeper/util/StringEntryFormatter.java/formatEntry;4.2.1;8;2;2;0;1;2;1;1;1;0;0;0;0;0;No
Bookkeeper;/home/denni/isw2/bookkeeper/bookkeeper-server/src/main/java/org/apache/bookkeeper/util/DiskChecker.java/mkdirsWithExistsCheck;4.2.1;24;3;3;0;1;2;5;2;1;0;0;0;0;0;No
Bookkeeper;/home/denni/isw2/bookkeeper/bookkeeper-server/src/main/java/org/apache/bookkeeper/util/ReflectionUtils.java/getClass;4.2.1;32;4;5;0;5;3;1;1;2;0;0;0;0;0;No
Bookkeeper;/home/denni/isw2/bookkeeper/bookkeeper-server/src/main/java/org/apache/bookkeeper/util/ReflectionUtils.java/newInstance;4.2.1;20;3;3;0;1;2;3;2;1;0;0;0;0;0;No
Bookkeeper;/home/denni/isw2/bookkeeper/bookkeeper-server/src/main/java/org/apache/bookkeeper/util/ReflectionUtils.java/newInstance;4.2.1;19;3;3;0;2;2;4;1;1;1;12;0;12;1;No
Bookkeeper;/home/denni/isw2/bookkeeper/bookkeeper-server/src/main/java/org/apache/bookkeeper/util/Tool.java/run;4.2.1;8;1;0;0;1;0;0;0;1;0;0;0;0;0;No
Bookkeeper;/home/denni/isw2/bookkeeper/bookkeeper-server/src/main/java/org/apache/bookkeeper/util/Tool.java/setConf;4.2.1;7;1;0;0;1;0;0;0;1;0;0;0;0;0;No
Bookkeeper;/home/denni/isw2/bookkeeper/bookkeeper-server/src/main/java/org/apache/bookkeeper/util/StringUtils.java/parseAddr;4.2.1;17;3;3;0;1;2;6;3;1;0;0;0;0;0;No
Bookkeeper;/home/denni/isw2/bookkeeper/bookkeeper-server/src/main/java/org/apache/bookkeeper/util/EntryFormatter.java/newEntryFormatter;4.2.1;13;2;2;0;2;2;5;4;1;0;0;0;0;0;No
Bookkeeper;/home/denni/isw2/bookkeeper/bookkeeper-server/src/main/java/org/apache/bookkeeper/util/HardLink.java/getOSType;4.2.1;10;4;5;0;0;3;2;1;1;0;0;0;0;0;No
Bookkeeper;/home/denni/isw2/bookkeeper/bookkeeper-server/src/main/java/org/apache/bookkeeper/util/HardLink.java/setLinkCountCmdTemplate;4.2.1;2;1;0;0;1;0;1;0;1;0;0;0;0;0;No
Bookkeeper;/home/denni/isw2/bookkeeper/bookkeeper-server/src/main/java/org/apache/bookkeeper/util/HardLink.java/createHardLink;4.2.1;30;7;8;0;2;3;5;4;1;1;2;2;4;1;Yes
Bookkeeper;/home/denni/isw2/bookkeeper/bookkeeper-server/src/main/java/org/apache/bookkeeper/util/HardLink.java/createHardLinkMult;4.2.1;43;11;12;0;4;3;11;7;1;1;2;2;4;1;Yes
Bookkeeper;/home/denni/isw2/bookkeeper/bookkeeper-server/src/main/java/org/apache/bookkeeper/util/HardLink.java/getLinkCount;4.2.1;38;9;9;0;1;2;10;8;1;1;2;2;4;1;Yes
Bookkeeper;/home/denni/isw2/bookkeeper/bookkeeper-server/src/main/java/org/apache/bookkeeper/util/Main.java/usage;4.2.1;2;1;0;0;0;0;1;0;1;0;0;0;0;0;No
Bookkeeper;/home/denni/isw2/bookkeeper/bookkeeper-server/src/main/java/org/apache/bookkeeper/util/Main.java/main;4.2.1;15;3;2;0;1;1;4;1;1;0;0;0;0;0;No
Bookkeeper;/home/denni/isw2/bookkeeper/bookkeeper-server/src/main/java/org/apache/bookkeeper/util/IOUtils.java/confirmPrompt;4.2.1;24;6;7;0;1;3;1;3;1;1;23;0;23;1;No
Bookkeeper;/home/denni/isw2/bookkeeper/bookkeeper-server/src/main/java/org/apache/bookkeeper/util/OrderedSafeExecutor.java/shutdown;4.2.1;3;2;1;0;0;1;1;1;1;0;0;0;0;0;No
Bookkeeper;/home/denni/isw2/bookkeeper/bookkeeper-server/src/main/java/org/apache/bookkeeper/util/OrderedSafeExecutor.java/awaitTermination;4.2.1;5;2;1;0;2;1;3;2;1;2;12;0;12;2;No
Bookkeeper;/home/denni/isw2/bookkeeper/bookkeeper-server/src/main/java/org/apache/bookkeeper/streaming/LedgerOutputStream.java/flush;4.2.1;13;4;5;0;0;3;1;1;1;0;0;0;0;0;No
Bookkeeper;/home/denni/isw2/bookkeeper/bookkeeper-server/src/main/java/org/apache/bookkeeper/proto/BookieRequestHandler.java/channelDisconnected;4.2.1;2;1;0;0;2;0;1;0;1;0;0;0;0;0;No
Bookkeeper;/home/denni/isw2/bookkeeper/bookkeeper-server/src/main/java/org/apache/bookkeeper/proto/BookieRequestHandler.java/messageReceived;4.2.1;24;7;5;0;2;2;5;2;1;0;0;0;0;0;No
Bookkeeper;/home/denni/isw2/bookkeeper/bookkeeper-server/src/main/java/org/apache/bookkeeper/proto/BookieRequestHandler.java/handleAdd;4.2.1;28;9;9;0;2;2;6;2;1;1;3;2;5;1;Yes
Bookkeeper;/home/denni/isw2/bookkeeper/bookkeeper-server/src/main/java/org/apache/bookkeeper/proto/BookieRequestHandler.java/writeComplete;4.2.1;11;3;3;0;5;2;4;2;1;0;0;0;0;0;No
Bookkeeper;/home/denni/isw2/bookkeeper/bookkeeper-server/src/main/java/org/apache/bookkeeper/proto/BookieRequestHandler.java/handleRead;4.2.1;70;20;22;0;2;4;10;7;1;0;0;0;0;0;No
Bookkeeper;/home/denni/isw2/bookkeeper/bookkeeper-server/src/main/java/org/apache/bookkeeper/proto/BookieClient.java/closeClients;4.2.1;14;5;5;0;1;2;4;4;1;6;34;6;40;3;No
Bookkeeper;/home/denni/isw2/bookkeeper/bookkeeper-server/src/main/java/org/apache/bookkeeper/proto/BookieClient.java/addEntry;4.2.1;17;3;2;0;8;1;3;1;1;3;13;2;15;2;No
Bookkeeper;/home/denni/isw2/bookkeeper/bookkeeper-server/src/main/java/org/apache/bookkeeper/proto/BookieClient.java/operationComplete;4.2.1;10;2;1;0;2;1;2;0;1;1;6;2;8;1;No
Bookkeeper;/home/denni/isw2/bookkeeper/bookkeeper-server/src/main/java/org/apache/bookkeeper/proto/BookieClient.java/readEntryAndFenceLedger;4.2.1;17;3;2;0;6;1;3;1;1;4;14;5;19;2;No
Bookkeeper;/home/denni/isw2/bookkeeper/bookkeeper-server/src/main/java/org/apache/bookkeeper/proto/BookieClient.java/operationComplete;4.2.1;10;2;1;0;2;1;2;0;1;3;6;2;8;2;No
Bookkeeper;/home/denni/isw2/bookkeeper/bookkeeper-server/src/main/java/org/apache/bookkeeper/proto/BookieClient.java/readEntry;4.2.1;17;3;2;0;5;1;3;1;1;1;5;0;5;1;No
Bookkeeper;/home/denni/isw2/bookkeeper/bookkeeper-server/src/main/java/org/apache/bookkeeper/proto/BookieClient.java/operationComplete;4.2.1;10;2;1;0;2;1;2;0;1;0;0;0;0;0;No
Bookkeeper;/home/denni/isw2/bookkeeper/bookkeeper-server/src/main/java/org/apache/bookkeeper/proto/BookieClient.java/main;4.2.1;31;4;3;0;1;1;14;10;1;1;1;1;2;1;Yes
Bookkeeper;/home/denni/isw2/bookkeeper/bookkeeper-server/src/main/java/org/apache/bookkeeper/proto/BookieClient.java/writeComplete;4.2.1;5;2;1;0;5;1;3;1;1;0;0;0;0;0;No
Bookkeeper;/home/denni/isw2/bookkeeper/bookkeeper-server/src/main/java/org/apache/bookkeeper/proto/DataFormats.java/getEnsembleMemberList;4.2.1;2;1;0;0;0;0;1;0;2;0;0;0;0;0;No
Bookkeeper;/home/denni/isw2/bookkeeper/bookkeeper-server/src/main/java/org/apache/bookkeeper/proto/DataFormats.java/getEnsembleMemberCount;4.2.1;2;1;0;0;0;0;1;0;1;0;0;0;0;0;No
Bookkeeper;/home/denni/isw2/bookkeeper/bookkeeper-server/src/main/java/org/apache/bookkeeper/proto/DataFormats.java/getEnsembleMember;4.2.1;2;1;0;0;1;0;1;0;1;0;0;0;0;0;No
Bookkeeper;/home/denni/isw2/bookkeeper/bookkeeper-server/src/main/java/org/apache/bookkeeper/proto/DataFormats.java/hasFirstEntryId;4.2.1;2;1;0;0;0;0;1;0;1;0;0;0;0;0;No
Bookkeeper;/home/denni/isw2/bookkeeper/bookkeeper-server/src/main/java/org/apache/bookkeeper/proto/DataFormats.java/getFirstEntryId;4.2.1;2;1;0;0;0;0;1;0;1;0;0;0;0;0;No
Bookkeeper;/home/denni/isw2/bookkeeper/bookkeeper-server/src/main/java/org/apache/bookkeeper/proto/DataFormats.java/initFields;4.2.1;3;1;0;0;0;0;2;0;1;0;0;0;0;0;No
Bookkeeper;/home/denni/isw2/bookkeeper/bookkeeper-server/src/main/java/org/apache/bookkeeper/proto/DataFormats.java/maybeForceBuilderInitialization;4.2.1;2;2;1;0;0;1;1;0;1;0;0;0;0;0;No
Bookkeeper;/home/denni/isw2/bookkeeper/bookkeeper-server/src/main/java/org/apache/bookkeeper/proto/DataFormats.java/create;4.2.1;2;1;0;0;0;0;1;0;1;0;0;0;0;0;No
Bookkeeper;/home/denni/isw2/bookkeeper/bookkeeper-server/src/main/java/org/apache/bookkeeper/proto/DataFormats.java/clear;4.2.1;7;1;0;0;0;0;6;0;1;0;0;0;0;0;No
Bookkeeper;/home/denni/isw2/bookkeeper/bookkeeper-server/src/main/java/org/apache/bookkeeper/proto/DataFormats.java/clone;4.2.1;2;1;0;0;0;0;1;0;1;0;0;0;0;0;No
Bookkeeper;/home/denni/isw2/bookkeeper/bookkeeper-server/src/main/java/org/apache/bookkeeper/proto/DataFormats.java/buildParsed;4.2.1;5;2;1;0;0;1;3;1;1;0;0;0;0;0;No
Bookkeeper;/home/denni/isw2/bookkeeper/bookkeeper-server/src/main/java/org/apache/bookkeeper/proto/DataFormats.java/buildPartial;4.2.1;14;3;2;0;0;1;10;3;1;0;0;0;0;0;No
Bookkeeper;/home/denni/isw2/bookkeeper/bookkeeper-server/src/main/java/org/apache/bookkeeper/proto/DataFormats.java/mergeFrom;4.2.1;15;5;5;0;1;2;5;0;1;0;0;0;0;0;No
Bookkeeper;/home/denni/isw2/bookkeeper/bookkeeper-server/src/main/java/org/apache/bookkeeper/proto/DataFormats.java/isInitialized;4.2.1;4;2;1;0;0;1;2;0;1;0;0;0;0;0;No
Bookkeeper;/home/denni/isw2/bookkeeper/bookkeeper-server/src/main/java/org/apache/bookkeeper/proto/DataFormats.java/mergeFrom;4.2.1;23;7;5;0;2;3;2;2;1;0;0;0;0;0;No
Bookkeeper;/home/denni/isw2/bookkeeper/bookkeeper-server/src/main/java/org/apache/bookkeeper/proto/DataFormats.java/ensureEnsembleMemberIsMutable;4.2.1;4;2;1;0;0;1;1;0;1;0;0;0;0;0;No
Bookkeeper;/home/denni/isw2/bookkeeper/bookkeeper-server/src/main/java/org/apache/bookkeeper/proto/DataFormats.java/getEnsembleMemberList;4.2.1;2;1;0;0;0;0;1;0;2;0;0;0;0;0;No
Bookkeeper;/home/denni/isw2/bookkeeper/bookkeeper-server/src/main/java/org/apache/bookkeeper/proto/DataFormats.java/getEnsembleMemberCount;4.2.1;2;1;0;0;0;0;1;0;1;0;0;0;0;0;No
Bookkeeper;/home/denni/isw2/bookkeeper/bookkeeper-server/src/main/java/org/apache/bookkeeper/proto/DataFormats.java/getEnsembleMember;4.2.1;2;1;0;0;1;0;1;0;1;0;0;0;0;0;No
Bookkeeper;/home/denni/isw2/bookkeeper/bookkeeper-server/src/main/java/org/apache/bookkeeper/proto/DataFormats.java/setEnsembleMember;4.2.1;7;2;1;0;2;1;5;0;1;0;0;0;0;0;No
Bookkeeper;/home/denni/isw2/bookkeeper/bookkeeper-server/src/main/java/org/apache/bookkeeper/proto/DataFormats.java/addEnsembleMember;4.2.1;7;2;1;0;1;1;5;0;1;0;0;0;0;0;No
Bookkeeper;/home/denni/isw2/bookkeeper/bookkeeper-server/src/main/java/org/apache/bookkeeper/proto/DataFormats.java/clearEnsembleMember;4.2.1;5;1;0;0;0;0;4;0;1;0;0;0;0;0;No
Bookkeeper;/home/denni/isw2/bookkeeper/bookkeeper-server/src/main/java/org/apache/bookkeeper/proto/DataFormats.java/hasFirstEntryId;4.2.1;2;1;0;0;0;0;1;0;1;0;0;0;0;0;No
Bookkeeper;/home/denni/isw2/bookkeeper/bookkeeper-server/src/main/java/org/apache/bookkeeper/proto/DataFormats.java/getFirstEntryId;4.2.1;2;1;0;0;0;0;1;0;1;0;0;0;0;0;No
Bookkeeper;/home/denni/isw2/bookkeeper/bookkeeper-server/src/main/java/org/apache/bookkeeper/proto/DataFormats.java/hasQuorumSize;4.2.1;2;1;0;0;0;0;1;0;1;0;0;0;0;0;No
Bookkeeper;/home/denni/isw2/bookkeeper/bookkeeper-server/src/main/java/org/apache/bookkeeper/proto/DataFormats.java/getQuorumSize;4.2.1;2;1;0;0;0;0;1;0;1;0;0;0;0;0;No
Bookkeeper;/home/denni/isw2/bookkeeper/bookkeeper-server/src/main/java/org/apache/bookkeeper/proto/DataFormats.java/hasEnsembleSize;4.2.1;2;1;0;0;0;0;1;0;1;0;0;0;0;0;No
Bookkeeper;/home/denni/isw2/bookkeeper/bookkeeper-server/src/main/java/org/apache/bookkeeper/proto/DataFormats.java/getEnsembleSize;4.2.1;2;1;0;0;0;0;1;0;1;0;0;0;0;0;No
Bookkeeper;/home/denni/isw2/bookkeeper/bookkeeper-server/src/main/java/org/apache/bookkeeper/proto/DataFormats.java/hasLength;4.2.1;2;1;0;0;0;0;1;0;1;0;0;0;0;0;No
Bookkeeper;/home/denni/isw2/bookkeeper/bookkeeper-server/src/main/java/org/apache/bookkeeper/proto/DataFormats.java/getLength;4.2.1;2;1;0;0;0;0;1;0;1;0;0;0;0;0;No
Bookkeeper;/home/denni/isw2/bookkeeper/bookkeeper-server/src/main/java/org/apache/bookkeeper/proto/DataFormats.java/hasLastEntryId;4.2.1;2;1;0;0;0;0;1;0;1;0;0;0;0;0;No
Bookkeeper;/home/denni/isw2/bookkeeper/bookkeeper-server/src/main/java/org/apache/bookkeeper/proto/DataFormats.java/getLastEntryId;4.2.1;2;1;0;0;0;0;1;0;1;0;0;0;0;0;No
Bookkeeper;/home/denni/isw2/bookkeeper/bookkeeper-server/src/main/java/org/apache/bookkeeper/proto/DataFormats.java/hasState;4.2.1;2;1;0;0;0;0;1;0;1;0;0;0;0;0;No
Bookkeeper;/home/denni/isw2/bookkeeper/bookkeeper-server/src/main/java/org/apache/bookkeeper/proto/DataFormats.java/getState;4.2.1;2;1;0;0;0;0;1;0;1;0;0;0;0;0;No
Bookkeeper;/home/denni/isw2/bookkeeper/bookkeeper-server/src/main/java/org/apache/bookkeeper/proto/DataFormats.java/getSegmentList;4.2.1;2;1;0;0;0;0;1;0;2;0;0;0;0;0;No
Bookkeeper;/home/denni/isw2/bookkeeper/bookkeeper-server/src/main/java/org/apache/bookkeeper/proto/DataFormats.java/getSegmentOrBuilderList;4.2.1;2;1;0;0;0;0;1;0;2;0;0;0;0;0;No
Bookkeeper;/home/denni/isw2/bookkeeper/bookkeeper-server/src/main/java/org/apache/bookkeeper/proto/DataFormats.java/getSegmentCount;4.2.1;2;1;0;0;0;0;1;0;1;0;0;0;0;0;No
Bookkeeper;/home/denni/isw2/bookkeeper/bookkeeper-server/src/main/java/org/apache/bookkeeper/proto/DataFormats.java/getSegment;4.2.1;2;1;0;0;1;0;1;0;1;0;0;0;0;0;No
Bookkeeper;/home/denni/isw2/bookkeeper/bookkeeper-server/src/main/java/org/apache/bookkeeper/proto/DataFormats.java/getSegmentOrBuilder;4.2.1;2;1;0;0;1;0;1;0;1;1;3;0;3;1;No
Bookkeeper;/home/denni/isw2/bookkeeper/bookkeeper-server/src/main/java/org/apache/bookkeeper/proto/DataFormats.java/hasDigestType;4.2.1;2;1;0;0;0;0;1;0;1;1;2;0;2;1;No
Bookkeeper;/home/denni/isw2/bookkeeper/bookkeeper-server/src/main/java/org/apache/bookkeeper/proto/DataFormats.java/getDigestType;4.2.1;2;1;0;0;0;0;1;0;1;1;2;0;2;1;No
Bookkeeper;/home/denni/isw2/bookkeeper/bookkeeper-server/src/main/java/org/apache/bookkeeper/proto/DataFormats.java/hasPassword;4.2.1;2;1;0;0;0;0;1;0;1;1;2;0;2;1;No
Bookkeeper;/home/denni/isw2/bookkeeper/bookkeeper-server/src/main/java/org/apache/bookkeeper/proto/DataFormats.java/getPassword;4.2.1;2;1;0;0;0;0;1;0;1;0;0;0;0;0;No
Bookkeeper;/home/denni/isw2/bookkeeper/bookkeeper-server/src/main/java/org/apache/bookkeeper/proto/DataFormats.java/hasAckQuorumSize;4.2.1;2;1;0;0;0;0;1;0;1;2;3;0;3;2;No
Bookkeeper;/home/denni/isw2/bookkeeper/bookkeeper-server/src/main/java/org/apache/bookkeeper/proto/DataFormats.java/getAckQuorumSize;4.2.1;2;1;0;0;0;0;1;0;1;1;2;0;2;1;No
Bookkeeper;/home/denni/isw2/bookkeeper/bookkeeper-server/src/main/java/org/apache/bookkeeper/proto/DataFormats.java/initFields;4.2.1;10;1;0;0;0;0;9;0;1;1;1;0;1;1;No
Bookkeeper;/home/denni/isw2/bookkeeper/bookkeeper-server/src/main/java/org/apache/bookkeeper/proto/DataFormats.java/writeTo;4.2.1;21;10;9;0;1;1;11;1;1;2;9;0;9;2;No
Bookkeeper;/home/denni/isw2/bookkeeper/bookkeeper-server/src/main/java/org/apache/bookkeeper/proto/DataFormats.java/getSerializedSize;4.2.1;26;11;10;0;0;1;15;2;1;2;12;0;12;2;No
Bookkeeper;/home/denni/isw2/bookkeeper/bookkeeper-server/src/main/java/org/apache/bookkeeper/proto/DataFormats.java/maybeForceBuilderInitialization;4.2.1;3;2;1;0;0;1;1;0;1;0;0;0;0;0;No
Bookkeeper;/home/denni/isw2/bookkeeper/bookkeeper-server/src/main/java/org/apache/bookkeeper/proto/DataFormats.java/create;4.2.1;2;1;0;0;0;0;1;0;1;1;2;0;2;1;No
Bookkeeper;/home/denni/isw2/bookkeeper/bookkeeper-server/src/main/java/org/apache/bookkeeper/proto/DataFormats.java/clear;4.2.1;24;2;1;0;0;1;19;0;1;1;2;0;2;1;No
Bookkeeper;/home/denni/isw2/bookkeeper/bookkeeper-server/src/main/java/org/apache/bookkeeper/proto/DataFormats.java/clone;4.2.1;2;1;0;0;0;0;1;0;1;0;0;0;0;0;No
Bookkeeper;/home/denni/isw2/bookkeeper/bookkeeper-server/src/main/java/org/apache/bookkeeper/proto/DataFormats.java/buildParsed;4.2.1;5;2;1;0;0;1;3;1;1;0;0;0;0;0;No
Bookkeeper;/home/denni/isw2/bookkeeper/bookkeeper-server/src/main/java/org/apache/bookkeeper/proto/DataFormats.java/buildPartial;4.2.1;38;11;11;0;0;2;23;3;1;2;12;0;12;2;No
Bookkeeper;/home/denni/isw2/bookkeeper/bookkeeper-server/src/main/java/org/apache/bookkeeper/proto/DataFormats.java/mergeFrom;4.2.1;40;16;17;0;1;3;12;0;1;2;9;0;9;2;No
Bookkeeper;/home/denni/isw2/bookkeeper/bookkeeper-server/src/main/java/org/apache/bookkeeper/proto/DataFormats.java/mergeFrom;4.2.1;62;16;7;0;2;3;2;7;1;2;21;0;21;2;No
Bookkeeper;/home/denni/isw2/bookkeeper/bookkeeper-server/src/main/java/org/apache/bookkeeper/proto/DataFormats.java/hasQuorumSize;4.2.1;2;1;0;0;0;0;1;0;1;0;0;0;0;0;No
Bookkeeper;/home/denni/isw2/bookkeeper/bookkeeper-server/src/main/java/org/apache/bookkeeper/proto/DataFormats.java/getQuorumSize;4.2.1;2;1;0;0;0;0;1;0;1;0;0;0;0;0;No
Bookkeeper;/home/denni/isw2/bookkeeper/bookkeeper-server/src/main/java/org/apache/bookkeeper/proto/DataFormats.java/hasEnsembleSize;4.2.1;2;1;0;0;0;0;1;0;1;0;0;0;0;0;No
Bookkeeper;/home/denni/isw2/bookkeeper/bookkeeper-server/src/main/java/org/apache/bookkeeper/proto/DataFormats.java/getEnsembleSize;4.2.1;2;1;0;0;0;0;1;0;1;0;0;0;0;0;No
Bookkeeper;/home/denni/isw2/bookkeeper/bookkeeper-server/src/main/java/org/apache/bookkeeper/proto/DataFormats.java/hasLength;4.2.1;2;1;0;0;0;0;1;0;1;0;0;0;0;0;No
Bookkeeper;/home/denni/isw2/bookkeeper/bookkeeper-server/src/main/java/org/apache/bookkeeper/proto/DataFormats.java/getLength;4.2.1;2;1;0;0;0;0;1;0;1;0;0;0;0;0;No
Bookkeeper;/home/denni/isw2/bookkeeper/bookkeeper-server/src/main/java/org/apache/bookkeeper/proto/DataFormats.java/hasLastEntryId;4.2.1;2;1;0;0;0;0;1;0;1;0;0;0;0;0;No
Bookkeeper;/home/denni/isw2/bookkeeper/bookkeeper-server/src/main/java/org/apache/bookkeeper/proto/DataFormats.java/getLastEntryId;4.2.1;2;1;0;0;0;0;1;0;1;0;0;0;0;0;No
Bookkeeper;/home/denni/isw2/bookkeeper/bookkeeper-server/src/main/java/org/apache/bookkeeper/proto/DataFormats.java/hasState;4.2.1;2;1;0;0;0;0;1;0;1;0;0;0;0;0;No
Bookkeeper;/home/denni/isw2/bookkeeper/bookkeeper-server/src/main/java/org/apache/bookkeeper/proto/DataFormats.java/getState;4.2.1;2;1;0;0;0;0;1;0;1;0;0;0;0;0;No
Bookkeeper;/home/denni/isw2/bookkeeper/bookkeeper-server/src/main/java/org/apache/bookkeeper/proto/DataFormats.java/setState;4.2.1;7;2;1;0;1;1;5;0;1;0;0;0;0;0;No
Bookkeeper;/home/denni/isw2/bookkeeper/bookkeeper-server/src/main/java/org/apache/bookkeeper/proto/DataFormats.java/ensureSegmentIsMutable;4.2.1;4;2;1;0;0;1;1;0;1;0;0;0;0;0;No
Bookkeeper;/home/denni/isw2/bookkeeper/bookkeeper-server/src/main/java/org/apache/bookkeeper/proto/DataFormats.java/getSegmentList;4.2.1;5;2;1;0;0;1;1;0;2;0;0;0;0;0;No
Bookkeeper;/home/denni/isw2/bookkeeper/bookkeeper-server/src/main/java/org/apache/bookkeeper/proto/DataFormats.java/getSegmentCount;4.2.1;5;2;1;0;0;1;1;0;1;0;0;0;0;0;No
Bookkeeper;/home/denni/isw2/bookkeeper/bookkeeper-server/src/main/java/org/apache/bookkeeper/proto/DataFormats.java/getSegment;4.2.1;5;2;1;0;1;1;1;0;1;0;0;0;0;0;No
Bookkeeper;/home/denni/isw2/bookkeeper/bookkeeper-server/src/main/java/org/apache/bookkeeper/proto/DataFormats.java/setSegment;4.2.1;10;3;3;0;2;2;2;0;1;0;0;0;0;0;No
Bookkeeper;/home/denni/isw2/bookkeeper/bookkeeper-server/src/main/java/org/apache/bookkeeper/proto/DataFormats.java/addSegment;4.2.1;10;3;3;0;1;2;2;0;1;0;0;0;0;0;No
Bookkeeper;/home/denni/isw2/bookkeeper/bookkeeper-server/src/main/java/org/apache/bookkeeper/proto/DataFormats.java/addSegment;4.2.1;10;3;3;0;2;2;2;0;1;0;0;0;0;0;No
Bookkeeper;/home/denni/isw2/bookkeeper/bookkeeper-server/src/main/java/org/apache/bookkeeper/proto/DataFormats.java/getSegmentOrBuilder;4.2.1;5;2;1;0;1;1;1;0;1;0;0;0;0;0;No
Bookkeeper;/home/denni/isw2/bookkeeper/bookkeeper-server/src/main/java/org/apache/bookkeeper/proto/DataFormats.java/getSegmentOrBuilderList;4.2.1;5;2;1;0;0;1;1;0;2;1;7;0;7;1;No
Bookkeeper;/home/denni/isw2/bookkeeper/bookkeeper-server/src/main/java/org/apache/bookkeeper/proto/DataFormats.java/hasDigestType;4.2.1;2;1;0;0;0;0;1;0;1;1;2;0;2;1;No
Bookkeeper;/home/denni/isw2/bookkeeper/bookkeeper-server/src/main/java/org/apache/bookkeeper/proto/DataFormats.java/getDigestType;4.2.1;2;1;0;0;0;0;1;0;1;1;2;0;2;1;No
Bookkeeper;/home/denni/isw2/bookkeeper/bookkeeper-server/src/main/java/org/apache/bookkeeper/proto/DataFormats.java/setDigestType;4.2.1;7;2;1;0;1;1;5;0;1;1;3;0;3;1;No
Bookkeeper;/home/denni/isw2/bookkeeper/bookkeeper-server/src/main/java/org/apache/bookkeeper/proto/DataFormats.java/hasPassword;4.2.1;2;1;0;0;0;0;1;0;1;1;2;0;2;1;No
Bookkeeper;/home/denni/isw2/bookkeeper/bookkeeper-server/src/main/java/org/apache/bookkeeper/proto/DataFormats.java/getPassword;4.2.1;2;1;0;0;0;0;1;0;1;1;2;0;2;1;No
Bookkeeper;/home/denni/isw2/bookkeeper/bookkeeper-server/src/main/java/org/apache/bookkeeper/proto/DataFormats.java/setPassword;4.2.1;7;2;1;0;1;1;5;0;1;1;8;0;8;1;No
Bookkeeper;/home/denni/isw2/bookkeeper/bookkeeper-server/src/main/java/org/apache/bookkeeper/proto/DataFormats.java/clearPassword;4.2.1;5;1;0;0;0;0;4;0;1;2;6;0;6;2;No
Bookkeeper;/home/denni/isw2/bookkeeper/bookkeeper-server/src/main/java/org/apache/bookkeeper/proto/DataFormats.java/hasAckQuorumSize;4.2.1;2;1;0;0;0;0;1;0;1;3;6;0;6;2;No
Bookkeeper;/home/denni/isw2/bookkeeper/bookkeeper-server/src/main/java/org/apache/bookkeeper/proto/DataFormats.java/getAckQuorumSize;4.2.1;2;1;0;0;0;0;1;0;1;3;5;0;5;2;No
Bookkeeper;/home/denni/isw2/bookkeeper/bookkeeper-server/src/main/java/org/apache/bookkeeper/proto/DataFormats.java/hasType;4.2.1;2;1;0;0;0;0;1;0;1;1;2;0;2;1;No
Bookkeeper;/home/denni/isw2/bookkeeper/bookkeeper-server/src/main/java/org/apache/bookkeeper/proto/DataFormats.java/getType;4.2.1;10;3;3;0;0;2;2;3;1;1;13;0;13;1;No
Bookkeeper;/home/denni/isw2/bookkeeper/bookkeeper-server/src/main/java/org/apache/bookkeeper/proto/DataFormats.java/hasVersion;4.2.1;2;1;0;0;0;0;1;0;1;1;2;0;2;1;No
Bookkeeper;/home/denni/isw2/bookkeeper/bookkeeper-server/src/main/java/org/apache/bookkeeper/proto/DataFormats.java/getVersion;4.2.1;2;1;0;0;0;0;1;0;1;1;2;0;2;1;No
Bookkeeper;/home/denni/isw2/bookkeeper/bookkeeper-server/src/main/java/org/apache/bookkeeper/proto/DataFormats.java/maybeForceBuilderInitialization;4.2.1;2;2;1;0;0;1;1;0;1;1;3;0;3;1;No
Bookkeeper;/home/denni/isw2/bookkeeper/bookkeeper-server/src/main/java/org/apache/bookkeeper/proto/DataFormats.java/create;4.2.1;2;1;0;0;0;0;1;0;1;1;2;0;2;1;No
Bookkeeper;/home/denni/isw2/bookkeeper/bookkeeper-server/src/main/java/org/apache/bookkeeper/proto/DataFormats.java/clone;4.2.1;2;1;0;0;0;0;1;0;1;1;2;0;2;1;No
Bookkeeper;/home/denni/isw2/bookkeeper/bookkeeper-server/src/main/java/org/apache/bookkeeper/proto/DataFormats.java/buildParsed;4.2.1;5;2;1;0;0;1;3;1;1;1;8;0;8;1;No
Bookkeeper;/home/denni/isw2/bookkeeper/bookkeeper-server/src/main/java/org/apache/bookkeeper/proto/DataFormats.java/buildPartial;4.2.1;13;3;2;0;0;1;10;3;1;1;15;0;15;1;No
Bookkeeper;/home/denni/isw2/bookkeeper/bookkeeper-server/src/main/java/org/apache/bookkeeper/proto/DataFormats.java/isInitialized;4.2.1;6;3;2;0;0;1;3;0;1;1;10;0;10;1;No
Bookkeeper;/home/denni/isw2/bookkeeper/bookkeeper-server/src/main/java/org/apache/bookkeeper/proto/DataFormats.java/mergeFrom;4.2.1;23;7;5;0;2;3;2;2;1;1;35;0;35;1;No
Bookkeeper;/home/denni/isw2/bookkeeper/bookkeeper-server/src/main/java/org/apache/bookkeeper/proto/DataFormats.java/hasType;4.2.1;2;1;0;0;0;0;1;0;1;1;2;0;2;1;No
Bookkeeper;/home/denni/isw2/bookkeeper/bookkeeper-server/src/main/java/org/apache/bookkeeper/proto/DataFormats.java/getType;4.2.1;8;2;1;0;0;1;2;2;1;1;9;0;9;1;No
Bookkeeper;/home/denni/isw2/bookkeeper/bookkeeper-server/src/main/java/org/apache/bookkeeper/proto/DataFormats.java/setType;4.2.1;7;2;1;0;1;1;5;0;1;1;8;0;8;1;No
Bookkeeper;/home/denni/isw2/bookkeeper/bookkeeper-server/src/main/java/org/apache/bookkeeper/proto/DataFormats.java/hasVersion;4.2.1;2;1;0;0;0;0;1;0;1;1;2;0;2;1;No
Bookkeeper;/home/denni/isw2/bookkeeper/bookkeeper-server/src/main/java/org/apache/bookkeeper/proto/DataFormats.java/getVersion;4.2.1;2;1;0;0;0;0;1;0;1;1;2;0;2;1;No
Bookkeeper;/home/denni/isw2/bookkeeper/bookkeeper-server/src/main/java/org/apache/bookkeeper/proto/DataFormats.java/getReplicaList;4.2.1;2;1;0;0;0;0;1;0;2;1;3;0;3;1;No
Bookkeeper;/home/denni/isw2/bookkeeper/bookkeeper-server/src/main/java/org/apache/bookkeeper/proto/DataFormats.java/getReplicaCount;4.2.1;2;1;0;0;0;0;1;0;1;1;2;0;2;1;No
Bookkeeper;/home/denni/isw2/bookkeeper/bookkeeper-server/src/main/java/org/apache/bookkeeper/proto/DataFormats.java/getReplica;4.2.1;2;1;0;0;1;0;1;0;1;1;2;0;2;1;No
Bookkeeper;/home/denni/isw2/bookkeeper/bookkeeper-server/src/main/java/org/apache/bookkeeper/proto/DataFormats.java/initFields;4.2.1;2;1;0;0;0;0;1;0;1;1;2;0;2;1;No
Bookkeeper;/home/denni/isw2/bookkeeper/bookkeeper-server/src/main/java/org/apache/bookkeeper/proto/DataFormats.java/maybeForceBuilderInitialization;4.2.1;2;2;1;0;0;1;1;0;1;1;3;0;3;1;No
Bookkeeper;/home/denni/isw2/bookkeeper/bookkeeper-server/src/main/java/org/apache/bookkeeper/proto/DataFormats.java/create;4.2.1;2;1;0;0;0;0;1;0;1;1;2;0;2;1;No
Bookkeeper;/home/denni/isw2/bookkeeper/bookkeeper-server/src/main/java/org/apache/bookkeeper/proto/DataFormats.java/clear;4.2.1;5;1;0;0;0;0;4;0;1;1;5;0;5;1;No
Bookkeeper;/home/denni/isw2/bookkeeper/bookkeeper-server/src/main/java/org/apache/bookkeeper/proto/DataFormats.java/clone;4.2.1;2;1;0;0;0;0;1;0;1;1;2;0;2;1;No
Bookkeeper;/home/denni/isw2/bookkeeper/bookkeeper-server/src/main/java/org/apache/bookkeeper/proto/DataFormats.java/buildParsed;4.2.1;5;2;1;0;0;1;3;1;1;1;8;0;8;1;No
Bookkeeper;/home/denni/isw2/bookkeeper/bookkeeper-server/src/main/java/org/apache/bookkeeper/proto/DataFormats.java/buildPartial;4.2.1;9;2;1;0;0;1;6;2;1;1;11;0;11;1;No
Bookkeeper;/home/denni/isw2/bookkeeper/bookkeeper-server/src/main/java/org/apache/bookkeeper/proto/DataFormats.java/mergeFrom;4.2.1;13;4;4;0;1;2;4;0;1;1;14;0;14;1;No
Bookkeeper;/home/denni/isw2/bookkeeper/bookkeeper-server/src/main/java/org/apache/bookkeeper/proto/DataFormats.java/mergeFrom;4.2.1;19;6;5;0;2;3;2;2;1;1;30;0;30;1;No
Bookkeeper;/home/denni/isw2/bookkeeper/bookkeeper-server/src/main/java/org/apache/bookkeeper/proto/DataFormats.java/ensureReplicaIsMutable;4.2.1;4;2;1;0;0;1;1;0;1;1;5;0;5;1;No
Bookkeeper;/home/denni/isw2/bookkeeper/bookkeeper-server/src/main/java/org/apache/bookkeeper/proto/DataFormats.java/getReplicaList;4.2.1;2;1;0;0;0;0;1;0;2;2;3;0;3;2;No
Bookkeeper;/home/denni/isw2/bookkeeper/bookkeeper-server/src/main/java/org/apache/bookkeeper/proto/DataFormats.java/getReplicaCount;4.2.1;2;1;0;0;0;0;1;0;1;1;2;0;2;1;No
Bookkeeper;/home/denni/isw2/bookkeeper/bookkeeper-server/src/main/java/org/apache/bookkeeper/proto/DataFormats.java/getReplica;4.2.1;2;1;0;0;1;0;1;0;1;1;2;0;2;1;No
Bookkeeper;/home/denni/isw2/bookkeeper/bookkeeper-server/src/main/java/org/apache/bookkeeper/proto/DataFormats.java/setReplica;4.2.1;7;2;1;0;2;1;5;0;1;2;17;0;17;2;No
Bookkeeper;/home/denni/isw2/bookkeeper/bookkeeper-server/src/main/java/org/apache/bookkeeper/proto/DataFormats.java/addReplica;4.2.1;7;2;1;0;1;1;5;0;1;2;9;0;9;2;No
Bookkeeper;/home/denni/isw2/bookkeeper/bookkeeper-server/src/main/java/org/apache/bookkeeper/proto/DataFormats.java/clearReplica;4.2.1;5;1;0;0;0;0;4;0;1;1;5;0;5;1;No
Bookkeeper;/home/denni/isw2/bookkeeper/bookkeeper-server/src/main/java/org/apache/bookkeeper/proto/DataFormats.java/hasBookieHost;4.2.1;2;1;0;0;0;0;1;0;1;1;2;0;2;1;No
Bookkeeper;/home/denni/isw2/bookkeeper/bookkeeper-server/src/main/java/org/apache/bookkeeper/proto/DataFormats.java/getBookieHost;4.2.1;10;3;3;0;0;2;2;3;1;1;13;0;13;1;No
Bookkeeper;/home/denni/isw2/bookkeeper/bookkeeper-server/src/main/java/org/apache/bookkeeper/proto/DataFormats.java/hasJournalDir;4.2.1;2;1;0;0;0;0;1;0;1;1;2;0;2;1;No
Bookkeeper;/home/denni/isw2/bookkeeper/bookkeeper-server/src/main/java/org/apache/bookkeeper/proto/DataFormats.java/getJournalDir;4.2.1;10;3;3;0;0;2;2;3;1;1;13;0;13;1;No
Bookkeeper;/home/denni/isw2/bookkeeper/bookkeeper-server/src/main/java/org/apache/bookkeeper/proto/DataFormats.java/hasLedgerDirs;4.2.1;2;1;0;0;0;0;1;0;1;1;2;0;2;1;No
Bookkeeper;/home/denni/isw2/bookkeeper/bookkeeper-server/src/main/java/org/apache/bookkeeper/proto/DataFormats.java/getLedgerDirs;4.2.1;10;3;3;0;0;2;2;3;1;1;13;0;13;1;No
Bookkeeper;/home/denni/isw2/bookkeeper/bookkeeper-server/src/main/java/org/apache/bookkeeper/proto/DataFormats.java/hasInstanceId;4.2.1;2;1;0;0;0;0;1;0;1;1;2;0;2;1;No
Bookkeeper;/home/denni/isw2/bookkeeper/bookkeeper-server/src/main/java/org/apache/bookkeeper/proto/DataFormats.java/getInstanceId;4.2.1;10;3;3;0;0;2;2;3;1;1;13;0;13;1;No
Bookkeeper;/home/denni/isw2/bookkeeper/bookkeeper-server/src/main/java/org/apache/bookkeeper/proto/DataFormats.java/maybeForceBuilderInitialization;4.2.1;2;2;1;0;0;1;1;0;1;1;3;0;3;1;No
Bookkeeper;/home/denni/isw2/bookkeeper/bookkeeper-server/src/main/java/org/apache/bookkeeper/proto/DataFormats.java/create;4.2.1;2;1;0;0;0;0;1;0;1;1;2;0;2;1;No
Bookkeeper;/home/denni/isw2/bookkeeper/bookkeeper-server/src/main/java/org/apache/bookkeeper/proto/DataFormats.java/clone;4.2.1;2;1;0;0;0;0;1;0;1;1;2;0;2;1;No
Bookkeeper;/home/denni/isw2/bookkeeper/bookkeeper-server/src/main/java/org/apache/bookkeeper/proto/DataFormats.java/buildParsed;4.2.1;5;2;1;0;0;1;3;1;1;1;8;0;8;1;No
Bookkeeper;/home/denni/isw2/bookkeeper/bookkeeper-server/src/main/java/org/apache/bookkeeper/proto/DataFormats.java/buildPartial;4.2.1;19;5;4;0;0;1;14;3;1;1;23;0;23;1;No
Bookkeeper;/home/denni/isw2/bookkeeper/bookkeeper-server/src/main/java/org/apache/bookkeeper/proto/DataFormats.java/isInitialized;4.2.1;8;4;3;0;0;1;4;0;1;1;14;0;14;1;No
Bookkeeper;/home/denni/isw2/bookkeeper/bookkeeper-server/src/main/java/org/apache/bookkeeper/proto/DataFormats.java/mergeFrom;4.2.1;31;9;5;0;2;3;2;2;1;1;45;0;45;1;No
Bookkeeper;/home/denni/isw2/bookkeeper/bookkeeper-server/src/main/java/org/apache/bookkeeper/proto/DataFormats.java/hasBookieHost;4.2.1;2;1;0;0;0;0;1;0;1;1;2;0;2;1;No
Bookkeeper;/home/denni/isw2/bookkeeper/bookkeeper-server/src/main/java/org/apache/bookkeeper/proto/DataFormats.java/getBookieHost;4.2.1;8;2;1;0;0;1;2;2;1;1;9;0;9;1;No
Bookkeeper;/home/denni/isw2/bookkeeper/bookkeeper-server/src/main/java/org/apache/bookkeeper/proto/DataFormats.java/setBookieHost;4.2.1;7;2;1;0;1;1;5;0;1;1;8;0;8;1;No
Bookkeeper;/home/denni/isw2/bookkeeper/bookkeeper-server/src/main/java/org/apache/bookkeeper/proto/DataFormats.java/hasJournalDir;4.2.1;2;1;0;0;0;0;1;0;1;1;2;0;2;1;No
Bookkeeper;/home/denni/isw2/bookkeeper/bookkeeper-server/src/main/java/org/apache/bookkeeper/proto/DataFormats.java/getJournalDir;4.2.1;8;2;1;0;0;1;2;2;1;1;9;0;9;1;No
Bookkeeper;/home/denni/isw2/bookkeeper/bookkeeper-server/src/main/java/org/apache/bookkeeper/proto/DataFormats.java/setJournalDir;4.2.1;7;2;1;0;1;1;5;0;1;1;8;0;8;1;No
Bookkeeper;/home/denni/isw2/bookkeeper/bookkeeper-server/src/main/java/org/apache/bookkeeper/proto/DataFormats.java/hasLedgerDirs;4.2.1;2;1;0;0;0;0;1;0;1;1;2;0;2;1;No
Bookkeeper;/home/denni/isw2/bookkeeper/bookkeeper-server/src/main/java/org/apache/bookkeeper/proto/DataFormats.java/getLedgerDirs;4.2.1;8;2;1;0;0;1;2;2;1;1;9;0;9;1;No
Bookkeeper;/home/denni/isw2/bookkeeper/bookkeeper-server/src/main/java/org/apache/bookkeeper/proto/DataFormats.java/setLedgerDirs;4.2.1;7;2;1;0;1;1;5;0;1;1;8;0;8;1;No
Bookkeeper;/home/denni/isw2/bookkeeper/bookkeeper-server/src/main/java/org/apache/bookkeeper/proto/DataFormats.java/hasInstanceId;4.2.1;2;1;0;0;0;0;1;0;1;0;0;0;0;0;No
Bookkeeper;/home/denni/isw2/bookkeeper/bookkeeper-server/src/main/java/org/apache/bookkeeper/proto/DataFormats.java/getInstanceId;4.2.1;8;2;1;0;0;1;2;2;1;1;5;0;5;1;No
Bookkeeper;/home/denni/isw2/bookkeeper/bookkeeper-server/src/main/java/org/apache/bookkeeper/proto/DataFormats.java/setInstanceId;4.2.1;7;2;1;0;1;1;5;0;1;0;0;0;0;0;No
Bookkeeper;/home/denni/isw2/bookkeeper/bookkeeper-server/src/main/java/org/apache/bookkeeper/proto/DataFormats.java/hasBookieId;4.2.1;2;1;0;0;0;0;1;0;1;3;4;0;4;2;No
Bookkeeper;/home/denni/isw2/bookkeeper/bookkeeper-server/src/main/java/org/apache/bookkeeper/proto/DataFormats.java/getBookieId;4.2.1;10;3;3;0;0;2;2;3;1;2;22;0;22;1;No
Bookkeeper;/home/denni/isw2/bookkeeper/bookkeeper-server/src/main/java/org/apache/bookkeeper/proto/DataFormats.java/maybeForceBuilderInitialization;4.2.1;2;2;1;0;0;1;1;0;1;1;3;0;3;1;No
Bookkeeper;/home/denni/isw2/bookkeeper/bookkeeper-server/src/main/java/org/apache/bookkeeper/proto/DataFormats.java/create;4.2.1;2;1;0;0;0;0;1;0;1;1;2;0;2;1;No
Bookkeeper;/home/denni/isw2/bookkeeper/bookkeeper-server/src/main/java/org/apache/bookkeeper/proto/DataFormats.java/clone;4.2.1;2;1;0;0;0;0;1;0;1;1;2;0;2;1;No
Bookkeeper;/home/denni/isw2/bookkeeper/bookkeeper-server/src/main/java/org/apache/bookkeeper/proto/DataFormats.java/buildParsed;4.2.1;5;2;1;0;0;1;3;1;1;1;8;0;8;1;No
Bookkeeper;/home/denni/isw2/bookkeeper/bookkeeper-server/src/main/java/org/apache/bookkeeper/proto/DataFormats.java/buildPartial;4.2.1;10;2;1;0;0;1;8;3;1;1;11;0;11;1;No
Bookkeeper;/home/denni/isw2/bookkeeper/bookkeeper-server/src/main/java/org/apache/bookkeeper/proto/DataFormats.java/mergeFrom;4.2.1;19;6;5;0;2;3;2;2;1;1;30;0;30;1;No
Bookkeeper;/home/denni/isw2/bookkeeper/bookkeeper-server/src/main/java/org/apache/bookkeeper/proto/DataFormats.java/hasBookieId;4.2.1;2;1;0;0;0;0;1;0;1;1;2;0;2;1;No
Bookkeeper;/home/denni/isw2/bookkeeper/bookkeeper-server/src/main/java/org/apache/bookkeeper/proto/DataFormats.java/getBookieId;4.2.1;8;2;1;0;0;1;2;2;1;1;9;0;9;1;No
Bookkeeper;/home/denni/isw2/bookkeeper/bookkeeper-server/src/main/java/org/apache/bookkeeper/proto/DataFormats.java/setBookieId;4.2.1;7;2;1;0;1;1;5;0;1;1;8;0;8;1;No
Bookkeeper;/home/denni/isw2/bookkeeper/bookkeeper-server/src/main/java/org/apache/bookkeeper/proto/DataFormats.java/hasBookieId;4.2.1;2;1;0;0;0;0;1;0;1;1;2;0;2;1;No
Bookkeeper;/home/denni/isw2/bookkeeper/bookkeeper-server/src/main/java/org/apache/bookkeeper/proto/DataFormats.java/getBookieId;4.2.1;10;3;3;0;0;2;2;3;1;1;13;0;13;1;No
Bookkeeper;/home/denni/isw2/bookkeeper/bookkeeper-server/src/main/java/org/apache/bookkeeper/proto/DataFormats.java/maybeForceBuilderInitialization;4.2.1;2;2;1;0;0;1;1;0;1;1;3;0;3;1;No
Bookkeeper;/home/denni/isw2/bookkeeper/bookkeeper-server/src/main/java/org/apache/bookkeeper/proto/DataFormats.java/create;4.2.1;2;1;0;0;0;0;1;0;1;1;2;0;2;1;No
Bookkeeper;/home/denni/isw2/bookkeeper/bookkeeper-server/src/main/java/org/apache/bookkeeper/proto/DataFormats.java/clone;4.2.1;2;1;0;0;0;0;1;0;1;1;2;0;2;1;No
Bookkeeper;/home/denni/isw2/bookkeeper/bookkeeper-server/src/main/java/org/apache/bookkeeper/proto/DataFormats.java/buildParsed;4.2.1;5;2;1;0;0;1;3;1;1;1;8;0;8;1;No
Bookkeeper;/home/denni/isw2/bookkeeper/bookkeeper-server/src/main/java/org/apache/bookkeeper/proto/DataFormats.java/buildPartial;4.2.1;10;2;1;0;0;1;8;3;1;1;11;0;11;1;No
Bookkeeper;/home/denni/isw2/bookkeeper/bookkeeper-server/src/main/java/org/apache/bookkeeper/proto/DataFormats.java/mergeFrom;4.2.1;19;6;5;0;2;3;2;2;1;1;30;0;30;1;No
Bookkeeper;/home/denni/isw2/bookkeeper/bookkeeper-server/src/main/java/org/apache/bookkeeper/proto/DataFormats.java/hasBookieId;4.2.1;2;1;0;0;0;0;1;0;1;1;2;0;2;1;No
Bookkeeper;/home/denni/isw2/bookkeeper/bookkeeper-server/src/main/java/org/apache/bookkeeper/proto/DataFormats.java/getBookieId;4.2.1;8;2;1;0;0;1;2;2;1;1;9;0;9;1;No
Bookkeeper;/home/denni/isw2/bookkeeper/bookkeeper-server/src/main/java/org/apache/bookkeeper/proto/DataFormats.java/setBookieId;4.2.1;7;2;1;0;1;1;5;0;1;1;8;0;8;1;No
Bookkeeper;/home/denni/isw2/bookkeeper/bookkeeper-server/src/main/java/org/apache/bookkeeper/proto/PerChannelBookieClient.java/connect;4.2.1;34;5;6;0;0;3;7;5;1;9;26;27;53;4;No
Bookkeeper;/home/denni/isw2/bookkeeper/bookkeeper-server/src/main/java/org/apache/bookkeeper/proto/PerChannelBookieClient.java/operationComplete;4.2.1;25;5;6;0;1;3;4;3;1;4;14;9;23;2;No
Bookkeeper;/home/denni/isw2/bookkeeper/bookkeeper-server/src/main/java/org/apache/bookkeeper/proto/PerChannelBookieClient.java/connectIfNeededAndDoOp;4.2.1;22;7;9;0;1;4;4;2;1;7;71;66;137;2;No
Bookkeeper;/home/denni/isw2/bookkeeper/bookkeeper-server/src/main/java/org/apache/bookkeeper/proto/PerChannelBookieClient.java/readEntryAndFenceLedger;4.2.1;18;4;5;0;5;3;4;3;1;8;61;29;90;3;Yes
Bookkeeper;/home/denni/isw2/bookkeeper/bookkeeper-server/src/main/java/org/apache/bookkeeper/proto/PerChannelBookieClient.java/readEntry;4.2.1;18;4;5;0;4;3;4;3;1;5;46;13;59;3;Yes
Bookkeeper;/home/denni/isw2/bookkeeper/bookkeeper-server/src/main/java/org/apache/bookkeeper/proto/PerChannelBookieClient.java/errorOutReadKey;4.2.1;9;2;1;0;1;1;1;1;1;1;15;0;15;1;No
Bookkeeper;/home/denni/isw2/bookkeeper/bookkeeper-server/src/main/java/org/apache/bookkeeper/proto/PerChannelBookieClient.java/safeRun;4.2.1;6;2;1;0;0;1;2;1;1;1;11;0;11;1;No
Bookkeeper;/home/denni/isw2/bookkeeper/bookkeeper-server/src/main/java/org/apache/bookkeeper/proto/PerChannelBookieClient.java/errorOutAddKey;4.2.1;13;3;3;0;1;2;1;2;1;4;7;2;9;2;No
Bookkeeper;/home/denni/isw2/bookkeeper/bookkeeper-server/src/main/java/org/apache/bookkeeper/proto/PerChannelBookieClient.java/safeRun;4.2.1;10;3;3;0;0;2;2;2;1;2;2;2;4;1;No
Bookkeeper;/home/denni/isw2/bookkeeper/bookkeeper-server/src/main/java/org/apache/bookkeeper/proto/PerChannelBookieClient.java/channelDisconnected;4.2.1;13;3;2;0;2;1;5;1;1;2;5;4;9;2;No
Bookkeeper;/home/denni/isw2/bookkeeper/bookkeeper-server/src/main/java/org/apache/bookkeeper/proto/PerChannelBookieClient.java/exceptionCaught;4.2.1;21;8;9;0;2;3;5;3;1;5;35;10;45;3;No
Bookkeeper;/home/denni/isw2/bookkeeper/bookkeeper-server/src/main/java/org/apache/bookkeeper/proto/PerChannelBookieClient.java/messageReceived;4.2.1;24;5;2;0;2;1;3;3;1;4;14;3;17;3;Yes
Bookkeeper;/home/denni/isw2/bookkeeper/bookkeeper-server/src/main/java/org/apache/bookkeeper/proto/PerChannelBookieClient.java/safeRun;4.2.1;13;4;1;0;0;1;1;2;1;2;8;2;10;2;Yes
Bookkeeper;/home/denni/isw2/bookkeeper/bookkeeper-server/src/main/java/org/apache/bookkeeper/proto/PerChannelBookieClient.java/handleAddResponse;4.2.1;30;9;3;0;1;1;7;2;1;5;24;7;31;3;Yes
Bookkeeper;/home/denni/isw2/bookkeeper/bookkeeper-server/src/main/java/org/apache/bookkeeper/proto/PerChannelBookieClient.java/handleReadResponse;4.2.1;35;10;4;0;1;1;8;3;1;4;27;4;31;2;Yes
Bookkeeper;/home/denni/isw2/bookkeeper/bookkeeper-server/src/main/java/org/apache/bookkeeper/proto/PerChannelBookieClient.java/toString;4.2.1;2;1;0;0;0;0;1;0;1;0;0;0;0;0;No
Bookkeeper;/home/denni/isw2/bookkeeper/bookkeeper-server/src/main/java/org/apache/bookkeeper/proto/BookieNettyServer.java/getPipeline;4.2.1;11;2;1;0;0;1;8;1;1;1;2;2;4;1;Yes
Bookkeeper;/home/denni/isw2/bookkeeper/bookkeeper-server/src/main/java/org/apache/bookkeeper/proto/ResponseBuilder.java/buildErrorResponse;4.2.1;6;2;1;0;2;1;1;0;1;1;8;1;9;1;Yes
Bookkeeper;/home/denni/isw2/bookkeeper/bookkeeper-server/src/main/java/org/apache/bookkeeper/proto/BookieServer.java/registerJMX;4.2.1;8;2;2;0;0;2;1;0;1;4;25;6;31;1;No
Bookkeeper;/home/denni/isw2/bookkeeper/bookkeeper-server/src/main/java/org/apache/bookkeeper/proto/BookieServer.java/unregisterJMX;4.2.1;8;3;3;0;0;2;2;0;1;4;33;0;33;1;No
Bookkeeper;/home/denni/isw2/bookkeeper/bookkeeper-server/src/main/java/org/apache/bookkeeper/proto/BookieServer.java/loadConfFile;4.2.1;10;3;3;0;2;2;2;0;1;3;14;1;15;2;No
Bookkeeper;/home/denni/isw2/bookkeeper/bookkeeper-server/src/main/java/org/apache/bookkeeper/proto/BookieServer.java/parseArgs;4.2.1;28;7;8;0;1;3;1;6;1;2;13;16;29;1;No
Bookkeeper;/home/denni/isw2/bookkeeper/bookkeeper-server/src/main/java/org/apache/bookkeeper/proto/BookieServer.java/main;4.2.1;37;5;5;0;1;2;8;6;1;5;14;6;20;2;No
Bookkeeper;/home/denni/isw2/bookkeeper/bookkeeper-server/src/main/java/org/apache/bookkeeper/proto/BookieProtocol.java/fromInt;4.2.1;10;2;1;0;1;1;5;3;1;1;5;0;5;1;No
Bookkeeper;/home/denni/isw2/bookkeeper/bookkeeper-server/src/main/java/org/apache/bookkeeper/proto/BookieProtocol.java/getMasterKey;4.2.1;3;1;0;0;0;0;2;0;2;1;3;0;3;1;No
Bookkeeper;/home/denni/isw2/bookkeeper/bookkeeper-server/src/main/java/org/apache/bookkeeper/proto/BookkeeperInternalCallbacks.java/processResult;4.2.1;6;2;1;0;3;1;2;0;1;2;8;1;9;2;No
Bookkeeper;/home/denni/isw2/bookkeeper/bookkeeper-server/src/main/java/org/apache/bookkeeper/proto/BookieProtoEncoding.java/encode;4.2.1;29;5;5;0;3;2;3;6;1;1;34;0;34;1;Yes
Bookkeeper;/home/denni/isw2/bookkeeper/bookkeeper-server/src/main/java/org/apache/bookkeeper/proto/BookieProtoEncoding.java/decode;4.2.1;29;5;4;0;3;2;10;7;1;1;2;0;2;1;Yes
Bookkeeper;/home/denni/isw2/bookkeeper/bookkeeper-server/src/main/java/org/apache/bookkeeper/proto/BookieProtoEncoding.java/encode;4.2.1;22;5;5;0;3;2;9;3;1;1;7;0;7;1;Yes
Bookkeeper;/home/denni/isw2/bookkeeper/bookkeeper-server/src/main/java/org/apache/bookkeeper/proto/BookieProtoEncoding.java/decode;4.2.1;23;6;4;0;3;2;10;5;1;1;33;0;33;1;Yes
Bookkeeper;/home/denni/isw2/bookkeeper/bookkeeper-server/src/main/java/org/apache/bookkeeper/metastore/MetastoreUtils.java/cleanTable;4.2.1;35;5;5;0;2;2;8;9;1;0;0;0;0;0;No
Bookkeeper;/home/denni/isw2/bookkeeper/bookkeeper-server/src/main/java/org/apache/bookkeeper/metastore/InMemoryMetastoreCursor.java/unsafeReadEntries;4.2.1;11;2;1;0;1;1;4;6;2;0;0;0;0;0;No
Bookkeeper;/home/denni/isw2/bookkeeper/bookkeeper-server/src/main/java/org/apache/bookkeeper/metastore/MetastoreFactory.java/createMetaStore;4.2.1;5;2;2;0;1;2;1;0;1;0;0;0;0;0;No
Bookkeeper;/home/denni/isw2/bookkeeper/bookkeeper-server/src/main/java/org/apache/bookkeeper/metastore/MSException.java/create;4.2.1;19;10;1;0;3;1;1;0;1;0;0;0;0;0;No
Bookkeeper;/home/denni/isw2/bookkeeper/bookkeeper-server/src/main/java/org/apache/bookkeeper/metastore/InMemoryMetastoreTable.java/compare;4.2.1;18;7;8;0;1;3;5;2;1;0;0;0;0;0;No
Bookkeeper;/home/denni/isw2/bookkeeper/bookkeeper-server/src/main/java/org/apache/bookkeeper/metastore/InMemoryMetastoreTable.java/equals;4.2.1;6;2;1;0;1;1;3;1;1;0;0;0;0;0;No
Bookkeeper;/home/denni/isw2/bookkeeper/bookkeeper-server/src/main/java/org/apache/bookkeeper/metastore/InMemoryMetastoreTable.java/cloneValue;4.2.1;16;7;7;0;3;2;4;2;2;0;0;0;0;0;No
Bookkeeper;/home/denni/isw2/bookkeeper/bookkeeper-server/src/main/java/org/apache/bookkeeper/metastore/InMemoryMetastoreTable.java/put;4.2.1;11;2;1;0;5;1;1;1;1;0;0;0;0;0;No
Bookkeeper;/home/denni/isw2/bookkeeper/bookkeeper-server/src/main/java/org/apache/bookkeeper/metastore/InMemoryMetastoreTable.java/run;4.2.1;7;2;1;0;0;1;3;1;1;0;0;0;0;0;No
Bookkeeper;/home/denni/isw2/bookkeeper/bookkeeper-server/src/main/java/org/apache/bookkeeper/metastore/InMemoryMetastoreTable.java/openCursor;4.2.1;8;1;0;0;8;0;1;1;1;0;0;0;0;0;No
Bookkeeper;/home/denni/isw2/bookkeeper/bookkeeper-server/src/main/java/org/apache/bookkeeper/metastore/InMemoryMetastoreTable.java/run;4.2.1;4;1;0;0;0;0;2;1;1;0;0;0;0;0;No
Bookkeeper;/home/denni/isw2/bookkeeper/bookkeeper-server/src/main/java/org/apache/bookkeeper/metastore/InMemoryMetastoreTable.java/remove;4.2.1;8;3;2;0;2;1;5;1;1;0;0;0;0;0;No
Bookkeeper;/home/denni/isw2/bookkeeper/bookkeeper-server/src/main/java/org/apache/bookkeeper/metastore/InMemoryMetastoreTable.java/put;4.2.1;16;5;5;0;3;2;7;1;2;0;0;0;0;0;No
Bookkeeper;/home/denni/isw2/bookkeeper/bookkeeper-server/src/main/java/org/apache/bookkeeper/metastore/InMemoryMetastoreTable.java/openCursor;4.2.1;29;11;12;0;6;3;7;3;2;0;0;0;0;0;No
Bookkeeper;/home/denni/isw2/bookkeeper/hedwig-server/src/main/java/org/apache/hedwig/zookeeper/ZkUtils.java/logErrorAndCreateZKException;4.2.1;4;1;0;0;3;0;3;1;1;0;0;0;0;0;No
Bookkeeper;/home/denni/isw2/bookkeeper/hedwig-server/src/main/java/org/apache/hedwig/server/topics/ZkHubServerManager.java/safeProcessResult;4.2.1;4;2;1;0;4;1;1;0;1;0;0;0;0;0;No
Bookkeeper;/home/denni/isw2/bookkeeper/hedwig-server/src/main/java/org/apache/hedwig/server/topics/ZkHubServerManager.java/process;4.2.1;18;9;11;0;1;4;2;0;1;0;0;0;0;0;No
Bookkeeper;/home/denni/isw2/bookkeeper/hedwig-server/src/main/java/org/apache/hedwig/server/topics/ZkHubServerManager.java/chooseLeastLoadedNode;4.2.1;33;8;9;0;3;3;2;9;1;2;2;4;6;2;Yes
Bookkeeper;/home/denni/isw2/bookkeeper/hedwig-server/src/main/java/org/apache/hedwig/server/topics/ZkHubServerManager.java/safeProcessResult;4.2.1;24;7;8;0;5;3;1;3;1;2;2;4;6;2;Yes
Bookkeeper;/home/denni/isw2/bookkeeper/hedwig-server/src/main/java/org/apache/hedwig/server/topics/ZkTopicManager.java/choose;4.2.1;14;2;1;0;0;1;1;0;1;3;22;2;24;2;No
Bookkeeper;/home/denni/isw2/bookkeeper/hedwig-server/src/main/java/org/apache/hedwig/server/topics/ZkTopicManager.java/operationFinished;4.2.1;7;2;1;0;2;1;2;0;1;3;14;1;15;2;No
Bookkeeper;/home/denni/isw2/bookkeeper/hedwig-server/src/main/java/org/apache/hedwig/server/topics/ZkTopicManager.java/operationFailed;4.2.1;4;1;0;0;2;0;2;0;1;3;4;1;5;2;No
Bookkeeper;/home/denni/isw2/bookkeeper/hedwig-server/src/main/java/org/apache/hedwig/server/topics/ZkTopicManager.java/read;4.2.1;32;7;8;0;0;3;1;4;1;3;16;4;20;3;Yes
Bookkeeper;/home/denni/isw2/bookkeeper/hedwig-server/src/main/java/org/apache/hedwig/server/topics/ZkTopicManager.java/safeProcessResult;4.2.1;29;7;8;0;5;3;4;4;1;3;14;2;16;3;Yes
Bookkeeper;/home/denni/isw2/bookkeeper/hedwig-server/src/main/java/org/apache/hedwig/server/topics/ZkTopicManager.java/postReleaseCleanup;4.2.1;35;6;6;0;3;2;1;5;1;3;18;4;22;3;Yes
Bookkeeper;/home/denni/isw2/bookkeeper/hedwig-server/src/main/java/org/apache/hedwig/server/topics/ZkTopicManager.java/safeProcessResult;4.2.1;31;6;6;0;5;2;5;5;1;3;17;3;20;3;Yes
Bookkeeper;/home/denni/isw2/bookkeeper/hedwig-server/src/main/java/org/apache/hedwig/server/topics/HubInfo.java/equals;4.2.1;17;6;6;0;1;2;4;1;1;0;0;0;0;0;No
Bookkeeper;/home/denni/isw2/bookkeeper/hedwig-server/src/main/java/org/apache/hedwig/server/topics/HubInfo.java/parse;4.2.1;34;6;7;0;1;3;7;6;1;0;0;0;0;0;No
Bookkeeper;/home/denni/isw2/bookkeeper/hedwig-server/src/main/java/org/apache/hedwig/server/topics/AbstractTopicManager.java/onRemoval;4.2.1;5;2;1;0;1;1;1;0;1;2;8;1;9;2;Yes
Bookkeeper;/home/denni/isw2/bookkeeper/hedwig-server/src/main/java/org/apache/hedwig/server/topics/AbstractTopicManager.java/releaseTopicInternally;4.2.1;11;2;1;0;2;1;1;0;1;2;24;2;26;2;Yes
Bookkeeper;/home/denni/isw2/bookkeeper/hedwig-server/src/main/java/org/apache/hedwig/server/topics/AbstractTopicManager.java/operationFailed;4.2.1;3;1;0;0;2;0;1;0;1;1;4;0;4;1;Yes
Bookkeeper;/home/denni/isw2/bookkeeper/hedwig-server/src/main/java/org/apache/hedwig/server/topics/AbstractTopicManager.java/operationFinished;4.2.1;5;2;1;0;2;1;2;0;1;2;10;2;12;2;Yes
Bookkeeper;/home/denni/isw2/bookkeeper/hedwig-server/src/main/java/org/apache/hedwig/server/topics/AbstractTopicManager.java/realReleaseTopic;4.2.1;4;2;1;0;3;1;3;1;1;1;1;0;1;1;Yes
Bookkeeper;/home/denni/isw2/bookkeeper/hedwig-server/src/main/java/org/apache/hedwig/server/topics/HubLoad.java/equals;4.2.1;5;2;1;0;1;1;2;0;1;0;0;0;0;0;No
Bookkeeper;/home/denni/isw2/bookkeeper/hedwig-server/src/main/java/org/apache/hedwig/server/topics/MMTopicManager.java/read;4.2.1;39;6;6;0;0;2;1;2;1;1;1;1;2;1;No
Bookkeeper;/home/denni/isw2/bookkeeper/hedwig-server/src/main/java/org/apache/hedwig/server/topics/MMTopicManager.java/operationFinished;4.2.1;33;6;6;0;2;2;9;2;1;1;1;1;2;1;No
Bookkeeper;/home/denni/isw2/bookkeeper/hedwig-server/src/main/java/org/apache/hedwig/server/topics/MMTopicManager.java/claim;4.2.1;14;2;1;0;1;1;2;0;1;0;0;0;0;0;No
Bookkeeper;/home/denni/isw2/bookkeeper/hedwig-server/src/main/java/org/apache/hedwig/server/topics/MMTopicManager.java/operationFailed;4.2.1;7;2;1;0;2;1;2;0;1;0;0;0;0;0;No
Bookkeeper;/home/denni/isw2/bookkeeper/hedwig-server/src/main/java/org/apache/hedwig/server/topics/MMTopicManager.java/claimTopic;4.2.1;4;1;0;0;1;0;3;0;1;0;0;0;0;0;No
Bookkeeper;/home/denni/isw2/bookkeeper/hedwig-server/src/main/java/org/apache/hedwig/server/topics/MMTopicManager.java/choose;4.2.1;14;2;1;0;1;1;1;0;1;0;0;0;0;0;No
Bookkeeper;/home/denni/isw2/bookkeeper/hedwig-server/src/main/java/org/apache/hedwig/server/topics/MMTopicManager.java/operationFinished;4.2.1;7;2;1;0;2;1;2;0;1;0;0;0;0;0;No
Bookkeeper;/home/denni/isw2/bookkeeper/hedwig-server/src/main/java/org/apache/hedwig/server/topics/MMTopicManager.java/operationFailed;4.2.1;4;1;0;0;2;0;2;0;1;0;0;0;0;0;No
Bookkeeper;/home/denni/isw2/bookkeeper/hedwig-server/src/main/java/org/apache/hedwig/server/topics/MMTopicManager.java/setOwner;4.2.1;15;2;1;0;2;1;2;0;1;0;0;0;0;0;No
Bookkeeper;/home/denni/isw2/bookkeeper/hedwig-server/src/main/java/org/apache/hedwig/server/topics/MMTopicManager.java/operationFinished;4.2.1;4;1;0;0;2;0;2;0;1;0;0;0;0;0;No
Bookkeeper;/home/denni/isw2/bookkeeper/hedwig-server/src/main/java/org/apache/hedwig/server/topics/MMTopicManager.java/operationFailed;4.2.1;7;2;1;0;2;1;2;0;1;0;0;0;0;0;No
Bookkeeper;/home/denni/isw2/bookkeeper/hedwig-server/src/main/java/org/apache/hedwig/server/topics/MMTopicManager.java/postReleaseCleanup;4.2.1;36;5;4;0;3;1;1;1;1;0;0;0;0;0;No
Bookkeeper;/home/denni/isw2/bookkeeper/hedwig-server/src/main/java/org/apache/hedwig/server/topics/MMTopicManager.java/operationFinished;4.2.1;28;5;4;0;2;1;5;1;1;0;0;0;0;0;No
Bookkeeper;/home/denni/isw2/bookkeeper/hedwig-server/src/main/java/org/apache/hedwig/server/topics/MMTopicManager.java/operationFailed;4.2.1;8;2;1;0;2;1;3;0;1;0;0;0;0;0;No
Bookkeeper;/home/denni/isw2/bookkeeper/hedwig-server/src/main/java/org/apache/hedwig/server/topics/MMTopicManager.java/operationFailed;4.2.1;4;1;0;0;2;0;2;0;1;0;0;0;0;0;No
Bookkeeper;/home/denni/isw2/bookkeeper/hedwig-server/src/main/java/org/apache/hedwig/server/topics/MMTopicManager.java/stop;4.2.1;7;2;2;0;0;2;2;0;1;0;0;0;0;0;No
Bookkeeper;/home/denni/isw2/bookkeeper/hedwig-server/src/main/java/org/apache/hedwig/server/proxy/HedwigProxy.java/start;4.2.1;12;1;0;0;0;0;3;1;1;1;2;0;2;1;No
Bookkeeper;/home/denni/isw2/bookkeeper/hedwig-server/src/main/java/org/apache/hedwig/server/proxy/HedwigProxy.java/main;4.2.1;21;5;6;0;1;3;4;4;1;1;1;1;2;1;No
Bookkeeper;/home/denni/isw2/bookkeeper/hedwig-server/src/main/java/org/apache/hedwig/server/proxy/ProxyStartDeliveryHandler.java/handleRequest;4.2.1;34;6;6;0;2;2;4;6;1;4;13;12;25;2;No
Bookkeeper;/home/denni/isw2/bookkeeper/hedwig-server/src/main/java/org/apache/hedwig/server/persistence/ReadAheadCacheBean.java/getMaxCacheSize;4.2.1;3;1;0;0;0;0;1;0;1;0;0;0;0;0;No
Bookkeeper;/home/denni/isw2/bookkeeper/hedwig-server/src/main/java/org/apache/hedwig/server/persistence/ReadAheadCacheBean.java/getPresentCacheSize;4.2.1;3;1;0;0;0;0;1;0;1;1;1;1;2;1;No
Bookkeeper;/home/denni/isw2/bookkeeper/hedwig-server/src/main/java/org/apache/hedwig/server/persistence/ReadAheadCacheBean.java/getNumCachedEntries;4.2.1;3;1;0;0;0;0;1;0;1;0;0;0;0;0;No
Bookkeeper;/home/denni/isw2/bookkeeper/hedwig-server/src/main/java/org/apache/hedwig/server/persistence/ReadAheadCacheBean.java/getNumPendingCacheRequests;4.2.1;3;1;0;0;0;0;1;0;1;1;1;1;2;1;No
Bookkeeper;/home/denni/isw2/bookkeeper/hedwig-server/src/main/java/org/apache/hedwig/server/persistence/BookkeeperPersistenceManager.java/buildLedgerRange;4.2.1;3;1;0;0;3;0;2;1;1;3;13;4;17;2;No
Bookkeeper;/home/denni/isw2/bookkeeper/hedwig-server/src/main/java/org/apache/hedwig/server/persistence/BookkeeperPersistenceManager.java/runInternal;4.2.1;7;3;2;0;0;1;3;0;1;0;0;0;0;0;No
Bookkeeper;/home/denni/isw2/bookkeeper/hedwig-server/src/main/java/org/apache/hedwig/server/persistence/BookkeeperPersistenceManager.java/read;4.2.1;60;12;13;0;3;3;5;7;1;8;61;20;81;3;No
Bookkeeper;/home/denni/isw2/bookkeeper/hedwig-server/src/main/java/org/apache/hedwig/server/persistence/BookkeeperPersistenceManager.java/safeOpenComplete;4.2.1;10;2;1;0;3;1;5;1;1;1;3;0;3;1;No
Bookkeeper;/home/denni/isw2/bookkeeper/hedwig-server/src/main/java/org/apache/hedwig/server/persistence/BookkeeperPersistenceManager.java/safeReadComplete;4.2.1;34;7;8;0;4;3;4;4;1;5;37;6;43;1;No
Bookkeeper;/home/denni/isw2/bookkeeper/hedwig-server/src/main/java/org/apache/hedwig/server/persistence/BookkeeperPersistenceManager.java/startReadingFrom;4.2.1;10;3;3;0;1;2;2;2;1;4;25;4;29;2;No
Bookkeeper;/home/denni/isw2/bookkeeper/hedwig-server/src/main/java/org/apache/hedwig/server/persistence/BookkeeperPersistenceManager.java/run;4.2.1;37;7;8;0;0;3;8;10;1;5;75;13;88;2;No
Bookkeeper;/home/denni/isw2/bookkeeper/hedwig-server/src/main/java/org/apache/hedwig/server/persistence/BookkeeperPersistenceManager.java/operationFinished;4.2.1;5;2;1;0;2;1;3;1;1;1;5;0;5;1;No
Bookkeeper;/home/denni/isw2/bookkeeper/hedwig-server/src/main/java/org/apache/hedwig/server/persistence/BookkeeperPersistenceManager.java/runInternal;4.2.1;17;5;5;0;0;2;7;5;1;3;41;16;57;2;No
Bookkeeper;/home/denni/isw2/bookkeeper/hedwig-server/src/main/java/org/apache/hedwig/server/persistence/BookkeeperPersistenceManager.java/deleteLedgersAndUpdateLedgersRange;4.2.1;30;4;3;0;3;1;4;3;1;5;88;6;94;3;No
Bookkeeper;/home/denni/isw2/bookkeeper/hedwig-server/src/main/java/org/apache/hedwig/server/persistence/BookkeeperPersistenceManager.java/operationFailed;4.2.1;2;1;0;0;2;0;1;0;1;3;7;0;7;2;No
Bookkeeper;/home/denni/isw2/bookkeeper/hedwig-server/src/main/java/org/apache/hedwig/server/persistence/BookkeeperPersistenceManager.java/deleteComplete;4.2.1;15;2;1;0;2;1;1;1;1;4;37;2;39;2;No
Bookkeeper;/home/denni/isw2/bookkeeper/hedwig-server/src/main/java/org/apache/hedwig/server/persistence/BookkeeperPersistenceManager.java/operationFailed;4.2.1;2;1;0;0;2;0;1;0;1;1;3;0;3;1;No
Bookkeeper;/home/denni/isw2/bookkeeper/hedwig-server/src/main/java/org/apache/hedwig/server/persistence/BookkeeperPersistenceManager.java/getMinSeqIdForTopic;4.2.1;6;2;1;0;1;1;2;1;1;1;8;0;8;1;No
Bookkeeper;/home/denni/isw2/bookkeeper/hedwig-server/src/main/java/org/apache/hedwig/server/persistence/BookkeeperPersistenceManager.java/releaseTopicIfRequested;4.2.1;30;5;5;0;3;2;4;2;1;3;59;46;105;2;No
Bookkeeper;/home/denni/isw2/bookkeeper/hedwig-server/src/main/java/org/apache/hedwig/server/persistence/BookkeeperPersistenceManager.java/operationFailed;4.2.1;3;1;0;0;2;0;1;0;1;3;8;3;11;2;No
Bookkeeper;/home/denni/isw2/bookkeeper/hedwig-server/src/main/java/org/apache/hedwig/server/persistence/BookkeeperPersistenceManager.java/operationFinished;4.2.1;3;1;0;0;2;0;1;0;1;2;7;3;10;2;No
Bookkeeper;/home/denni/isw2/bookkeeper/hedwig-server/src/main/java/org/apache/hedwig/server/persistence/BookkeeperPersistenceManager.java/doPersistMessage;4.2.1;68;13;14;0;1;3;15;12;1;6;70;24;94;2;No
Bookkeeper;/home/denni/isw2/bookkeeper/hedwig-server/src/main/java/org/apache/hedwig/server/persistence/BookkeeperPersistenceManager.java/safeAddComplete;4.2.1;33;6;6;0;4;2;6;4;1;6;8;2;10;2;No
Bookkeeper;/home/denni/isw2/bookkeeper/hedwig-server/src/main/java/org/apache/hedwig/server/persistence/BookkeeperPersistenceManager.java/operationFailed;4.2.1;4;1;0;0;2;0;2;0;1;0;0;0;0;0;No
Bookkeeper;/home/denni/isw2/bookkeeper/hedwig-server/src/main/java/org/apache/hedwig/server/persistence/BookkeeperPersistenceManager.java/operationFinished;4.2.1;10;2;1;0;2;1;5;2;1;1;1;0;1;1;No
Bookkeeper;/home/denni/isw2/bookkeeper/hedwig-server/src/main/java/org/apache/hedwig/server/persistence/BookkeeperPersistenceManager.java/scanSingleMessage;4.2.1;2;1;0;0;1;0;1;0;1;1;2;0;2;1;No
Bookkeeper;/home/denni/isw2/bookkeeper/hedwig-server/src/main/java/org/apache/hedwig/server/persistence/BookkeeperPersistenceManager.java/getStartSeqIdToProcessTopicLedgerRanges;4.2.1;34;7;7;0;2;2;4;7;1;4;98;0;98;1;No
Bookkeeper;/home/denni/isw2/bookkeeper/hedwig-server/src/main/java/org/apache/hedwig/server/persistence/BookkeeperPersistenceManager.java/safeOpenComplete;4.2.1;23;6;6;0;3;2;7;5;1;3;72;0;72;1;No
Bookkeeper;/home/denni/isw2/bookkeeper/hedwig-server/src/main/java/org/apache/hedwig/server/persistence/BookkeeperPersistenceManager.java/processTopicLedgerRanges;4.2.1;26;7;8;0;3;3;5;5;1;3;75;0;75;1;No
Bookkeeper;/home/denni/isw2/bookkeeper/hedwig-server/src/main/java/org/apache/hedwig/server/persistence/BookkeeperPersistenceManager.java/recoverLastTopicLedgerAndOpenNewOne;4.2.1;58;7;7;0;4;2;1;9;1;3;72;0;72;1;No
Bookkeeper;/home/denni/isw2/bookkeeper/hedwig-server/src/main/java/org/apache/hedwig/server/persistence/BookkeeperPersistenceManager.java/safeOpenComplete;4.2.1;42;7;7;0;3;2;4;9;1;3;66;0;66;1;No
Bookkeeper;/home/denni/isw2/bookkeeper/hedwig-server/src/main/java/org/apache/hedwig/server/persistence/BookkeeperPersistenceManager.java/safeReadComplete;4.2.1;27;5;5;0;4;2;10;7;1;3;37;0;37;1;No
Bookkeeper;/home/denni/isw2/bookkeeper/hedwig-server/src/main/java/org/apache/hedwig/server/persistence/BookkeeperPersistenceManager.java/openNewTopicLedger;4.2.1;51;6;5;0;7;1;1;5;1;2;5;0;5;2;No
Bookkeeper;/home/denni/isw2/bookkeeper/hedwig-server/src/main/java/org/apache/hedwig/server/persistence/BookkeeperPersistenceManager.java/safeCreateComplete;4.2.1;29;6;5;0;3;1;11;4;1;1;1;0;1;1;No
Bookkeeper;/home/denni/isw2/bookkeeper/hedwig-server/src/main/java/org/apache/hedwig/server/persistence/BookkeeperPersistenceManager.java/operationFinished;4.2.1;5;1;0;0;2;0;3;0;1;0;0;0;0;0;No
Bookkeeper;/home/denni/isw2/bookkeeper/hedwig-server/src/main/java/org/apache/hedwig/server/persistence/BookkeeperPersistenceManager.java/run;4.2.1;8;2;1;0;0;1;3;1;1;1;4;0;4;1;No
Bookkeeper;/home/denni/isw2/bookkeeper/hedwig-server/src/main/java/org/apache/hedwig/server/persistence/BookkeeperPersistenceManager.java/closeLastTopicLedgerAndOpenNewOne;4.2.1;20;3;2;0;1;1;2;5;1;1;1;0;1;1;No
Bookkeeper;/home/denni/isw2/bookkeeper/hedwig-server/src/main/java/org/apache/hedwig/server/persistence/BookkeeperPersistenceManager.java/closeComplete;4.2.1;15;3;2;0;3;1;8;3;1;0;0;0;0;0;No
Bookkeeper;/home/denni/isw2/bookkeeper/hedwig-server/src/main/java/org/apache/hedwig/server/persistence/BookkeeperPersistenceManager.java/runInternal;4.2.1;10;5;5;0;0;2;4;2;1;0;0;0;0;0;No
Bookkeeper;/home/denni/isw2/bookkeeper/hedwig-server/src/main/java/org/apache/hedwig/server/persistence/LocalDBPersistenceManager.java/adjustTopicSeqIdForPublish;4.2.1;32;3;3;0;2;2;5;3;1;0;0;0;0;0;No
Bookkeeper;/home/denni/isw2/bookkeeper/hedwig-server/src/main/java/org/apache/hedwig/server/persistence/LocalDBPersistenceManager.java/persistMessage;4.2.1;40;7;9;0;1;4;12;10;1;3;5;5;10;3;No
Bookkeeper;/home/denni/isw2/bookkeeper/hedwig-server/src/main/java/org/apache/hedwig/server/persistence/LocalDBPersistenceManager.java/scanMessagesInternal;4.2.1;65;14;17;0;7;5;6;11;1;3;22;2;24;2;No
Bookkeeper;/home/denni/isw2/bookkeeper/hedwig-server/src/main/java/org/apache/hedwig/server/persistence/LocalDBPersistenceManager.java/consumedUntil;4.2.1;24;7;8;0;2;3;4;4;1;2;12;1;13;2;No
Bookkeeper;/home/denni/isw2/bookkeeper/hedwig-server/src/main/java/org/apache/hedwig/server/persistence/LocalDBPersistenceManager.java/finalize;4.2.1;14;5;7;0;0;4;2;1;1;0;0;0;0;0;No
Bookkeeper;/home/denni/isw2/bookkeeper/hedwig-server/src/main/java/org/apache/hedwig/server/persistence/CacheValue.java/setMessageAndInvokeCallbacks;4.2.1;9;4;4;0;2;2;5;1;1;2;6;6;12;2;No
Bookkeeper;/home/denni/isw2/bookkeeper/hedwig-server/src/main/java/org/apache/hedwig/server/persistence/ReadAheadCache.java/enqueueWithoutFailureByTopic;4.2.1;13;3;3;0;2;2;2;0;1;3;6;0;6;1;No
Bookkeeper;/home/denni/isw2/bookkeeper/hedwig-server/src/main/java/org/apache/hedwig/server/persistence/ReadAheadCache.java/stop;4.2.1;9;2;2;0;0;2;1;0;1;1;6;1;7;1;No
Bookkeeper;/home/denni/isw2/bookkeeper/hedwig-server/src/main/java/org/apache/hedwig/server/persistence/ReadAheadCache.java/doReadAheadStartingFrom;4.2.1;29;5;5;0;3;2;9;8;1;2;6;2;8;2;No
Bookkeeper;/home/denni/isw2/bookkeeper/hedwig-server/src/main/java/org/apache/hedwig/server/persistence/ReadAheadCache.java/messageScanned;4.2.1;11;3;2;0;2;1;7;2;1;2;4;4;8;2;No
Bookkeeper;/home/denni/isw2/bookkeeper/hedwig-server/src/main/java/org/apache/hedwig/server/persistence/ReadAheadCache.java/scanFinished;4.2.1;3;2;1;0;2;1;1;0;1;3;3;4;7;3;No
Bookkeeper;/home/denni/isw2/bookkeeper/hedwig-server/src/main/java/org/apache/hedwig/server/persistence/ReadAheadCache.java/addMessageToCache;4.2.1;26;3;3;0;3;2;11;4;1;4;49;26;75;3;No
Bookkeeper;/home/denni/isw2/bookkeeper/hedwig-server/src/main/java/org/apache/hedwig/server/persistence/ReadAheadCache.java/removeMessageFromCache;4.2.1;18;5;4;0;4;1;7;4;1;3;42;20;62;2;No
Bookkeeper;/home/denni/isw2/bookkeeper/hedwig-server/src/main/java/org/apache/hedwig/server/persistence/ReadAheadCache.java/collectOldOrExpiredCacheEntries;4.2.1;14;5;6;0;1;3;2;2;1;2;18;15;33;1;No
Bookkeeper;/home/denni/isw2/bookkeeper/hedwig-server/src/main/java/org/apache/hedwig/server/persistence/ReadAheadCache.java/collectCacheEntriesAtTimestamp;4.2.1;11;2;1;0;2;1;3;3;1;4;20;3;23;3;No
Bookkeeper;/home/denni/isw2/bookkeeper/hedwig-server/src/main/java/org/apache/hedwig/server/persistence/ReadAheadCache.java/performRequest;4.2.1;11;1;0;0;0;0;1;0;1;0;0;0;0;0;No
Bookkeeper;/home/denni/isw2/bookkeeper/hedwig-server/src/main/java/org/apache/hedwig/server/persistence/ReadAheadCache.java/performRequest;4.2.1;2;1;0;0;0;0;1;0;1;1;3;0;3;1;No
Bookkeeper;/home/denni/isw2/bookkeeper/hedwig-server/src/main/java/org/apache/hedwig/server/persistence/ReadAheadCache.java/performRequest;4.2.1;2;1;0;0;0;0;1;0;1;1;2;0;2;1;No
Bookkeeper;/home/denni/isw2/bookkeeper/hedwig-server/src/main/java/org/apache/hedwig/server/persistence/ReadAheadCache.java/performRequest;4.2.1;17;4;3;0;0;1;5;5;1;1;13;0;13;1;No
Bookkeeper;/home/denni/isw2/bookkeeper/hedwig-server/src/main/java/org/apache/hedwig/server/persistence/ReadAheadCache.java/performRequest;4.2.1;21;3;2;0;0;1;6;3;1;0;0;0;0;0;No
Bookkeeper;/home/denni/isw2/bookkeeper/hedwig-server/src/main/java/org/apache/hedwig/server/persistence/ReadAheadCache.java/registerJMX;4.2.1;8;2;2;0;1;2;1;0;1;0;0;0;0;0;No
Bookkeeper;/home/denni/isw2/bookkeeper/hedwig-server/src/main/java/org/apache/hedwig/server/persistence/ReadAheadCache.java/unregisterJMX;4.2.1;7;3;3;0;0;2;1;0;1;0;0;0;0;0;No
Bookkeeper;/home/denni/isw2/bookkeeper/hedwig-server/src/main/java/org/apache/hedwig/server/netty/UmbrellaHandler.java/exceptionCaught;4.2.1;9;2;1;0;2;1;2;2;1;1;1;3;4;1;No
Bookkeeper;/home/denni/isw2/bookkeeper/hedwig-server/src/main/java/org/apache/hedwig/server/netty/UmbrellaHandler.java/channelConnected;4.2.1;11;3;3;0;2;2;1;0;1;2;2;4;6;1;Yes
Bookkeeper;/home/denni/isw2/bookkeeper/hedwig-server/src/main/java/org/apache/hedwig/server/netty/UmbrellaHandler.java/operationComplete;4.2.1;6;2;1;0;1;1;1;0;1;1;1;3;4;1;No
Bookkeeper;/home/denni/isw2/bookkeeper/hedwig-server/src/main/java/org/apache/hedwig/server/netty/UmbrellaHandler.java/sendErrorResponseToMalformedRequest;4.2.1;5;1;0;0;3;0;4;2;1;0;0;0;0;0;No
Bookkeeper;/home/denni/isw2/bookkeeper/hedwig-server/src/main/java/org/apache/hedwig/server/netty/PubSubServerPipelineFactory.java/getPipeline;4.2.1;10;2;1;0;0;1;8;1;1;1;1;1;2;1;No
Bookkeeper;/home/denni/isw2/bookkeeper/hedwig-server/src/main/java/org/apache/hedwig/server/netty/PubSubServer.java/instantiateZookeeperClient;4.2.1;12;4;4;0;0;2;1;1;1;1;7;0;7;1;No
Bookkeeper;/home/denni/isw2/bookkeeper/hedwig-server/src/main/java/org/apache/hedwig/server/netty/PubSubServer.java/instantiateMetadataManagerFactory;4.2.1;4;2;1;0;0;1;2;0;1;0;0;0;0;0;No
Bookkeeper;/home/denni/isw2/bookkeeper/hedwig-server/src/main/java/org/apache/hedwig/server/netty/PubSubServer.java/initializeNetty;4.2.1;12;3;2;0;3;0;11;4;1;5;24;4;28;2;No
Bookkeeper;/home/denni/isw2/bookkeeper/hedwig-server/src/main/java/org/apache/hedwig/server/netty/PubSubServer.java/registerJMX;4.2.1;16;4;5;0;1;3;2;1;1;2;5;2;7;1;No
Bookkeeper;/home/denni/isw2/bookkeeper/hedwig-server/src/main/java/org/apache/hedwig/server/netty/PubSubServer.java/unregisterJMX;4.2.1;15;6;6;0;0;2;5;0;1;4;6;3;9;3;No
Bookkeeper;/home/denni/isw2/bookkeeper/hedwig-server/src/main/java/org/apache/hedwig/server/netty/PubSubServer.java/start;4.2.1;34;4;4;0;0;2;4;4;1;6;18;8;26;2;Yes
Bookkeeper;/home/denni/isw2/bookkeeper/hedwig-server/src/main/java/org/apache/hedwig/server/netty/PubSubServer.java/run;4.2.1;27;3;3;0;0;2;2;2;1;5;17;8;25;2;Yes
Bookkeeper;/home/denni/isw2/bookkeeper/hedwig-server/src/main/java/org/apache/hedwig/server/netty/PubSubServer.java/errorMsgAndExit;4.2.1;9;1;0;0;3;0;3;0;1;1;1;0;1;1;No
Bookkeeper;/home/denni/isw2/bookkeeper/hedwig-server/src/main/java/org/apache/hedwig/server/netty/PubSubServer.java/main;4.2.1;32;8;9;0;1;3;6;8;1;1;10;0;10;1;No
Bookkeeper;/home/denni/isw2/bookkeeper/hedwig-server/src/main/java/org/apache/hedwig/server/common/TerminateJVMExceptionHandler.java/uncaughtException;4.2.1;4;1;0;0;2;0;2;0;1;2;2;2;4;2;No
Bookkeeper;/home/denni/isw2/bookkeeper/hedwig-server/src/main/java/org/apache/hedwig/server/common/ServerConfiguration.java/refreshMyServerAddress;4.2.1;5;2;2;0;0;2;1;0;1;0;0;0;0;0;No
Bookkeeper;/home/denni/isw2/bookkeeper/hedwig-server/src/main/java/org/apache/hedwig/server/common/ServerConfiguration.java/getZkHost;4.2.1;10;2;1;0;0;1;3;1;1;2;5;0;5;2;No
Bookkeeper;/home/denni/isw2/bookkeeper/hedwig-server/src/main/java/org/apache/hedwig/server/common/ServerConfiguration.java/validate;4.2.1;16;7;8;0;0;3;4;2;1;2;19;0;19;1;No
Bookkeeper;/home/denni/isw2/bookkeeper/hedwig-server/src/main/java/org/apache/hedwig/server/delivery/FIFODeliveryManager.java/performRequest;4.2.1;2;1;0;0;0;0;1;0;1;2;4;0;4;1;No
Bookkeeper;/home/denni/isw2/bookkeeper/hedwig-server/src/main/java/org/apache/hedwig/server/delivery/FIFODeliveryManager.java/removeDeliveryPtr;4.2.1;12;5;4;0;4;1;7;2;1;7;57;5;62;2;No
Bookkeeper;/home/denni/isw2/bookkeeper/hedwig-server/src/main/java/org/apache/hedwig/server/delivery/FIFODeliveryManager.java/messageConsumed;4.2.1;16;5;4;0;1;1;5;0;1;3;18;0;18;1;No
Bookkeeper;/home/denni/isw2/bookkeeper/hedwig-server/src/main/java/org/apache/hedwig/server/delivery/FIFODeliveryManager.java/msgLimitExceeded;4.2.1;6;3;2;0;0;1;3;0;1;1;8;0;8;1;No
Bookkeeper;/home/denni/isw2/bookkeeper/hedwig-server/src/main/java/org/apache/hedwig/server/delivery/FIFODeliveryManager.java/doDeliverNextMessage;4.2.1;13;3;2;0;0;1;3;0;1;2;14;0;14;1;No
Bookkeeper;/home/denni/isw2/bookkeeper/hedwig-server/src/main/java/org/apache/hedwig/server/delivery/FIFODeliveryManager.java/performRequest;4.2.1;20;3;3;0;0;2;5;2;1;1;23;0;23;1;No
Bookkeeper;/home/denni/isw2/bookkeeper/hedwig-server/src/main/java/org/apache/hedwig/server/delivery/FIFODeliveryManager.java/doStopServingSubscriber;4.2.1;16;1;0;0;2;0;2;0;1;0;0;0;0;0;No
Bookkeeper;/home/denni/isw2/bookkeeper/hedwig-server/src/main/java/org/apache/hedwig/server/delivery/ChannelEndPoint.java/operationComplete;4.2.1;9;3;2;0;1;1;4;1;1;0;0;0;0;0;No
Bookkeeper;/home/denni/isw2/bookkeeper/hedwig-server/src/main/java/org/apache/hedwig/server/meta/FactoryLayout.java/equals;4.2.1;6;2;1;0;1;1;3;1;1;0;0;0;0;0;No
Bookkeeper;/home/denni/isw2/bookkeeper/hedwig-server/src/main/java/org/apache/hedwig/server/meta/ZkMetadataManagerFactory.java/parseAndReturnTopicLedgerRanges;4.2.1;24;2;2;0;5;2;1;2;1;0;0;0;0;0;No
Bookkeeper;/home/denni/isw2/bookkeeper/hedwig-server/src/main/java/org/apache/hedwig/server/meta/ZkMetadataManagerFactory.java/replaceSubscriptionData;4.2.1;29;8;10;0;6;4;3;2;1;3;30;8;38;2;Yes
Bookkeeper;/home/denni/isw2/bookkeeper/hedwig-server/src/main/java/org/apache/hedwig/server/meta/ZkMetadataManagerFactory.java/readSubscriptions;4.2.1;49;11;12;0;3;3;2;11;1;4;96;5;101;1;No
Bookkeeper;/home/denni/isw2/bookkeeper/hedwig-server/src/main/java/org/apache/hedwig/server/meta/ZkMetadataManagerFactory.java/safeProcessResult;4.2.1;44;11;12;0;4;3;6;10;1;4;87;3;90;1;No
Bookkeeper;/home/denni/isw2/bookkeeper/hedwig-server/src/main/java/org/apache/hedwig/server/meta/ZkMetadataManagerFactory.java/readOwnerInfo;4.2.1;22;4;4;0;3;2;2;4;1;3;30;2;32;2;Yes
Bookkeeper;/home/denni/isw2/bookkeeper/hedwig-server/src/main/java/org/apache/hedwig/server/meta/ZkMetadataManagerFactory.java/safeProcessResult;4.2.1;17;4;4;0;5;2;7;3;1;3;24;2;26;2;Yes
Bookkeeper;/home/denni/isw2/bookkeeper/hedwig-server/src/main/java/org/apache/hedwig/server/meta/MetadataManagerFactory.java/newMetadataManagerFactory;4.2.1;37;8;9;0;2;3;10;5;1;1;2;26;28;1;No
Bookkeeper;/home/denni/isw2/bookkeeper/hedwig-server/src/main/java/org/apache/hedwig/server/meta/MetadataManagerFactory.java/createMetadataManagerFactory;4.2.1;31;5;6;0;3;3;7;4;1;1;31;0;31;1;No
Bookkeeper;/home/denni/isw2/bookkeeper/hedwig-server/src/main/java/org/apache/hedwig/server/meta/MsMetadataManagerFactory.java/initialize;4.2.1;23;7;7;0;3;2;5;0;1;0;0;0;0;0;No
Bookkeeper;/home/denni/isw2/bookkeeper/hedwig-server/src/main/java/org/apache/hedwig/server/meta/MsMetadataManagerFactory.java/getTopics;4.2.1;37;6;7;0;0;3;6;5;2;0;0;0;0;0;No
Bookkeeper;/home/denni/isw2/bookkeeper/hedwig-server/src/main/java/org/apache/hedwig/server/meta/MsMetadataManagerFactory.java/readOwnerInfo;4.2.1;21;5;5;0;3;2;1;3;1;1;1;1;2;1;Yes
Bookkeeper;/home/denni/isw2/bookkeeper/hedwig-server/src/main/java/org/apache/hedwig/server/meta/MsMetadataManagerFactory.java/complete;4.2.1;17;5;5;0;3;2;6;3;1;1;1;1;2;1;Yes
Bookkeeper;/home/denni/isw2/bookkeeper/hedwig-server/src/main/java/org/apache/hedwig/server/meta/MsMetadataManagerFactory.java/writeOwnerInfo;4.2.1;23;5;7;0;5;4;3;1;1;1;1;1;2;1;Yes
Bookkeeper;/home/denni/isw2/bookkeeper/hedwig-server/src/main/java/org/apache/hedwig/server/meta/MsMetadataManagerFactory.java/complete;4.2.1;17;5;7;0;3;4;1;0;1;0;0;0;0;0;No
Bookkeeper;/home/denni/isw2/bookkeeper/hedwig-server/src/main/java/org/apache/hedwig/server/meta/MsMetadataManagerFactory.java/deleteOwnerInfo;4.2.1;19;4;5;0;4;3;1;0;1;0;0;0;0;0;No
Bookkeeper;/home/denni/isw2/bookkeeper/hedwig-server/src/main/java/org/apache/hedwig/server/meta/MsMetadataManagerFactory.java/complete;4.2.1;15;4;5;0;3;3;1;0;1;0;0;0;0;0;No
Bookkeeper;/home/denni/isw2/bookkeeper/hedwig-server/src/main/java/org/apache/hedwig/server/meta/MsMetadataManagerFactory.java/readTopicPersistenceInfo;4.2.1;16;4;4;0;3;2;1;1;1;0;0;0;0;0;No
Bookkeeper;/home/denni/isw2/bookkeeper/hedwig-server/src/main/java/org/apache/hedwig/server/meta/MsMetadataManagerFactory.java/complete;4.2.1;12;4;4;0;3;2;1;1;1;0;0;0;0;0;No
Bookkeeper;/home/denni/isw2/bookkeeper/hedwig-server/src/main/java/org/apache/hedwig/server/meta/MsMetadataManagerFactory.java/parseAndReturnTopicLedgerRanges;4.2.1;33;3;3;0;5;2;1;7;1;0;0;0;0;0;No
Bookkeeper;/home/denni/isw2/bookkeeper/hedwig-server/src/main/java/org/apache/hedwig/server/meta/MsMetadataManagerFactory.java/writeTopicPersistenceInfo;4.2.1;22;5;7;0;5;4;3;1;1;1;1;1;2;1;Yes
Bookkeeper;/home/denni/isw2/bookkeeper/hedwig-server/src/main/java/org/apache/hedwig/server/meta/MsMetadataManagerFactory.java/complete;4.2.1;16;5;7;0;3;4;1;0;1;0;0;0;0;0;No
Bookkeeper;/home/denni/isw2/bookkeeper/hedwig-server/src/main/java/org/apache/hedwig/server/meta/MsMetadataManagerFactory.java/deleteTopicPersistenceInfo;4.2.1;19;4;5;0;4;3;1;0;1;0;0;0;0;0;No
Bookkeeper;/home/denni/isw2/bookkeeper/hedwig-server/src/main/java/org/apache/hedwig/server/meta/MsMetadataManagerFactory.java/complete;4.2.1;15;4;5;0;3;3;1;0;1;0;0;0;0;0;No
Bookkeeper;/home/denni/isw2/bookkeeper/hedwig-server/src/main/java/org/apache/hedwig/server/meta/MsMetadataManagerFactory.java/createSubscriptionData;4.2.1;17;4;4;0;5;2;3;2;1;0;0;0;0;0;No
Bookkeeper;/home/denni/isw2/bookkeeper/hedwig-server/src/main/java/org/apache/hedwig/server/meta/MsMetadataManagerFactory.java/complete;4.2.1;11;4;4;0;3;2;1;0;1;0;0;0;0;0;No
Bookkeeper;/home/denni/isw2/bookkeeper/hedwig-server/src/main/java/org/apache/hedwig/server/meta/MsMetadataManagerFactory.java/updateSubscriptionData;4.2.1;20;5;6;0;6;3;3;2;1;0;0;0;0;0;No
Bookkeeper;/home/denni/isw2/bookkeeper/hedwig-server/src/main/java/org/apache/hedwig/server/meta/MsMetadataManagerFactory.java/complete;4.2.1;14;5;6;0;3;3;1;0;1;0;0;0;0;0;No
Bookkeeper;/home/denni/isw2/bookkeeper/hedwig-server/src/main/java/org/apache/hedwig/server/meta/MsMetadataManagerFactory.java/deleteSubscriptionData;4.2.1;19;4;5;0;5;3;2;1;1;0;0;0;0;0;No
Bookkeeper;/home/denni/isw2/bookkeeper/hedwig-server/src/main/java/org/apache/hedwig/server/meta/MsMetadataManagerFactory.java/complete;4.2.1;14;4;5;0;3;3;1;0;1;0;0;0;0;0;No
Bookkeeper;/home/denni/isw2/bookkeeper/hedwig-server/src/main/java/org/apache/hedwig/server/meta/MsMetadataManagerFactory.java/value2SubscriptionData;4.2.1;15;3;2;0;1;1;6;7;1;0;0;0;0;0;No
Bookkeeper;/home/denni/isw2/bookkeeper/hedwig-server/src/main/java/org/apache/hedwig/server/meta/MsMetadataManagerFactory.java/readSubscriptionData;4.2.1;30;6;6;0;4;2;2;6;1;0;0;0;0;0;No
Bookkeeper;/home/denni/isw2/bookkeeper/hedwig-server/src/main/java/org/apache/hedwig/server/meta/MsMetadataManagerFactory.java/complete;4.2.1;25;6;6;0;3;2;3;5;1;0;0;0;0;0;No
Bookkeeper;/home/denni/isw2/bookkeeper/hedwig-server/src/main/java/org/apache/hedwig/server/meta/MsMetadataManagerFactory.java/readSubscriptions;4.2.1;34;6;7;0;6;3;3;9;1;0;0;0;0;0;No
Bookkeeper;/home/denni/isw2/bookkeeper/hedwig-server/src/main/java/org/apache/hedwig/server/meta/MsMetadataManagerFactory.java/complete;4.2.1;27;5;6;0;3;3;3;8;1;0;0;0;0;0;No
Bookkeeper;/home/denni/isw2/bookkeeper/hedwig-server/src/main/java/org/apache/hedwig/server/meta/MsMetadataManagerFactory.java/readSubscriptions;4.2.1;13;2;1;0;3;1;3;3;1;0;0;0;0;0;No
Bookkeeper;/home/denni/isw2/bookkeeper/hedwig-server/src/main/java/org/apache/hedwig/server/meta/MsMetadataManagerFactory.java/complete;4.2.1;7;2;1;0;3;1;3;1;1;0;0;0;0;0;No
Bookkeeper;/home/denni/isw2/bookkeeper/hedwig-server/src/main/java/org/apache/hedwig/server/meta/MsMetadataManagerFactory.java/logErrorAndFinishOperation;4.2.1;7;1;0;0;5;0;2;0;1;0;0;0;0;0;No
Bookkeeper;/home/denni/isw2/bookkeeper/hedwig-server/src/main/java/org/apache/hedwig/server/meta/MsMetadataManagerFactory.java/logErrorAndFinishOperation;4.2.1;13;3;3;0;4;2;3;1;1;0;0;0;0;0;No
Bookkeeper;/home/denni/isw2/bookkeeper/hedwig-server/src/main/java/org/apache/hedwig/server/regions/RegionManager.java/run;4.2.1;37;8;9;0;0;3;4;8;1;5;69;20;89;3;No
Bookkeeper;/home/denni/isw2/bookkeeper/hedwig-server/src/main/java/org/apache/hedwig/server/regions/RegionManager.java/putTopicInRetryMap;4.2.1;9;3;2;0;2;1;2;1;1;2;13;1;14;2;No
Bookkeeper;/home/denni/isw2/bookkeeper/hedwig-server/src/main/java/org/apache/hedwig/server/regions/RegionManager.java/doRemoteSubscribe;4.2.1;68;14;15;0;5;3;3;1;1;5;100;12;112;3;No
Bookkeeper;/home/denni/isw2/bookkeeper/hedwig-server/src/main/java/org/apache/hedwig/server/regions/RegionManager.java/operationFinished;4.2.1;33;9;10;0;2;3;2;0;1;3;60;8;68;2;No
Bookkeeper;/home/denni/isw2/bookkeeper/hedwig-server/src/main/java/org/apache/hedwig/server/regions/RegionManager.java/deliver;4.2.1;16;4;3;0;5;1;2;0;1;3;34;4;38;2;No
Bookkeeper;/home/denni/isw2/bookkeeper/hedwig-server/src/main/java/org/apache/hedwig/server/regions/RegionManager.java/operationFailed;4.2.1;5;2;1;0;2;1;2;0;1;2;7;1;8;2;No
Bookkeeper;/home/denni/isw2/bookkeeper/hedwig-server/src/main/java/org/apache/hedwig/server/regions/RegionManager.java/operationFailed;4.2.1;7;3;2;0;2;1;3;0;1;3;13;1;14;2;No
Bookkeeper;/home/denni/isw2/bookkeeper/hedwig-server/src/main/java/org/apache/hedwig/server/regions/RegionManager.java/retrySubscribe;4.2.1;12;3;2;0;3;1;2;1;1;2;17;1;18;2;No
Bookkeeper;/home/denni/isw2/bookkeeper/hedwig-server/src/main/java/org/apache/hedwig/server/regions/RegionManager.java/onLastLocalUnsubscribe;4.2.1;30;7;9;0;1;4;2;3;1;2;24;4;28;2;No
Bookkeeper;/home/denni/isw2/bookkeeper/hedwig-server/src/main/java/org/apache/hedwig/server/regions/RegionManager.java/operationFailed;4.2.1;4;2;1;0;2;1;1;0;1;1;1;1;2;1;No
Bookkeeper;/home/denni/isw2/bookkeeper/hedwig-server/src/main/java/org/apache/hedwig/server/regions/RegionManager.java/run;4.2.1;16;5;7;0;0;4;2;3;1;2;19;2;21;2;No
Bookkeeper;/home/denni/isw2/bookkeeper/hedwig-server/src/main/java/org/apache/hedwig/server/regions/HedwigHubClientFactory.java/create;4.2.1;23;2;2;0;1;2;3;2;1;1;11;2;13;1;No
Bookkeeper;/home/denni/isw2/bookkeeper/hedwig-server/src/main/java/org/apache/hedwig/server/handlers/PublishHandler.java/getSuccessResponse;4.2.1;6;2;1;0;2;1;4;2;1;1;10;0;10;1;No
Bookkeeper;/home/denni/isw2/bookkeeper/hedwig-server/src/main/java/org/apache/hedwig/server/handlers/SubscribeHandler.java/handleRequestAtOwner;4.2.1;78;9;9;0;2;2;9;20;1;9;143;80;223;3;No
Bookkeeper;/home/denni/isw2/bookkeeper/hedwig-server/src/main/java/org/apache/hedwig/server/handlers/SubscribeHandler.java/operationFailed;4.2.1;5;1;0;0;2;0;3;0;1;2;2;0;2;1;No
Bookkeeper;/home/denni/isw2/bookkeeper/hedwig-server/src/main/java/org/apache/hedwig/server/handlers/SubscribeHandler.java/operationFinished;4.2.1;51;7;7;0;2;2;11;14;1;9;127;72;199;3;No
Bookkeeper;/home/denni/isw2/bookkeeper/hedwig-server/src/main/java/org/apache/hedwig/server/handlers/SubscribeHandler.java/operationFinished;4.2.1;7;1;0;0;2;0;5;2;1;4;43;4;47;1;No
Bookkeeper;/home/denni/isw2/bookkeeper/hedwig-server/src/main/java/org/apache/hedwig/server/handlers/SubscriptionChannelManager.java/channelDisconnected;4.2.1;11;4;5;0;1;3;3;3;1;1;3;0;3;1;No
Bookkeeper;/home/denni/isw2/bookkeeper/hedwig-server/src/main/java/org/apache/hedwig/server/handlers/SubscriptionChannelManager.java/put;4.2.1;42;10;13;0;3;5;1;5;1;1;20;4;24;1;No
Bookkeeper;/home/denni/isw2/bookkeeper/hedwig-server/src/main/java/org/apache/hedwig/server/handlers/SubscriptionChannelManager.java/remove;4.2.1;18;5;6;0;2;3;1;1;1;0;0;0;0;0;No
Bookkeeper;/home/denni/isw2/bookkeeper/hedwig-server/src/main/java/org/apache/hedwig/server/benchmark/AbstractBenchmark.java/doOps;4.2.1;1;1;0;0;1;0;0;0;1;1;0;0;0;1;No
Bookkeeper;/home/denni/isw2/bookkeeper/hedwig-server/src/main/java/org/apache/hedwig/server/benchmark/AbstractBenchmark.java/tearDown;4.2.1;1;1;0;0;0;0;0;0;1;1;0;0;0;1;No
Bookkeeper;/home/denni/isw2/bookkeeper/hedwig-server/src/main/java/org/apache/hedwig/server/benchmark/AbstractBenchmark.java/handle;4.2.1;11;4;3;0;2;1;6;1;1;2;10;10;20;2;No
Bookkeeper;/home/denni/isw2/bookkeeper/hedwig-server/src/main/java/org/apache/hedwig/server/benchmark/AbstractBenchmark.java/runPhase;4.2.1;8;2;1;0;2;1;3;1;1;2;9;9;18;2;No
Bookkeeper;/home/denni/isw2/bookkeeper/hedwig-server/src/main/java/org/apache/hedwig/server/benchmark/AbstractBenchmark.java/run;4.2.1;9;1;0;0;0;0;8;2;1;1;6;6;12;1;No
Bookkeeper;/home/denni/isw2/bookkeeper/hedwig-server/src/main/java/org/apache/hedwig/server/benchmark/BookkeeperBenchmark.java/doOps;4.2.1;16;2;1;0;1;1;7;8;1;2;18;18;36;2;No
Bookkeeper;/home/denni/isw2/bookkeeper/hedwig-server/src/main/java/org/apache/hedwig/server/benchmark/BookkeeperBenchmark.java/addComplete;4.2.1;3;1;0;0;4;0;1;0;1;1;2;0;2;1;No
Bookkeeper;/home/denni/isw2/bookkeeper/hedwig-server/src/main/java/org/apache/hedwig/server/benchmark/BookkeeperBenchmark.java/main;4.2.1;3;1;0;0;1;0;2;1;1;0;0;0;0;0;No
Bookkeeper;/home/denni/isw2/bookkeeper/hedwig-server/src/main/java/org/apache/hedwig/server/benchmark/BookieBenchmark.java/doOps;4.2.1;24;2;1;0;1;1;7;11;1;3;24;24;48;3;No
Bookkeeper;/home/denni/isw2/bookkeeper/hedwig-server/src/main/java/org/apache/hedwig/server/benchmark/BookieBenchmark.java/writeComplete;4.2.1;3;1;0;0;5;0;1;0;1;1;2;2;4;1;No
Bookkeeper;/home/denni/isw2/bookkeeper/hedwig-server/src/main/java/org/apache/hedwig/server/benchmark/BookieBenchmark.java/main;4.2.1;3;1;0;0;1;0;2;1;1;0;0;0;0;0;No
Bookkeeper;/home/denni/isw2/bookkeeper/hedwig-server/src/main/java/org/apache/hedwig/server/subscriptions/AbstractSubscriptionManager.java/run;4.2.1;22;8;9;0;0;3;1;7;1;6;30;24;54;3;Yes
Bookkeeper;/home/denni/isw2/bookkeeper/hedwig-server/src/main/java/org/apache/hedwig/server/subscriptions/AbstractSubscriptionManager.java/run;4.2.1;28;3;2;0;0;1;2;1;1;5;11;16;27;3;No
Bookkeeper;/home/denni/isw2/bookkeeper/hedwig-server/src/main/java/org/apache/hedwig/server/subscriptions/AbstractSubscriptionManager.java/operationFinished;4.2.1;18;2;1;0;2;1;3;1;1;3;6;3;9;2;No
Bookkeeper;/home/denni/isw2/bookkeeper/hedwig-server/src/main/java/org/apache/hedwig/server/subscriptions/AbstractSubscriptionManager.java/operationFailed;4.2.1;4;1;0;0;2;0;2;0;1;1;1;0;1;1;No
Bookkeeper;/home/denni/isw2/bookkeeper/hedwig-server/src/main/java/org/apache/hedwig/server/subscriptions/AbstractSubscriptionManager.java/operationFinished;4.2.1;5;1;0;0;2;0;3;0;1;2;2;1;3;2;No
Bookkeeper;/home/denni/isw2/bookkeeper/hedwig-server/src/main/java/org/apache/hedwig/server/subscriptions/AbstractSubscriptionManager.java/notifyFirstLocalSubscribe;4.2.1;4;2;1;0;4;1;2;2;1;1;3;0;3;1;No
Bookkeeper;/home/denni/isw2/bookkeeper/hedwig-server/src/main/java/org/apache/hedwig/server/subscriptions/AbstractSubscriptionManager.java/run;4.2.1;27;7;8;0;0;3;3;3;1;7;71;16;87;2;No
Bookkeeper;/home/denni/isw2/bookkeeper/hedwig-server/src/main/java/org/apache/hedwig/server/subscriptions/AbstractSubscriptionManager.java/operationFinished;4.2.1;4;1;0;0;2;0;2;0;1;4;9;1;10;2;No
Bookkeeper;/home/denni/isw2/bookkeeper/hedwig-server/src/main/java/org/apache/hedwig/server/subscriptions/AbstractSubscriptionManager.java/operationFailed;4.2.1;4;1;0;0;2;0;2;0;1;1;5;0;5;1;No
Bookkeeper;/home/denni/isw2/bookkeeper/hedwig-server/src/main/java/org/apache/hedwig/server/subscriptions/AbstractSubscriptionManager.java/notifyLastLocalUnsubscribe;4.2.1;2;2;1;0;1;1;1;1;1;3;6;0;6;1;No
Bookkeeper;/home/denni/isw2/bookkeeper/hedwig-server/src/main/java/org/apache/hedwig/server/subscriptions/AbstractSubscriptionManager.java/run;4.2.1;79;11;12;0;0;3;14;11;1;8;106;36;142;2;No
Bookkeeper;/home/denni/isw2/bookkeeper/hedwig-server/src/main/java/org/apache/hedwig/server/subscriptions/AbstractSubscriptionManager.java/operationFinished;4.2.1;27;2;1;0;2;1;2;1;1;5;16;12;28;2;No
Bookkeeper;/home/denni/isw2/bookkeeper/hedwig-server/src/main/java/org/apache/hedwig/server/subscriptions/AbstractSubscriptionManager.java/operationFailed;4.2.1;14;1;0;0;2;0;2;0;1;5;4;2;6;2;No
Bookkeeper;/home/denni/isw2/bookkeeper/hedwig-server/src/main/java/org/apache/hedwig/server/subscriptions/AbstractSubscriptionManager.java/operationFailed;4.2.1;4;1;0;0;2;0;2;0;1;1;1;1;2;1;No
Bookkeeper;/home/denni/isw2/bookkeeper/hedwig-server/src/main/java/org/apache/hedwig/server/subscriptions/AbstractSubscriptionManager.java/hasLocalSubscriptions;4.2.1;8;3;3;0;1;2;2;1;1;1;1;1;2;1;No
Bookkeeper;/home/denni/isw2/bookkeeper/hedwig-server/src/main/java/org/apache/hedwig/server/subscriptions/AbstractSubscriptionManager.java/stop;4.2.1;21;3;3;0;0;2;2;3;1;1;16;1;17;1;No
Bookkeeper;/home/denni/isw2/bookkeeper/hedwig-server/src/main/java/org/apache/hedwig/server/subscriptions/AbstractSubscriptionManager.java/updateSubscriptionState;4.2.1;28;3;2;0;5;1;3;2;1;1;31;0;31;1;No
Bookkeeper;/home/denni/isw2/bookkeeper/hedwig-server/src/main/java/org/apache/hedwig/server/subscriptions/AbstractSubscriptionManager.java/updateSubscriptionPreferences;4.2.1;28;3;2;0;5;1;3;2;1;1;19;0;19;1;No
Bookkeeper;/home/denni/isw2/bookkeeper/hedwig-server/src/main/java/org/apache/hedwig/server/subscriptions/AllToAllTopologyFilter.java/testMessage;4.2.1;6;2;1;0;1;1;1;0;1;1;7;0;7;1;No
Bookkeeper;/home/denni/isw2/bookkeeper/hedwig-server/src/main/java/org/apache/hedwig/server/subscriptions/InMemorySubscriptionState.java/updatePreferences;4.2.1;43;14;17;0;1;5;8;7;1;2;21;0;21;1;No
Bookkeeper;/home/denni/isw2/bookkeeper/hedwig-server/src/main/java/org/apache/hedwig/admin/HedwigAdmin.java/close;4.2.1;12;1;0;0;0;0;6;0;1;2;6;0;6;1;No
Bookkeeper;/home/denni/isw2/bookkeeper/hedwig-server/src/main/java/org/apache/hedwig/admin/HedwigAdmin.java/hasTopic;4.2.1;25;3;2;0;1;1;5;1;1;1;18;0;18;1;No
Bookkeeper;/home/denni/isw2/bookkeeper/hedwig-server/src/main/java/org/apache/hedwig/admin/HedwigAdmin.java/getAvailableHubs;4.2.1;26;5;6;0;0;3;5;10;3;2;7;1;8;2;Yes
Bookkeeper;/home/denni/isw2/bookkeeper/hedwig-server/src/main/java/org/apache/hedwig/admin/HedwigAdmin.java/getTopics;4.2.1;8;1;0;0;0;0;1;0;2;0;0;0;0;0;No
Bookkeeper;/home/denni/isw2/bookkeeper/hedwig-server/src/main/java/org/apache/hedwig/admin/HedwigAdmin.java/getTopicOwner;4.2.1;25;3;2;0;1;1;5;1;1;2;22;0;22;1;No
Bookkeeper;/home/denni/isw2/bookkeeper/hedwig-server/src/main/java/org/apache/hedwig/admin/HedwigAdmin.java/getTopicLedgers;4.2.1;62;13;15;0;1;4;13;16;2;3;63;46;109;1;No
Bookkeeper;/home/denni/isw2/bookkeeper/hedwig-server/src/main/java/org/apache/hedwig/admin/HedwigAdmin.java/getTopicSubscriptions;4.2.1;25;3;2;0;1;1;5;3;3;3;22;13;35;1;No
Bookkeeper;/home/denni/isw2/bookkeeper/hedwig-server/src/main/java/org/apache/hedwig/admin/HedwigAdmin.java/getSubscription;4.2.1;27;3;2;0;2;1;5;1;1;2;6;0;6;1;No
Bookkeeper;/home/denni/isw2/bookkeeper/hedwig-server/src/main/java/org/apache/hedwig/admin/HedwigAdmin.java/format;4.2.1;10;1;0;0;0;0;6;0;1;1;10;0;10;1;No
Bookkeeper;/home/denni/isw2/bookkeeper/hedwig-server/src/main/java/org/apache/hedwig/admin/console/JLineHedwigCompletor.java/complete;4.2.1;15;4;4;0;3;2;6;3;1;1;1;1;2;1;Yes
Bookkeeper;/home/denni/isw2/bookkeeper/hedwig-server/src/main/java/org/apache/hedwig/admin/console/JLineHedwigCompletor.java/completeTopic;4.2.1;13;5;6;0;3;3;2;3;1;2;5;0;5;2;Yes
Bookkeeper;/home/denni/isw2/bookkeeper/hedwig-server/src/main/java/org/apache/hedwig/admin/console/HedwigCommands.java/printUsage;4.2.1;5;2;1;0;0;1;3;1;1;0;0;0;0;0;No
Bookkeeper;/home/denni/isw2/bookkeeper/hedwig-server/src/main/java/org/apache/hedwig/admin/console/HedwigCommands.java/findCandidateCommands;4.2.1;18;3;3;0;1;2;5;4;2;0;0;0;0;0;No
Bookkeeper;/home/denni/isw2/bookkeeper/hedwig-server/src/main/java/org/apache/hedwig/admin/console/ReadTopic.java/checkTopic;4.2.1;8;2;1;0;0;0;1;0;1;0;0;0;0;0;No
Bookkeeper;/home/denni/isw2/bookkeeper/hedwig-server/src/main/java/org/apache/hedwig/admin/console/ReadTopic.java/getTopicLedgers;4.2.1;12;2;1;0;0;1;4;1;1;1;1;0;1;1;No
Bookkeeper;/home/denni/isw2/bookkeeper/hedwig-server/src/main/java/org/apache/hedwig/admin/console/ReadTopic.java/getLeastSubscription;4.2.1;12;5;5;0;0;2;5;4;1;0;0;0;0;0;No
Bookkeeper;/home/denni/isw2/bookkeeper/hedwig-server/src/main/java/org/apache/hedwig/admin/console/ReadTopic.java/readTopic;4.2.1;15;5;3;0;0;2;1;1;1;1;4;4;8;1;No
Bookkeeper;/home/denni/isw2/bookkeeper/hedwig-server/src/main/java/org/apache/hedwig/admin/console/ReadTopic.java/_readTopic;4.2.1;25;9;10;0;0;3;9;4;1;1;4;0;4;1;No
Bookkeeper;/home/denni/isw2/bookkeeper/hedwig-server/src/main/java/org/apache/hedwig/admin/console/ReadTopic.java/readLedger;4.2.1;56;13;17;0;1;6;12;8;1;1;9;8;17;1;No
Bookkeeper;/home/denni/isw2/bookkeeper/hedwig-server/src/main/java/org/apache/hedwig/admin/console/ReadTopic.java/formatMessage;4.2.1;36;7;9;0;1;4;9;7;1;0;0;0;0;0;No
Bookkeeper;/home/denni/isw2/bookkeeper/hedwig-server/src/main/java/org/apache/hedwig/admin/console/ReadTopic.java/pressKeyToContinue;4.2.1;7;2;1;0;0;1;5;2;1;1;1;1;2;1;Yes
Bookkeeper;/home/denni/isw2/bookkeeper/hedwig-server/src/main/java/org/apache/hedwig/admin/console/HedwigConsole.java/runCmd;4.2.1;1;1;0;0;1;0;0;0;1;0;0;0;0;0;No
Bookkeeper;/home/denni/isw2/bookkeeper/hedwig-server/src/main/java/org/apache/hedwig/admin/console/HedwigConsole.java/runCmd;4.2.1;19;5;5;0;1;2;8;1;1;0;0;0;0;0;No
Bookkeeper;/home/denni/isw2/bookkeeper/hedwig-server/src/main/java/org/apache/hedwig/admin/console/HedwigConsole.java/runCmd;4.2.1;7;3;3;0;1;2;2;1;1;0;0;0;0;0;No
Bookkeeper;/home/denni/isw2/bookkeeper/hedwig-server/src/main/java/org/apache/hedwig/admin/console/HedwigConsole.java/runCmd;4.2.1;9;4;4;0;1;2;2;0;1;0;0;0;0;0;No
Bookkeeper;/home/denni/isw2/bookkeeper/hedwig-server/src/main/java/org/apache/hedwig/admin/console/HedwigConsole.java/runCmd;4.2.1;19;5;5;0;1;2;8;5;1;1;1;1;2;1;No
Bookkeeper;/home/denni/isw2/bookkeeper/hedwig-server/src/main/java/org/apache/hedwig/admin/console/HedwigConsole.java/deliver;4.2.1;4;1;0;0;5;0;2;0;1;0;0;0;0;0;No
Bookkeeper;/home/denni/isw2/bookkeeper/hedwig-server/src/main/java/org/apache/hedwig/admin/console/HedwigConsole.java/processEvent;4.2.1;3;1;0;0;3;0;1;0;1;1;4;0;4;1;No
Bookkeeper;/home/denni/isw2/bookkeeper/hedwig-server/src/main/java/org/apache/hedwig/admin/console/HedwigConsole.java/runCmd;4.2.1;37;9;12;0;1;5;8;5;1;1;4;1;5;1;No
Bookkeeper;/home/denni/isw2/bookkeeper/hedwig-server/src/main/java/org/apache/hedwig/admin/console/HedwigConsole.java/runCmd;4.2.1;14;3;3;0;1;2;5;2;1;0;0;0;0;0;No
Bookkeeper;/home/denni/isw2/bookkeeper/hedwig-server/src/main/java/org/apache/hedwig/admin/console/HedwigConsole.java/runCmd;4.2.1;25;6;7;0;1;3;10;11;1;1;3;1;4;1;Yes
Bookkeeper;/home/denni/isw2/bookkeeper/hedwig-server/src/main/java/org/apache/hedwig/admin/console/HedwigConsole.java/runCmd;4.2.1;12;3;3;0;1;2;5;2;1;0;0;0;0;0;No
Bookkeeper;/home/denni/isw2/bookkeeper/hedwig-server/src/main/java/org/apache/hedwig/admin/console/HedwigConsole.java/runCmd;4.2.1;13;3;3;0;1;2;7;4;1;1;3;2;5;1;No
Bookkeeper;/home/denni/isw2/bookkeeper/hedwig-server/src/main/java/org/apache/hedwig/admin/console/HedwigConsole.java/runCmd;4.2.1;21;4;4;0;1;2;13;7;1;2;2;1;3;2;No
Bookkeeper;/home/denni/isw2/bookkeeper/hedwig-server/src/main/java/org/apache/hedwig/admin/console/HedwigConsole.java/runCmd;4.2.1;51;8;9;0;1;3;16;13;1;3;7;11;18;2;Yes
Bookkeeper;/home/denni/isw2/bookkeeper/hedwig-server/src/main/java/org/apache/hedwig/admin/console/HedwigConsole.java/deliver;4.2.1;6;2;1;0;5;1;2;0;1;0;0;0;0;0;No
Bookkeeper;/home/denni/isw2/bookkeeper/hedwig-server/src/main/java/org/apache/hedwig/admin/console/HedwigConsole.java/runCmd;4.2.1;20;6;7;0;1;3;4;1;1;1;14;4;18;1;No
Bookkeeper;/home/denni/isw2/bookkeeper/hedwig-server/src/main/java/org/apache/hedwig/admin/console/HedwigConsole.java/showHubs;4.2.1;5;2;1;0;0;1;3;2;1;1;5;0;5;1;No
Bookkeeper;/home/denni/isw2/bookkeeper/hedwig-server/src/main/java/org/apache/hedwig/admin/console/HedwigConsole.java/showTopics;4.2.1;16;5;6;0;0;3;6;4;1;1;1;0;1;1;No
Bookkeeper;/home/denni/isw2/bookkeeper/hedwig-server/src/main/java/org/apache/hedwig/admin/console/HedwigConsole.java/runCmd;4.2.1;8;3;2;0;1;1;2;0;1;0;0;0;0;0;No
Bookkeeper;/home/denni/isw2/bookkeeper/hedwig-server/src/main/java/org/apache/hedwig/admin/console/HedwigConsole.java/describeTopic;4.2.1;12;2;1;0;1;0;11;4;1;1;2;2;4;1;No
Bookkeeper;/home/denni/isw2/bookkeeper/hedwig-server/src/main/java/org/apache/hedwig/admin/console/HedwigConsole.java/printTopicLedgers;4.2.1;11;4;3;0;1;1;5;1;1;2;7;13;20;1;No
Bookkeeper;/home/denni/isw2/bookkeeper/hedwig-server/src/main/java/org/apache/hedwig/admin/console/HedwigConsole.java/printTopicSubscriptions;4.2.1;8;3;2;0;1;1;4;1;1;1;2;0;2;1;No
Bookkeeper;/home/denni/isw2/bookkeeper/hedwig-server/src/main/java/org/apache/hedwig/admin/console/HedwigConsole.java/runCmd;4.2.1;15;4;3;0;1;1;7;2;1;1;17;0;17;1;No
Bookkeeper;/home/denni/isw2/bookkeeper/hedwig-server/src/main/java/org/apache/hedwig/admin/console/HedwigConsole.java/usage;4.2.1;7;2;1;0;0;1;5;1;1;0;0;0;0;0;No
Bookkeeper;/home/denni/isw2/bookkeeper/hedwig-server/src/main/java/org/apache/hedwig/admin/console/HedwigConsole.java/parseOptions;4.2.1;25;5;7;0;1;4;4;3;1;2;3;0;3;1;No
Bookkeeper;/home/denni/isw2/bookkeeper/hedwig-server/src/main/java/org/apache/hedwig/admin/console/HedwigConsole.java/printMessage;4.2.1;3;2;1;0;1;1;1;0;1;0;0;0;0;0;No
Bookkeeper;/home/denni/isw2/bookkeeper/hedwig-server/src/main/java/org/apache/hedwig/admin/console/HedwigConsole.java/continueOrQuit;4.2.1;12;4;4;0;0;2;5;1;1;0;0;0;0;0;No
Bookkeeper;/home/denni/isw2/bookkeeper/hedwig-server/src/main/java/org/apache/hedwig/admin/console/HedwigConsole.java/executeLine;4.2.1;6;2;1;0;1;1;1;0;1;0;0;0;0;0;No
Bookkeeper;/home/denni/isw2/bookkeeper/hedwig-server/src/main/java/org/apache/hedwig/admin/console/HedwigConsole.java/processCmd;4.2.1;31;8;9;0;1;3;13;7;1;2;41;44;85;1;No
Bookkeeper;/home/denni/isw2/bookkeeper/hedwig-server/src/main/java/org/apache/hedwig/admin/console/HedwigConsole.java/run;4.2.1;32;7;8;0;0;3;6;5;1;1;3;0;3;1;No
Bookkeeper;/home/denni/isw2/bookkeeper/hedwig-server/src/main/java/org/apache/hedwig/data/MessageFormatter.java/formatEntry;4.2.1;10;2;2;0;1;2;3;1;1;0;0;0;0;0;No
Bookkeeper;/home/denni/isw2/bookkeeper/hedwig-server/src/main/java/org/apache/hedwig/data/MessageFormatter.java/formatEntry;4.2.1;10;2;2;0;1;2;3;1;1;0;0;0;0;0;No
Bookkeeper;/home/denni/isw2/bookkeeper/hedwig-server/src/main/java/org/apache/hedwig/data/MessageFormatter.java/formatMessage;4.2.1;35;7;9;0;1;4;7;7;1;0;0;0;0;0;No
Bookkeeper;/home/denni/isw2/bookkeeper/hedwig-protocol/src/main/java/org/apache/hedwig/protoextensions/MapUtils.java/buildMap;4.2.1;12;3;3;0;1;2;4;6;3;0;0;0;0;0;No
Bookkeeper;/home/denni/isw2/bookkeeper/hedwig-protocol/src/main/java/org/apache/hedwig/exceptions/PubSubException.java/create;4.2.1;42;19;35;0;2;18;1;0;1;4;20;0;20;1;No
Bookkeeper;/home/denni/isw2/bookkeeper/hedwig-protocol/src/main/java/org/apache/hedwig/protocol/PubSubProtocol.java/valueOf;4.2.1;46;23;1;0;1;1;1;0;1;5;74;25;99;2;No
Bookkeeper;/home/denni/isw2/bookkeeper/hedwig-protocol/src/main/java/org/apache/hedwig/protocol/PubSubProtocol.java/hasKey;4.2.1;2;1;0;0;0;0;1;0;1;3;6;0;6;2;No
Bookkeeper;/home/denni/isw2/bookkeeper/hedwig-protocol/src/main/java/org/apache/hedwig/protocol/PubSubProtocol.java/getKey;4.2.1;10;3;3;0;0;2;2;3;1;3;39;0;39;2;No
Bookkeeper;/home/denni/isw2/bookkeeper/hedwig-protocol/src/main/java/org/apache/hedwig/protocol/PubSubProtocol.java/hasValue;4.2.1;2;1;0;0;0;0;1;0;1;3;6;0;6;2;No
Bookkeeper;/home/denni/isw2/bookkeeper/hedwig-protocol/src/main/java/org/apache/hedwig/protocol/PubSubProtocol.java/getValue;4.2.1;2;1;0;0;0;0;1;0;1;3;6;0;6;2;No
Bookkeeper;/home/denni/isw2/bookkeeper/hedwig-protocol/src/main/java/org/apache/hedwig/protocol/PubSubProtocol.java/initFields;4.2.1;3;1;0;0;0;0;2;0;1;4;10;0;10;2;No
Bookkeeper;/home/denni/isw2/bookkeeper/hedwig-protocol/src/main/java/org/apache/hedwig/protocol/PubSubProtocol.java/maybeForceBuilderInitialization;4.2.1;2;2;1;0;0;1;1;0;1;3;8;0;8;2;No
Bookkeeper;/home/denni/isw2/bookkeeper/hedwig-protocol/src/main/java/org/apache/hedwig/protocol/PubSubProtocol.java/create;4.2.1;2;1;0;0;0;0;1;0;1;3;6;0;6;2;No
Bookkeeper;/home/denni/isw2/bookkeeper/hedwig-protocol/src/main/java/org/apache/hedwig/protocol/PubSubProtocol.java/clear;4.2.1;7;1;0;0;0;0;6;0;1;4;22;0;22;2;No
Bookkeeper;/home/denni/isw2/bookkeeper/hedwig-protocol/src/main/java/org/apache/hedwig/protocol/PubSubProtocol.java/clone;4.2.1;2;1;0;0;0;0;1;0;1;3;6;0;6;2;No
Bookkeeper;/home/denni/isw2/bookkeeper/hedwig-protocol/src/main/java/org/apache/hedwig/protocol/PubSubProtocol.java/buildParsed;4.2.1;5;2;1;0;0;1;3;1;1;4;26;0;26;2;No
Bookkeeper;/home/denni/isw2/bookkeeper/hedwig-protocol/src/main/java/org/apache/hedwig/protocol/PubSubProtocol.java/buildPartial;4.2.1;13;3;2;0;0;1;10;3;1;4;50;0;50;2;No
Bookkeeper;/home/denni/isw2/bookkeeper/hedwig-protocol/src/main/java/org/apache/hedwig/protocol/PubSubProtocol.java/mergeFrom;4.2.1;23;7;5;0;2;3;2;2;1;4;130;0;130;2;No
Bookkeeper;/home/denni/isw2/bookkeeper/hedwig-protocol/src/main/java/org/apache/hedwig/protocol/PubSubProtocol.java/hasKey;4.2.1;2;1;0;0;0;0;1;0;1;4;8;0;8;2;No
Bookkeeper;/home/denni/isw2/bookkeeper/hedwig-protocol/src/main/java/org/apache/hedwig/protocol/PubSubProtocol.java/getKey;4.2.1;8;2;1;0;0;1;2;2;1;4;31;0;31;2;No
Bookkeeper;/home/denni/isw2/bookkeeper/hedwig-protocol/src/main/java/org/apache/hedwig/protocol/PubSubProtocol.java/setKey;4.2.1;7;2;1;0;1;1;5;0;1;4;30;0;30;2;No
Bookkeeper;/home/denni/isw2/bookkeeper/hedwig-protocol/src/main/java/org/apache/hedwig/protocol/PubSubProtocol.java/hasValue;4.2.1;2;1;0;0;0;0;1;0;1;4;8;0;8;2;No
Bookkeeper;/home/denni/isw2/bookkeeper/hedwig-protocol/src/main/java/org/apache/hedwig/protocol/PubSubProtocol.java/getValue;4.2.1;2;1;0;0;0;0;1;0;1;4;8;0;8;2;No
Bookkeeper;/home/denni/isw2/bookkeeper/hedwig-protocol/src/main/java/org/apache/hedwig/protocol/PubSubProtocol.java/setValue;4.2.1;7;2;1;0;1;1;5;0;1;4;27;0;27;2;No
Bookkeeper;/home/denni/isw2/bookkeeper/hedwig-protocol/src/main/java/org/apache/hedwig/protocol/PubSubProtocol.java/clearValue;4.2.1;5;1;0;0;0;0;4;0;1;3;15;0;15;2;No
Bookkeeper;/home/denni/isw2/bookkeeper/hedwig-protocol/src/main/java/org/apache/hedwig/protocol/PubSubProtocol.java/getEntriesList;4.2.1;2;1;0;0;0;0;1;0;2;4;8;0;8;2;No
Bookkeeper;/home/denni/isw2/bookkeeper/hedwig-protocol/src/main/java/org/apache/hedwig/protocol/PubSubProtocol.java/getEntriesOrBuilderList;4.2.1;2;1;0;0;0;0;1;0;2;3;9;0;9;2;No
Bookkeeper;/home/denni/isw2/bookkeeper/hedwig-protocol/src/main/java/org/apache/hedwig/protocol/PubSubProtocol.java/getEntriesCount;4.2.1;2;1;0;0;0;0;1;0;1;3;6;0;6;2;No
Bookkeeper;/home/denni/isw2/bookkeeper/hedwig-protocol/src/main/java/org/apache/hedwig/protocol/PubSubProtocol.java/getEntries;4.2.1;2;1;0;0;1;0;1;0;1;3;6;0;6;2;No
Bookkeeper;/home/denni/isw2/bookkeeper/hedwig-protocol/src/main/java/org/apache/hedwig/protocol/PubSubProtocol.java/getEntriesOrBuilder;4.2.1;2;1;0;0;1;0;1;0;1;3;9;0;9;2;No
Bookkeeper;/home/denni/isw2/bookkeeper/hedwig-protocol/src/main/java/org/apache/hedwig/protocol/PubSubProtocol.java/writeTo;4.2.1;5;2;1;0;1;1;3;1;1;4;25;0;25;2;No
Bookkeeper;/home/denni/isw2/bookkeeper/hedwig-protocol/src/main/java/org/apache/hedwig/protocol/PubSubProtocol.java/getSerializedSize;4.2.1;10;3;2;0;0;1;7;2;1;4;44;0;44;2;No
Bookkeeper;/home/denni/isw2/bookkeeper/hedwig-protocol/src/main/java/org/apache/hedwig/protocol/PubSubProtocol.java/maybeForceBuilderInitialization;4.2.1;3;2;1;0;0;1;1;0;1;3;12;0;12;2;No
Bookkeeper;/home/denni/isw2/bookkeeper/hedwig-protocol/src/main/java/org/apache/hedwig/protocol/PubSubProtocol.java/create;4.2.1;2;1;0;0;0;0;1;0;1;3;6;0;6;2;No
Bookkeeper;/home/denni/isw2/bookkeeper/hedwig-protocol/src/main/java/org/apache/hedwig/protocol/PubSubProtocol.java/clone;4.2.1;2;1;0;0;0;0;1;0;1;4;7;0;7;2;No
Bookkeeper;/home/denni/isw2/bookkeeper/hedwig-protocol/src/main/java/org/apache/hedwig/protocol/PubSubProtocol.java/buildParsed;4.2.1;5;2;1;0;0;1;3;1;1;4;32;0;32;2;No
Bookkeeper;/home/denni/isw2/bookkeeper/hedwig-protocol/src/main/java/org/apache/hedwig/protocol/PubSubProtocol.java/buildPartial;4.2.1;12;3;3;0;0;2;5;2;1;4;48;0;48;2;No
Bookkeeper;/home/denni/isw2/bookkeeper/hedwig-protocol/src/main/java/org/apache/hedwig/protocol/PubSubProtocol.java/mergeFrom;4.2.1;24;8;9;0;1;3;4;0;1;4;107;0;107;2;No
Bookkeeper;/home/denni/isw2/bookkeeper/hedwig-protocol/src/main/java/org/apache/hedwig/protocol/PubSubProtocol.java/mergeFrom;4.2.1;20;6;5;0;2;3;2;3;1;4;105;0;105;2;No
Bookkeeper;/home/denni/isw2/bookkeeper/hedwig-protocol/src/main/java/org/apache/hedwig/protocol/PubSubProtocol.java/ensureEntriesIsMutable;4.2.1;4;2;1;0;0;1;1;0;1;4;16;0;16;2;No
Bookkeeper;/home/denni/isw2/bookkeeper/hedwig-protocol/src/main/java/org/apache/hedwig/protocol/PubSubProtocol.java/getEntriesList;4.2.1;5;2;1;0;0;1;1;0;2;4;19;0;19;2;No
Bookkeeper;/home/denni/isw2/bookkeeper/hedwig-protocol/src/main/java/org/apache/hedwig/protocol/PubSubProtocol.java/getEntriesCount;4.2.1;5;2;1;0;0;1;1;0;1;4;20;0;20;2;No
Bookkeeper;/home/denni/isw2/bookkeeper/hedwig-protocol/src/main/java/org/apache/hedwig/protocol/PubSubProtocol.java/getEntries;4.2.1;5;2;1;0;1;1;1;0;1;4;19;0;19;2;No
Bookkeeper;/home/denni/isw2/bookkeeper/hedwig-protocol/src/main/java/org/apache/hedwig/protocol/PubSubProtocol.java/setEntries;4.2.1;10;3;3;0;2;2;2;0;1;4;44;0;44;2;No
Bookkeeper;/home/denni/isw2/bookkeeper/hedwig-protocol/src/main/java/org/apache/hedwig/protocol/PubSubProtocol.java/addEntries;4.2.1;10;3;3;0;1;2;2;0;1;4;41;0;41;2;No
Bookkeeper;/home/denni/isw2/bookkeeper/hedwig-protocol/src/main/java/org/apache/hedwig/protocol/PubSubProtocol.java/addEntries;4.2.1;10;3;3;0;2;2;2;0;1;4;42;0;42;2;No
Bookkeeper;/home/denni/isw2/bookkeeper/hedwig-protocol/src/main/java/org/apache/hedwig/protocol/PubSubProtocol.java/getEntriesOrBuilder;4.2.1;5;2;1;0;1;1;1;0;1;4;20;0;20;2;No
Bookkeeper;/home/denni/isw2/bookkeeper/hedwig-protocol/src/main/java/org/apache/hedwig/protocol/PubSubProtocol.java/getEntriesOrBuilderList;4.2.1;5;2;1;0;0;1;1;0;2;4;27;0;27;2;No
Bookkeeper;/home/denni/isw2/bookkeeper/hedwig-protocol/src/main/java/org/apache/hedwig/protocol/PubSubProtocol.java/hasProperties;4.2.1;2;1;0;0;0;0;1;0;1;3;6;0;6;2;No
Bookkeeper;/home/denni/isw2/bookkeeper/hedwig-protocol/src/main/java/org/apache/hedwig/protocol/PubSubProtocol.java/getProperties;4.2.1;2;1;0;0;0;0;1;0;1;3;6;0;6;2;No
Bookkeeper;/home/denni/isw2/bookkeeper/hedwig-protocol/src/main/java/org/apache/hedwig/protocol/PubSubProtocol.java/getPropertiesOrBuilder;4.2.1;2;1;0;0;0;0;1;0;1;3;6;0;6;2;No
Bookkeeper;/home/denni/isw2/bookkeeper/hedwig-protocol/src/main/java/org/apache/hedwig/protocol/PubSubProtocol.java/hasMessageType;4.2.1;2;1;0;0;0;0;1;0;1;3;6;0;6;2;No
Bookkeeper;/home/denni/isw2/bookkeeper/hedwig-protocol/src/main/java/org/apache/hedwig/protocol/PubSubProtocol.java/getMessageType;4.2.1;10;3;3;0;0;2;2;3;1;3;39;0;39;2;No
Bookkeeper;/home/denni/isw2/bookkeeper/hedwig-protocol/src/main/java/org/apache/hedwig/protocol/PubSubProtocol.java/maybeForceBuilderInitialization;4.2.1;3;2;1;0;0;1;1;0;1;4;15;0;15;2;No
Bookkeeper;/home/denni/isw2/bookkeeper/hedwig-protocol/src/main/java/org/apache/hedwig/protocol/PubSubProtocol.java/create;4.2.1;2;1;0;0;0;0;1;0;1;3;6;0;6;2;No
Bookkeeper;/home/denni/isw2/bookkeeper/hedwig-protocol/src/main/java/org/apache/hedwig/protocol/PubSubProtocol.java/clone;4.2.1;2;1;0;0;0;0;1;0;1;3;6;0;6;2;No
Bookkeeper;/home/denni/isw2/bookkeeper/hedwig-protocol/src/main/java/org/apache/hedwig/protocol/PubSubProtocol.java/buildParsed;4.2.1;5;2;1;0;0;1;3;1;1;4;25;0;25;2;No
Bookkeeper;/home/denni/isw2/bookkeeper/hedwig-protocol/src/main/java/org/apache/hedwig/protocol/PubSubProtocol.java/buildPartial;4.2.1;16;4;3;0;0;1;10;3;1;4;64;0;64;2;No
Bookkeeper;/home/denni/isw2/bookkeeper/hedwig-protocol/src/main/java/org/apache/hedwig/protocol/PubSubProtocol.java/mergeFrom;4.2.1;26;8;6;0;2;3;2;3;1;4;148;0;148;2;No
Bookkeeper;/home/denni/isw2/bookkeeper/hedwig-protocol/src/main/java/org/apache/hedwig/protocol/PubSubProtocol.java/hasProperties;4.2.1;2;1;0;0;0;0;1;0;1;4;8;0;8;2;No
Bookkeeper;/home/denni/isw2/bookkeeper/hedwig-protocol/src/main/java/org/apache/hedwig/protocol/PubSubProtocol.java/getProperties;4.2.1;5;2;1;0;0;1;1;0;1;4;22;0;22;2;No
Bookkeeper;/home/denni/isw2/bookkeeper/hedwig-protocol/src/main/java/org/apache/hedwig/protocol/PubSubProtocol.java/setProperties;4.2.1;10;3;3;0;1;2;3;0;1;4;47;0;47;2;No
Bookkeeper;/home/denni/isw2/bookkeeper/hedwig-protocol/src/main/java/org/apache/hedwig/protocol/PubSubProtocol.java/getPropertiesOrBuilder;4.2.1;5;2;1;0;0;1;1;0;1;3;18;0;18;2;No
Bookkeeper;/home/denni/isw2/bookkeeper/hedwig-protocol/src/main/java/org/apache/hedwig/protocol/PubSubProtocol.java/hasMessageType;4.2.1;2;1;0;0;0;0;1;0;1;3;6;0;6;2;No
Bookkeeper;/home/denni/isw2/bookkeeper/hedwig-protocol/src/main/java/org/apache/hedwig/protocol/PubSubProtocol.java/getMessageType;4.2.1;8;2;1;0;0;1;2;2;1;3;27;0;27;2;No
Bookkeeper;/home/denni/isw2/bookkeeper/hedwig-protocol/src/main/java/org/apache/hedwig/protocol/PubSubProtocol.java/setMessageType;4.2.1;7;2;1;0;1;1;5;0;1;3;24;0;24;2;No
Bookkeeper;/home/denni/isw2/bookkeeper/hedwig-protocol/src/main/java/org/apache/hedwig/protocol/PubSubProtocol.java/hasBody;4.2.1;2;1;0;0;0;0;1;0;1;3;6;0;6;2;No
Bookkeeper;/home/denni/isw2/bookkeeper/hedwig-protocol/src/main/java/org/apache/hedwig/protocol/PubSubProtocol.java/getBody;4.2.1;2;1;0;0;0;0;1;0;1;4;7;0;7;2;No
Bookkeeper;/home/denni/isw2/bookkeeper/hedwig-protocol/src/main/java/org/apache/hedwig/protocol/PubSubProtocol.java/hasSrcRegion;4.2.1;2;1;0;0;0;0;1;0;1;2;4;0;4;2;No
Bookkeeper;/home/denni/isw2/bookkeeper/hedwig-protocol/src/main/java/org/apache/hedwig/protocol/PubSubProtocol.java/getSrcRegion;4.2.1;2;1;0;0;0;0;1;0;1;2;4;0;4;2;No
Bookkeeper;/home/denni/isw2/bookkeeper/hedwig-protocol/src/main/java/org/apache/hedwig/protocol/PubSubProtocol.java/hasMsgId;4.2.1;2;1;0;0;0;0;1;0;1;2;4;0;4;2;No
Bookkeeper;/home/denni/isw2/bookkeeper/hedwig-protocol/src/main/java/org/apache/hedwig/protocol/PubSubProtocol.java/getMsgId;4.2.1;2;1;0;0;0;0;1;0;1;2;4;0;4;2;No
Bookkeeper;/home/denni/isw2/bookkeeper/hedwig-protocol/src/main/java/org/apache/hedwig/protocol/PubSubProtocol.java/getMsgIdOrBuilder;4.2.1;2;1;0;0;0;0;1;0;1;2;4;0;4;2;No
Bookkeeper;/home/denni/isw2/bookkeeper/hedwig-protocol/src/main/java/org/apache/hedwig/protocol/PubSubProtocol.java/hasHeader;4.2.1;2;1;0;0;0;0;1;0;1;3;5;0;5;2;No
Bookkeeper;/home/denni/isw2/bookkeeper/hedwig-protocol/src/main/java/org/apache/hedwig/protocol/PubSubProtocol.java/getHeader;4.2.1;2;1;0;0;0;0;1;0;1;3;6;0;6;2;No
Bookkeeper;/home/denni/isw2/bookkeeper/hedwig-protocol/src/main/java/org/apache/hedwig/protocol/PubSubProtocol.java/getHeaderOrBuilder;4.2.1;2;1;0;0;0;0;1;0;1;3;5;0;5;2;No
Bookkeeper;/home/denni/isw2/bookkeeper/hedwig-protocol/src/main/java/org/apache/hedwig/protocol/PubSubProtocol.java/initFields;4.2.1;5;1;0;0;0;0;4;0;1;3;14;0;14;2;No
Bookkeeper;/home/denni/isw2/bookkeeper/hedwig-protocol/src/main/java/org/apache/hedwig/protocol/PubSubProtocol.java/isInitialized;4.2.1;13;5;5;0;0;2;6;1;1;3;38;0;38;2;No
Bookkeeper;/home/denni/isw2/bookkeeper/hedwig-protocol/src/main/java/org/apache/hedwig/protocol/PubSubProtocol.java/maybeForceBuilderInitialization;4.2.1;4;2;1;0;0;1;1;0;1;3;13;0;13;2;No
Bookkeeper;/home/denni/isw2/bookkeeper/hedwig-protocol/src/main/java/org/apache/hedwig/protocol/PubSubProtocol.java/create;4.2.1;2;1;0;0;0;0;1;0;1;4;8;0;8;2;No
Bookkeeper;/home/denni/isw2/bookkeeper/hedwig-protocol/src/main/java/org/apache/hedwig/protocol/PubSubProtocol.java/clear;4.2.1;17;3;2;0;0;1;10;0;1;4;51;0;51;2;No
Bookkeeper;/home/denni/isw2/bookkeeper/hedwig-protocol/src/main/java/org/apache/hedwig/protocol/PubSubProtocol.java/clone;4.2.1;2;1;0;0;0;0;1;0;1;3;5;0;5;2;No
Bookkeeper;/home/denni/isw2/bookkeeper/hedwig-protocol/src/main/java/org/apache/hedwig/protocol/PubSubProtocol.java/buildParsed;4.2.1;5;2;1;0;0;1;3;1;1;3;21;0;21;2;No
Bookkeeper;/home/denni/isw2/bookkeeper/hedwig-protocol/src/main/java/org/apache/hedwig/protocol/PubSubProtocol.java/buildPartial;4.2.1;25;7;6;0;0;1;14;3;1;3;71;0;71;2;No
Bookkeeper;/home/denni/isw2/bookkeeper/hedwig-protocol/src/main/java/org/apache/hedwig/protocol/PubSubProtocol.java/isInitialized;4.2.1;7;4;4;0;0;2;3;0;1;3;28;0;28;2;No
Bookkeeper;/home/denni/isw2/bookkeeper/hedwig-protocol/src/main/java/org/apache/hedwig/protocol/PubSubProtocol.java/mergeFrom;4.2.1;37;11;7;0;2;3;2;4;1;3;109;0;109;2;No
Bookkeeper;/home/denni/isw2/bookkeeper/hedwig-protocol/src/main/java/org/apache/hedwig/protocol/PubSubProtocol.java/hasBody;4.2.1;2;1;0;0;0;0;1;0;1;2;4;0;4;2;No
Bookkeeper;/home/denni/isw2/bookkeeper/hedwig-protocol/src/main/java/org/apache/hedwig/protocol/PubSubProtocol.java/getBody;4.2.1;2;1;0;0;0;0;1;0;1;2;4;0;4;2;No
Bookkeeper;/home/denni/isw2/bookkeeper/hedwig-protocol/src/main/java/org/apache/hedwig/protocol/PubSubProtocol.java/setBody;4.2.1;7;2;1;0;1;1;5;0;1;2;16;0;16;2;No
Bookkeeper;/home/denni/isw2/bookkeeper/hedwig-protocol/src/main/java/org/apache/hedwig/protocol/PubSubProtocol.java/clearBody;4.2.1;5;1;0;0;0;0;4;0;1;3;12;0;12;2;No
Bookkeeper;/home/denni/isw2/bookkeeper/hedwig-protocol/src/main/java/org/apache/hedwig/protocol/PubSubProtocol.java/hasSrcRegion;4.2.1;2;1;0;0;0;0;1;0;1;3;5;0;5;2;No
Bookkeeper;/home/denni/isw2/bookkeeper/hedwig-protocol/src/main/java/org/apache/hedwig/protocol/PubSubProtocol.java/getSrcRegion;4.2.1;2;1;0;0;0;0;1;0;1;3;6;0;6;2;No
Bookkeeper;/home/denni/isw2/bookkeeper/hedwig-protocol/src/main/java/org/apache/hedwig/protocol/PubSubProtocol.java/setSrcRegion;4.2.1;7;2;1;0;1;1;5;0;1;3;22;0;22;2;No
Bookkeeper;/home/denni/isw2/bookkeeper/hedwig-protocol/src/main/java/org/apache/hedwig/protocol/PubSubProtocol.java/clearSrcRegion;4.2.1;5;1;0;0;0;0;4;0;1;3;15;0;15;2;No
Bookkeeper;/home/denni/isw2/bookkeeper/hedwig-protocol/src/main/java/org/apache/hedwig/protocol/PubSubProtocol.java/hasMsgId;4.2.1;2;1;0;0;0;0;1;0;1;3;6;0;6;2;No
Bookkeeper;/home/denni/isw2/bookkeeper/hedwig-protocol/src/main/java/org/apache/hedwig/protocol/PubSubProtocol.java/getMsgId;4.2.1;5;2;1;0;0;1;1;0;1;3;17;0;17;2;No
Bookkeeper;/home/denni/isw2/bookkeeper/hedwig-protocol/src/main/java/org/apache/hedwig/protocol/PubSubProtocol.java/setMsgId;4.2.1;10;3;3;0;1;2;3;0;1;4;47;0;47;2;No
Bookkeeper;/home/denni/isw2/bookkeeper/hedwig-protocol/src/main/java/org/apache/hedwig/protocol/PubSubProtocol.java/getMsgIdOrBuilder;4.2.1;5;2;1;0;0;1;1;0;1;3;18;0;18;2;No
Bookkeeper;/home/denni/isw2/bookkeeper/hedwig-protocol/src/main/java/org/apache/hedwig/protocol/PubSubProtocol.java/hasHeader;4.2.1;2;1;0;0;0;0;1;0;1;4;7;0;7;2;No
Bookkeeper;/home/denni/isw2/bookkeeper/hedwig-protocol/src/main/java/org/apache/hedwig/protocol/PubSubProtocol.java/getHeader;4.2.1;5;2;1;0;0;1;1;0;1;4;22;0;22;2;No
Bookkeeper;/home/denni/isw2/bookkeeper/hedwig-protocol/src/main/java/org/apache/hedwig/protocol/PubSubProtocol.java/setHeader;4.2.1;10;3;3;0;1;2;3;0;1;3;34;0;34;2;No
Bookkeeper;/home/denni/isw2/bookkeeper/hedwig-protocol/src/main/java/org/apache/hedwig/protocol/PubSubProtocol.java/getHeaderOrBuilder;4.2.1;5;2;1;0;0;1;1;0;1;3;18;0;18;2;No
Bookkeeper;/home/denni/isw2/bookkeeper/hedwig-protocol/src/main/java/org/apache/hedwig/protocol/PubSubProtocol.java/hasRegion;4.2.1;2;1;0;0;0;0;1;0;1;2;4;0;4;2;No
Bookkeeper;/home/denni/isw2/bookkeeper/hedwig-protocol/src/main/java/org/apache/hedwig/protocol/PubSubProtocol.java/getRegion;4.2.1;2;1;0;0;0;0;1;0;1;3;5;0;5;2;No
Bookkeeper;/home/denni/isw2/bookkeeper/hedwig-protocol/src/main/java/org/apache/hedwig/protocol/PubSubProtocol.java/hasSeqId;4.2.1;2;1;0;0;0;0;1;0;1;3;6;1;7;2;No
Bookkeeper;/home/denni/isw2/bookkeeper/hedwig-protocol/src/main/java/org/apache/hedwig/protocol/PubSubProtocol.java/getSeqId;4.2.1;2;1;0;0;0;0;1;0;1;3;6;0;6;2;No
Bookkeeper;/home/denni/isw2/bookkeeper/hedwig-protocol/src/main/java/org/apache/hedwig/protocol/PubSubProtocol.java/initFields;4.2.1;3;1;0;0;0;0;2;0;1;3;9;0;9;2;No
Bookkeeper;/home/denni/isw2/bookkeeper/hedwig-protocol/src/main/java/org/apache/hedwig/protocol/PubSubProtocol.java/maybeForceBuilderInitialization;4.2.1;2;2;1;0;0;1;1;0;1;2;5;0;5;2;No
Bookkeeper;/home/denni/isw2/bookkeeper/hedwig-protocol/src/main/java/org/apache/hedwig/protocol/PubSubProtocol.java/create;4.2.1;2;1;0;0;0;0;1;0;1;3;4;0;4;2;No
Bookkeeper;/home/denni/isw2/bookkeeper/hedwig-protocol/src/main/java/org/apache/hedwig/protocol/PubSubProtocol.java/clear;4.2.1;7;1;0;0;0;0;6;0;1;3;17;0;17;2;No
Bookkeeper;/home/denni/isw2/bookkeeper/hedwig-protocol/src/main/java/org/apache/hedwig/protocol/PubSubProtocol.java/clone;4.2.1;2;1;0;0;0;0;1;0;1;2;4;0;4;2;No
Bookkeeper;/home/denni/isw2/bookkeeper/hedwig-protocol/src/main/java/org/apache/hedwig/protocol/PubSubProtocol.java/buildParsed;4.2.1;5;2;1;0;0;1;3;1;1;3;18;8;26;2;No
Bookkeeper;/home/denni/isw2/bookkeeper/hedwig-protocol/src/main/java/org/apache/hedwig/protocol/PubSubProtocol.java/buildPartial;4.2.1;13;3;2;0;0;1;10;3;1;3;37;15;52;2;No
Bookkeeper;/home/denni/isw2/bookkeeper/hedwig-protocol/src/main/java/org/apache/hedwig/protocol/PubSubProtocol.java/isInitialized;4.2.1;6;3;2;0;0;1;3;0;1;3;25;0;25;2;No
Bookkeeper;/home/denni/isw2/bookkeeper/hedwig-protocol/src/main/java/org/apache/hedwig/protocol/PubSubProtocol.java/mergeFrom;4.2.1;23;7;5;0;2;3;2;2;1;3;84;3;87;2;No
Bookkeeper;/home/denni/isw2/bookkeeper/hedwig-protocol/src/main/java/org/apache/hedwig/protocol/PubSubProtocol.java/hasRegion;4.2.1;2;1;0;0;0;0;1;0;1;2;4;2;6;2;No
Bookkeeper;/home/denni/isw2/bookkeeper/hedwig-protocol/src/main/java/org/apache/hedwig/protocol/PubSubProtocol.java/getRegion;4.2.1;2;1;0;0;0;0;1;0;1;3;6;2;8;2;No
Bookkeeper;/home/denni/isw2/bookkeeper/hedwig-protocol/src/main/java/org/apache/hedwig/protocol/PubSubProtocol.java/setRegion;4.2.1;7;2;1;0;1;1;5;0;1;3;18;6;24;2;No
Bookkeeper;/home/denni/isw2/bookkeeper/hedwig-protocol/src/main/java/org/apache/hedwig/protocol/PubSubProtocol.java/clearRegion;4.2.1;5;1;0;0;0;0;4;0;1;3;11;0;11;2;No
Bookkeeper;/home/denni/isw2/bookkeeper/hedwig-protocol/src/main/java/org/apache/hedwig/protocol/PubSubProtocol.java/hasSeqId;4.2.1;2;1;0;0;0;0;1;0;1;2;4;0;4;2;No
Bookkeeper;/home/denni/isw2/bookkeeper/hedwig-protocol/src/main/java/org/apache/hedwig/protocol/PubSubProtocol.java/getSeqId;4.2.1;2;1;0;0;0;0;1;0;1;3;6;0;6;2;No
Bookkeeper;/home/denni/isw2/bookkeeper/hedwig-protocol/src/main/java/org/apache/hedwig/protocol/PubSubProtocol.java/hasLocalComponent;4.2.1;2;1;0;0;0;0;1;0;1;3;6;0;6;2;No
Bookkeeper;/home/denni/isw2/bookkeeper/hedwig-protocol/src/main/java/org/apache/hedwig/protocol/PubSubProtocol.java/getLocalComponent;4.2.1;2;1;0;0;0;0;1;0;1;3;6;0;6;2;No
Bookkeeper;/home/denni/isw2/bookkeeper/hedwig-protocol/src/main/java/org/apache/hedwig/protocol/PubSubProtocol.java/getRemoteComponentsList;4.2.1;2;1;0;0;0;0;1;0;2;3;6;0;6;2;No
Bookkeeper;/home/denni/isw2/bookkeeper/hedwig-protocol/src/main/java/org/apache/hedwig/protocol/PubSubProtocol.java/getRemoteComponentsOrBuilderList;4.2.1;2;1;0;0;0;0;1;0;2;3;9;0;9;2;No
Bookkeeper;/home/denni/isw2/bookkeeper/hedwig-protocol/src/main/java/org/apache/hedwig/protocol/PubSubProtocol.java/getRemoteComponentsCount;4.2.1;2;1;0;0;0;0;1;0;1;3;6;0;6;2;No
Bookkeeper;/home/denni/isw2/bookkeeper/hedwig-protocol/src/main/java/org/apache/hedwig/protocol/PubSubProtocol.java/getRemoteComponents;4.2.1;2;1;0;0;1;0;1;0;1;3;5;0;5;2;No
Bookkeeper;/home/denni/isw2/bookkeeper/hedwig-protocol/src/main/java/org/apache/hedwig/protocol/PubSubProtocol.java/getRemoteComponentsOrBuilder;4.2.1;2;1;0;0;1;0;1;0;1;3;8;0;8;2;No
Bookkeeper;/home/denni/isw2/bookkeeper/hedwig-protocol/src/main/java/org/apache/hedwig/protocol/PubSubProtocol.java/writeTo;4.2.1;7;3;2;0;1;1;4;1;1;3;29;0;29;2;No
Bookkeeper;/home/denni/isw2/bookkeeper/hedwig-protocol/src/main/java/org/apache/hedwig/protocol/PubSubProtocol.java/getSerializedSize;4.2.1;12;4;3;0;0;1;8;2;1;3;43;0;43;2;No
Bookkeeper;/home/denni/isw2/bookkeeper/hedwig-protocol/src/main/java/org/apache/hedwig/protocol/PubSubProtocol.java/maybeForceBuilderInitialization;4.2.1;3;2;1;0;0;1;1;0;1;3;11;0;11;2;No
Bookkeeper;/home/denni/isw2/bookkeeper/hedwig-protocol/src/main/java/org/apache/hedwig/protocol/PubSubProtocol.java/create;4.2.1;2;1;0;0;0;0;1;0;1;3;5;0;5;2;No
Bookkeeper;/home/denni/isw2/bookkeeper/hedwig-protocol/src/main/java/org/apache/hedwig/protocol/PubSubProtocol.java/clone;4.2.1;2;1;0;0;0;0;1;0;1;3;6;0;6;2;No
Bookkeeper;/home/denni/isw2/bookkeeper/hedwig-protocol/src/main/java/org/apache/hedwig/protocol/PubSubProtocol.java/buildParsed;4.2.1;5;2;1;0;0;1;3;1;1;3;22;0;22;2;No
Bookkeeper;/home/denni/isw2/bookkeeper/hedwig-protocol/src/main/java/org/apache/hedwig/protocol/PubSubProtocol.java/buildPartial;4.2.1;17;4;4;0;0;2;9;3;1;3;55;11;66;2;No
Bookkeeper;/home/denni/isw2/bookkeeper/hedwig-protocol/src/main/java/org/apache/hedwig/protocol/PubSubProtocol.java/mergeFrom;4.2.1;26;9;10;0;1;3;5;0;1;3;93;0;93;2;No
Bookkeeper;/home/denni/isw2/bookkeeper/hedwig-protocol/src/main/java/org/apache/hedwig/protocol/PubSubProtocol.java/mergeFrom;4.2.1;24;7;5;0;2;3;2;3;1;3;99;0;99;2;No
Bookkeeper;/home/denni/isw2/bookkeeper/hedwig-protocol/src/main/java/org/apache/hedwig/protocol/PubSubProtocol.java/hasLocalComponent;4.2.1;2;1;0;0;0;0;1;0;1;3;6;0;6;2;No
Bookkeeper;/home/denni/isw2/bookkeeper/hedwig-protocol/src/main/java/org/apache/hedwig/protocol/PubSubProtocol.java/getLocalComponent;4.2.1;2;1;0;0;0;0;1;0;1;3;6;0;6;2;No
Bookkeeper;/home/denni/isw2/bookkeeper/hedwig-protocol/src/main/java/org/apache/hedwig/protocol/PubSubProtocol.java/ensureRemoteComponentsIsMutable;4.2.1;4;2;1;0;0;1;1;0;1;3;13;0;13;2;No
Bookkeeper;/home/denni/isw2/bookkeeper/hedwig-protocol/src/main/java/org/apache/hedwig/protocol/PubSubProtocol.java/getRemoteComponentsList;4.2.1;5;2;1;0;0;1;1;0;2;3;16;0;16;2;No
Bookkeeper;/home/denni/isw2/bookkeeper/hedwig-protocol/src/main/java/org/apache/hedwig/protocol/PubSubProtocol.java/getRemoteComponentsCount;4.2.1;5;2;1;0;0;1;1;0;1;3;18;0;18;2;No
Bookkeeper;/home/denni/isw2/bookkeeper/hedwig-protocol/src/main/java/org/apache/hedwig/protocol/PubSubProtocol.java/getRemoteComponents;4.2.1;5;2;1;0;1;1;1;0;1;3;16;0;16;2;No
Bookkeeper;/home/denni/isw2/bookkeeper/hedwig-protocol/src/main/java/org/apache/hedwig/protocol/PubSubProtocol.java/setRemoteComponents;4.2.1;10;3;3;0;2;2;2;0;1;3;36;0;36;2;No
Bookkeeper;/home/denni/isw2/bookkeeper/hedwig-protocol/src/main/java/org/apache/hedwig/protocol/PubSubProtocol.java/addRemoteComponents;4.2.1;10;3;3;0;1;2;2;0;1;3;34;0;34;2;No
Bookkeeper;/home/denni/isw2/bookkeeper/hedwig-protocol/src/main/java/org/apache/hedwig/protocol/PubSubProtocol.java/addRemoteComponents;4.2.1;10;3;3;0;2;2;2;0;1;3;39;0;39;2;No
Bookkeeper;/home/denni/isw2/bookkeeper/hedwig-protocol/src/main/java/org/apache/hedwig/protocol/PubSubProtocol.java/getRemoteComponentsOrBuilder;4.2.1;5;2;1;0;1;1;1;0;1;3;17;0;17;2;No
Bookkeeper;/home/denni/isw2/bookkeeper/hedwig-protocol/src/main/java/org/apache/hedwig/protocol/PubSubProtocol.java/getRemoteComponentsOrBuilderList;4.2.1;5;2;1;0;0;1;1;0;2;3;15;0;15;2;No
Bookkeeper;/home/denni/isw2/bookkeeper/hedwig-protocol/src/main/java/org/apache/hedwig/protocol/PubSubProtocol.java/hasProtocolVersion;4.2.1;2;1;0;0;0;0;1;0;1;3;5;0;5;2;No
Bookkeeper;/home/denni/isw2/bookkeeper/hedwig-protocol/src/main/java/org/apache/hedwig/protocol/PubSubProtocol.java/getProtocolVersion;4.2.1;2;1;0;0;0;0;1;0;1;3;6;0;6;2;No
Bookkeeper;/home/denni/isw2/bookkeeper/hedwig-protocol/src/main/java/org/apache/hedwig/protocol/PubSubProtocol.java/hasType;4.2.1;2;1;0;0;0;0;1;0;1;3;6;0;6;2;No
Bookkeeper;/home/denni/isw2/bookkeeper/hedwig-protocol/src/main/java/org/apache/hedwig/protocol/PubSubProtocol.java/getType;4.2.1;2;1;0;0;0;0;1;0;1;3;6;0;6;2;No
Bookkeeper;/home/denni/isw2/bookkeeper/hedwig-protocol/src/main/java/org/apache/hedwig/protocol/PubSubProtocol.java/getTriedServersList;4.2.1;2;1;0;0;0;0;1;0;2;3;8;0;8;2;No
Bookkeeper;/home/denni/isw2/bookkeeper/hedwig-protocol/src/main/java/org/apache/hedwig/protocol/PubSubProtocol.java/getTriedServersCount;4.2.1;2;1;0;0;0;0;1;0;1;3;5;0;5;2;No
Bookkeeper;/home/denni/isw2/bookkeeper/hedwig-protocol/src/main/java/org/apache/hedwig/protocol/PubSubProtocol.java/getTriedServers;4.2.1;2;1;0;0;1;0;1;0;1;3;6;0;6;2;No
Bookkeeper;/home/denni/isw2/bookkeeper/hedwig-protocol/src/main/java/org/apache/hedwig/protocol/PubSubProtocol.java/hasTxnId;4.2.1;2;1;0;0;0;0;1;0;1;2;4;0;4;2;No
Bookkeeper;/home/denni/isw2/bookkeeper/hedwig-protocol/src/main/java/org/apache/hedwig/protocol/PubSubProtocol.java/getTxnId;4.2.1;2;1;0;0;0;0;1;0;1;2;4;0;4;2;No
Bookkeeper;/home/denni/isw2/bookkeeper/hedwig-protocol/src/main/java/org/apache/hedwig/protocol/PubSubProtocol.java/hasShouldClaim;4.2.1;2;1;0;0;0;0;1;0;1;2;4;0;4;2;No
Bookkeeper;/home/denni/isw2/bookkeeper/hedwig-protocol/src/main/java/org/apache/hedwig/protocol/PubSubProtocol.java/getShouldClaim;4.2.1;2;1;0;0;0;0;1;0;1;3;4;0;4;2;No
Bookkeeper;/home/denni/isw2/bookkeeper/hedwig-protocol/src/main/java/org/apache/hedwig/protocol/PubSubProtocol.java/hasTopic;4.2.1;2;1;0;0;0;0;1;0;1;2;4;0;4;2;No
Bookkeeper;/home/denni/isw2/bookkeeper/hedwig-protocol/src/main/java/org/apache/hedwig/protocol/PubSubProtocol.java/getTopic;4.2.1;2;1;0;0;0;0;1;0;1;3;5;0;5;2;No
Bookkeeper;/home/denni/isw2/bookkeeper/hedwig-protocol/src/main/java/org/apache/hedwig/protocol/PubSubProtocol.java/hasPublishRequest;4.2.1;2;1;0;0;0;0;1;0;1;2;4;0;4;2;No
Bookkeeper;/home/denni/isw2/bookkeeper/hedwig-protocol/src/main/java/org/apache/hedwig/protocol/PubSubProtocol.java/getPublishRequest;4.2.1;2;1;0;0;0;0;1;0;1;3;6;0;6;2;No
Bookkeeper;/home/denni/isw2/bookkeeper/hedwig-protocol/src/main/java/org/apache/hedwig/protocol/PubSubProtocol.java/getPublishRequestOrBuilder;4.2.1;2;1;0;0;0;0;1;0;1;3;6;0;6;2;No
Bookkeeper;/home/denni/isw2/bookkeeper/hedwig-protocol/src/main/java/org/apache/hedwig/protocol/PubSubProtocol.java/hasSubscribeRequest;4.2.1;2;1;0;0;0;0;1;0;1;3;6;0;6;2;No
Bookkeeper;/home/denni/isw2/bookkeeper/hedwig-protocol/src/main/java/org/apache/hedwig/protocol/PubSubProtocol.java/getSubscribeRequest;4.2.1;2;1;0;0;0;0;1;0;1;3;5;0;5;2;No
Bookkeeper;/home/denni/isw2/bookkeeper/hedwig-protocol/src/main/java/org/apache/hedwig/protocol/PubSubProtocol.java/getSubscribeRequestOrBuilder;4.2.1;2;1;0;0;0;0;1;0;1;2;4;0;4;2;No
Bookkeeper;/home/denni/isw2/bookkeeper/hedwig-protocol/src/main/java/org/apache/hedwig/protocol/PubSubProtocol.java/hasConsumeRequest;4.2.1;2;1;0;0;0;0;1;0;1;2;4;0;4;2;No
Bookkeeper;/home/denni/isw2/bookkeeper/hedwig-protocol/src/main/java/org/apache/hedwig/protocol/PubSubProtocol.java/getConsumeRequest;4.2.1;2;1;0;0;0;0;1;0;1;2;4;0;4;2;No
Bookkeeper;/home/denni/isw2/bookkeeper/hedwig-protocol/src/main/java/org/apache/hedwig/protocol/PubSubProtocol.java/getConsumeRequestOrBuilder;4.2.1;2;1;0;0;0;0;1;0;1;2;4;0;4;2;No
Bookkeeper;/home/denni/isw2/bookkeeper/hedwig-protocol/src/main/java/org/apache/hedwig/protocol/PubSubProtocol.java/hasUnsubscribeRequest;4.2.1;2;1;0;0;0;0;1;0;1;3;6;0;6;2;No
Bookkeeper;/home/denni/isw2/bookkeeper/hedwig-protocol/src/main/java/org/apache/hedwig/protocol/PubSubProtocol.java/getUnsubscribeRequest;4.2.1;2;1;0;0;0;0;1;0;1;3;6;0;6;2;No
Bookkeeper;/home/denni/isw2/bookkeeper/hedwig-protocol/src/main/java/org/apache/hedwig/protocol/PubSubProtocol.java/getUnsubscribeRequestOrBuilder;4.2.1;2;1;0;0;0;0;1;0;1;3;6;0;6;2;No
Bookkeeper;/home/denni/isw2/bookkeeper/hedwig-protocol/src/main/java/org/apache/hedwig/protocol/PubSubProtocol.java/hasStopDeliveryRequest;4.2.1;2;1;0;0;0;0;1;0;1;2;4;0;4;2;No
Bookkeeper;/home/denni/isw2/bookkeeper/hedwig-protocol/src/main/java/org/apache/hedwig/protocol/PubSubProtocol.java/getStopDeliveryRequest;4.2.1;2;1;0;0;0;0;1;0;1;2;4;0;4;2;No
Bookkeeper;/home/denni/isw2/bookkeeper/hedwig-protocol/src/main/java/org/apache/hedwig/protocol/PubSubProtocol.java/getStopDeliveryRequestOrBuilder;4.2.1;2;1;0;0;0;0;1;0;1;2;4;0;4;2;No
Bookkeeper;/home/denni/isw2/bookkeeper/hedwig-protocol/src/main/java/org/apache/hedwig/protocol/PubSubProtocol.java/hasStartDeliveryRequest;4.2.1;2;1;0;0;0;0;1;0;1;2;4;0;4;2;No
Bookkeeper;/home/denni/isw2/bookkeeper/hedwig-protocol/src/main/java/org/apache/hedwig/protocol/PubSubProtocol.java/getStartDeliveryRequest;4.2.1;2;1;0;0;0;0;1;0;1;2;4;0;4;2;No
Bookkeeper;/home/denni/isw2/bookkeeper/hedwig-protocol/src/main/java/org/apache/hedwig/protocol/PubSubProtocol.java/getStartDeliveryRequestOrBuilder;4.2.1;2;1;0;0;0;0;1;0;1;3;6;0;6;2;No
Bookkeeper;/home/denni/isw2/bookkeeper/hedwig-protocol/src/main/java/org/apache/hedwig/protocol/PubSubProtocol.java/hasCloseSubscriptionRequest;4.2.1;2;1;0;0;0;0;1;0;1;3;6;0;6;2;No
Bookkeeper;/home/denni/isw2/bookkeeper/hedwig-protocol/src/main/java/org/apache/hedwig/protocol/PubSubProtocol.java/getCloseSubscriptionRequest;4.2.1;2;1;0;0;0;0;1;0;1;3;6;0;6;2;No
Bookkeeper;/home/denni/isw2/bookkeeper/hedwig-protocol/src/main/java/org/apache/hedwig/protocol/PubSubProtocol.java/getCloseSubscriptionRequestOrBuilder;4.2.1;2;1;0;0;0;0;1;0;1;3;5;0;5;2;No
Bookkeeper;/home/denni/isw2/bookkeeper/hedwig-protocol/src/main/java/org/apache/hedwig/protocol/PubSubProtocol.java/initFields;4.2.1;15;1;0;0;0;0;14;0;1;4;36;0;36;2;No
Bookkeeper;/home/denni/isw2/bookkeeper/hedwig-protocol/src/main/java/org/apache/hedwig/protocol/PubSubProtocol.java/isInitialized;4.2.1;46;20;20;0;0;2;15;1;1;4;177;51;228;2;No
Bookkeeper;/home/denni/isw2/bookkeeper/hedwig-protocol/src/main/java/org/apache/hedwig/protocol/PubSubProtocol.java/writeTo;4.2.1;29;14;13;0;1;1;15;1;1;4;118;0;118;2;No
Bookkeeper;/home/denni/isw2/bookkeeper/hedwig-protocol/src/main/java/org/apache/hedwig/protocol/PubSubProtocol.java/getSerializedSize;4.2.1;37;15;14;0;0;1;19;3;1;4;137;0;137;2;No
Bookkeeper;/home/denni/isw2/bookkeeper/hedwig-protocol/src/main/java/org/apache/hedwig/protocol/PubSubProtocol.java/maybeForceBuilderInitialization;4.2.1;9;2;1;0;0;1;1;0;1;4;25;0;25;2;No
Bookkeeper;/home/denni/isw2/bookkeeper/hedwig-protocol/src/main/java/org/apache/hedwig/protocol/PubSubProtocol.java/create;4.2.1;2;1;0;0;0;0;1;0;1;3;5;0;5;2;No
Bookkeeper;/home/denni/isw2/bookkeeper/hedwig-protocol/src/main/java/org/apache/hedwig/protocol/PubSubProtocol.java/clear;4.2.1;51;8;7;0;0;1;29;0;1;4;119;38;157;2;No
Bookkeeper;/home/denni/isw2/bookkeeper/hedwig-protocol/src/main/java/org/apache/hedwig/protocol/PubSubProtocol.java/clone;4.2.1;2;1;0;0;0;0;1;0;1;2;4;0;4;2;No
Bookkeeper;/home/denni/isw2/bookkeeper/hedwig-protocol/src/main/java/org/apache/hedwig/protocol/PubSubProtocol.java/buildParsed;4.2.1;5;2;1;0;0;1;3;1;1;3;18;0;18;2;No
Bookkeeper;/home/denni/isw2/bookkeeper/hedwig-protocol/src/main/java/org/apache/hedwig/protocol/PubSubProtocol.java/buildPartial;4.2.1;68;21;20;0;0;1;32;3;1;4;234;0;234;2;No
Bookkeeper;/home/denni/isw2/bookkeeper/hedwig-protocol/src/main/java/org/apache/hedwig/protocol/PubSubProtocol.java/mergeFrom;4.2.1;37;16;16;0;1;2;16;0;1;4;112;0;112;2;No
Bookkeeper;/home/denni/isw2/bookkeeper/hedwig-protocol/src/main/java/org/apache/hedwig/protocol/PubSubProtocol.java/isInitialized;4.2.1;31;19;19;0;0;2;12;0;1;4;142;0;142;2;No
Bookkeeper;/home/denni/isw2/bookkeeper/hedwig-protocol/src/main/java/org/apache/hedwig/protocol/PubSubProtocol.java/mergeFrom;4.2.1;98;27;14;0;2;3;2;13;1;4;304;118;422;2;No
Bookkeeper;/home/denni/isw2/bookkeeper/hedwig-protocol/src/main/java/org/apache/hedwig/protocol/PubSubProtocol.java/hasProtocolVersion;4.2.1;2;1;0;0;0;0;1;0;1;3;6;0;6;2;No
Bookkeeper;/home/denni/isw2/bookkeeper/hedwig-protocol/src/main/java/org/apache/hedwig/protocol/PubSubProtocol.java/getProtocolVersion;4.2.1;2;1;0;0;0;0;1;0;1;2;4;0;4;2;No
Bookkeeper;/home/denni/isw2/bookkeeper/hedwig-protocol/src/main/java/org/apache/hedwig/protocol/PubSubProtocol.java/setProtocolVersion;4.2.1;7;2;1;0;1;1;5;0;1;3;21;0;21;2;No
Bookkeeper;/home/denni/isw2/bookkeeper/hedwig-protocol/src/main/java/org/apache/hedwig/protocol/PubSubProtocol.java/hasType;4.2.1;2;1;0;0;0;0;1;0;1;2;4;0;4;2;No
Bookkeeper;/home/denni/isw2/bookkeeper/hedwig-protocol/src/main/java/org/apache/hedwig/protocol/PubSubProtocol.java/getType;4.2.1;2;1;0;0;0;0;1;0;1;2;4;0;4;2;No
Bookkeeper;/home/denni/isw2/bookkeeper/hedwig-protocol/src/main/java/org/apache/hedwig/protocol/PubSubProtocol.java/setType;4.2.1;7;2;1;0;1;1;5;0;1;3;18;0;18;2;No
Bookkeeper;/home/denni/isw2/bookkeeper/hedwig-protocol/src/main/java/org/apache/hedwig/protocol/PubSubProtocol.java/ensureTriedServersIsMutable;4.2.1;4;2;1;0;0;1;1;0;1;3;15;0;15;2;No
Bookkeeper;/home/denni/isw2/bookkeeper/hedwig-protocol/src/main/java/org/apache/hedwig/protocol/PubSubProtocol.java/getTriedServersList;4.2.1;2;1;0;0;0;0;1;0;2;2;6;0;6;2;No
Bookkeeper;/home/denni/isw2/bookkeeper/hedwig-protocol/src/main/java/org/apache/hedwig/protocol/PubSubProtocol.java/getTriedServersCount;4.2.1;2;1;0;0;0;0;1;0;1;2;4;0;4;2;No
Bookkeeper;/home/denni/isw2/bookkeeper/hedwig-protocol/src/main/java/org/apache/hedwig/protocol/PubSubProtocol.java/getTriedServers;4.2.1;2;1;0;0;1;0;1;0;1;2;4;0;4;2;No
Bookkeeper;/home/denni/isw2/bookkeeper/hedwig-protocol/src/main/java/org/apache/hedwig/protocol/PubSubProtocol.java/setTriedServers;4.2.1;7;2;1;0;2;1;5;0;1;2;18;0;18;2;No
Bookkeeper;/home/denni/isw2/bookkeeper/hedwig-protocol/src/main/java/org/apache/hedwig/protocol/PubSubProtocol.java/addTriedServers;4.2.1;7;2;1;0;1;1;5;0;1;2;16;0;16;2;No
Bookkeeper;/home/denni/isw2/bookkeeper/hedwig-protocol/src/main/java/org/apache/hedwig/protocol/PubSubProtocol.java/hasTxnId;4.2.1;2;1;0;0;0;0;1;0;1;2;4;0;4;2;No
Bookkeeper;/home/denni/isw2/bookkeeper/hedwig-protocol/src/main/java/org/apache/hedwig/protocol/PubSubProtocol.java/getTxnId;4.2.1;2;1;0;0;0;0;1;0;1;2;4;0;4;2;No
Bookkeeper;/home/denni/isw2/bookkeeper/hedwig-protocol/src/main/java/org/apache/hedwig/protocol/PubSubProtocol.java/hasShouldClaim;4.2.1;2;1;0;0;0;0;1;0;1;2;4;0;4;2;No
Bookkeeper;/home/denni/isw2/bookkeeper/hedwig-protocol/src/main/java/org/apache/hedwig/protocol/PubSubProtocol.java/getShouldClaim;4.2.1;2;1;0;0;0;0;1;0;1;2;4;0;4;2;No
Bookkeeper;/home/denni/isw2/bookkeeper/hedwig-protocol/src/main/java/org/apache/hedwig/protocol/PubSubProtocol.java/hasTopic;4.2.1;2;1;0;0;0;0;1;0;1;3;3;0;3;2;No
Bookkeeper;/home/denni/isw2/bookkeeper/hedwig-protocol/src/main/java/org/apache/hedwig/protocol/PubSubProtocol.java/getTopic;4.2.1;2;1;0;0;0;0;1;0;1;3;6;0;6;2;No
Bookkeeper;/home/denni/isw2/bookkeeper/hedwig-protocol/src/main/java/org/apache/hedwig/protocol/PubSubProtocol.java/setTopic;4.2.1;7;2;1;0;1;1;5;0;1;3;23;0;23;2;No
Bookkeeper;/home/denni/isw2/bookkeeper/hedwig-protocol/src/main/java/org/apache/hedwig/protocol/PubSubProtocol.java/clearTopic;4.2.1;5;1;0;0;0;0;4;0;1;3;14;0;14;2;No
Bookkeeper;/home/denni/isw2/bookkeeper/hedwig-protocol/src/main/java/org/apache/hedwig/protocol/PubSubProtocol.java/hasPublishRequest;4.2.1;2;1;0;0;0;0;1;0;1;3;6;0;6;2;No
Bookkeeper;/home/denni/isw2/bookkeeper/hedwig-protocol/src/main/java/org/apache/hedwig/protocol/PubSubProtocol.java/getPublishRequest;4.2.1;5;2;1;0;0;1;1;0;1;3;12;0;12;2;No
Bookkeeper;/home/denni/isw2/bookkeeper/hedwig-protocol/src/main/java/org/apache/hedwig/protocol/PubSubProtocol.java/setPublishRequest;4.2.1;10;3;3;0;1;2;3;0;1;3;25;0;25;2;No
Bookkeeper;/home/denni/isw2/bookkeeper/hedwig-protocol/src/main/java/org/apache/hedwig/protocol/PubSubProtocol.java/getPublishRequestOrBuilder;4.2.1;5;2;1;0;0;1;1;0;1;2;12;0;12;2;No
Bookkeeper;/home/denni/isw2/bookkeeper/hedwig-protocol/src/main/java/org/apache/hedwig/protocol/PubSubProtocol.java/hasSubscribeRequest;4.2.1;2;1;0;0;0;0;1;0;1;3;5;0;5;2;No
Bookkeeper;/home/denni/isw2/bookkeeper/hedwig-protocol/src/main/java/org/apache/hedwig/protocol/PubSubProtocol.java/getSubscribeRequest;4.2.1;5;2;1;0;0;1;1;0;1;3;13;0;13;2;No
Bookkeeper;/home/denni/isw2/bookkeeper/hedwig-protocol/src/main/java/org/apache/hedwig/protocol/PubSubProtocol.java/setSubscribeRequest;4.2.1;10;3;3;0;1;2;3;0;1;3;26;0;26;2;No
Bookkeeper;/home/denni/isw2/bookkeeper/hedwig-protocol/src/main/java/org/apache/hedwig/protocol/PubSubProtocol.java/getSubscribeRequestOrBuilder;4.2.1;5;2;1;0;0;1;1;0;1;3;15;0;15;2;No
Bookkeeper;/home/denni/isw2/bookkeeper/hedwig-protocol/src/main/java/org/apache/hedwig/protocol/PubSubProtocol.java/hasConsumeRequest;4.2.1;2;1;0;0;0;0;1;0;1;3;6;0;6;2;No
Bookkeeper;/home/denni/isw2/bookkeeper/hedwig-protocol/src/main/java/org/apache/hedwig/protocol/PubSubProtocol.java/getConsumeRequest;4.2.1;5;2;1;0;0;1;1;0;1;4;24;0;24;2;No
Bookkeeper;/home/denni/isw2/bookkeeper/hedwig-protocol/src/main/java/org/apache/hedwig/protocol/PubSubProtocol.java/setConsumeRequest;4.2.1;10;3;3;0;1;2;3;0;1;4;42;0;42;2;No
Bookkeeper;/home/denni/isw2/bookkeeper/hedwig-protocol/src/main/java/org/apache/hedwig/protocol/PubSubProtocol.java/getConsumeRequestOrBuilder;4.2.1;5;2;1;0;0;1;1;0;1;4;21;0;21;2;No
Bookkeeper;/home/denni/isw2/bookkeeper/hedwig-protocol/src/main/java/org/apache/hedwig/protocol/PubSubProtocol.java/hasUnsubscribeRequest;4.2.1;2;1;0;0;0;0;1;0;1;3;6;0;6;2;No
Bookkeeper;/home/denni/isw2/bookkeeper/hedwig-protocol/src/main/java/org/apache/hedwig/protocol/PubSubProtocol.java/getUnsubscribeRequest;4.2.1;5;2;1;0;0;1;1;0;1;4;21;0;21;2;No
Bookkeeper;/home/denni/isw2/bookkeeper/hedwig-protocol/src/main/java/org/apache/hedwig/protocol/PubSubProtocol.java/setUnsubscribeRequest;4.2.1;10;3;3;0;1;2;3;0;1;4;38;0;38;2;No
Bookkeeper;/home/denni/isw2/bookkeeper/hedwig-protocol/src/main/java/org/apache/hedwig/protocol/PubSubProtocol.java/getUnsubscribeRequestOrBuilder;4.2.1;5;2;1;0;0;1;1;0;1;3;17;0;17;2;No
Bookkeeper;/home/denni/isw2/bookkeeper/hedwig-protocol/src/main/java/org/apache/hedwig/protocol/PubSubProtocol.java/hasStopDeliveryRequest;4.2.1;2;1;0;0;0;0;1;0;1;3;6;0;6;2;No
Bookkeeper;/home/denni/isw2/bookkeeper/hedwig-protocol/src/main/java/org/apache/hedwig/protocol/PubSubProtocol.java/getStopDeliveryRequest;4.2.1;5;2;1;0;0;1;1;0;1;3;18;0;18;2;No
Bookkeeper;/home/denni/isw2/bookkeeper/hedwig-protocol/src/main/java/org/apache/hedwig/protocol/PubSubProtocol.java/setStopDeliveryRequest;4.2.1;10;3;3;0;1;2;3;0;1;4;37;0;37;2;No
Bookkeeper;/home/denni/isw2/bookkeeper/hedwig-protocol/src/main/java/org/apache/hedwig/protocol/PubSubProtocol.java/getStopDeliveryRequestOrBuilder;4.2.1;5;2;1;0;0;1;1;0;1;4;20;0;20;2;No
Bookkeeper;/home/denni/isw2/bookkeeper/hedwig-protocol/src/main/java/org/apache/hedwig/protocol/PubSubProtocol.java/hasStartDeliveryRequest;4.2.1;2;1;0;0;0;0;1;0;1;3;6;0;6;2;No
Bookkeeper;/home/denni/isw2/bookkeeper/hedwig-protocol/src/main/java/org/apache/hedwig/protocol/PubSubProtocol.java/getStartDeliveryRequest;4.2.1;5;2;1;0;0;1;1;0;1;4;20;0;20;2;No
Bookkeeper;/home/denni/isw2/bookkeeper/hedwig-protocol/src/main/java/org/apache/hedwig/protocol/PubSubProtocol.java/setStartDeliveryRequest;4.2.1;10;3;3;0;1;2;3;0;1;4;44;0;44;2;No
Bookkeeper;/home/denni/isw2/bookkeeper/hedwig-protocol/src/main/java/org/apache/hedwig/protocol/PubSubProtocol.java/getStartDeliveryRequestOrBuilder;4.2.1;5;2;1;0;0;1;1;0;1;4;23;0;23;2;No
Bookkeeper;/home/denni/isw2/bookkeeper/hedwig-protocol/src/main/java/org/apache/hedwig/protocol/PubSubProtocol.java/hasCloseSubscriptionRequest;4.2.1;2;1;0;0;0;0;1;0;1;4;8;0;8;2;No
Bookkeeper;/home/denni/isw2/bookkeeper/hedwig-protocol/src/main/java/org/apache/hedwig/protocol/PubSubProtocol.java/getCloseSubscriptionRequest;4.2.1;5;2;1;0;0;1;1;0;1;5;26;0;26;2;No
Bookkeeper;/home/denni/isw2/bookkeeper/hedwig-protocol/src/main/java/org/apache/hedwig/protocol/PubSubProtocol.java/setCloseSubscriptionRequest;4.2.1;10;3;3;0;1;2;3;0;1;5;49;0;49;2;No
Bookkeeper;/home/denni/isw2/bookkeeper/hedwig-protocol/src/main/java/org/apache/hedwig/protocol/PubSubProtocol.java/getCloseSubscriptionRequestOrBuilder;4.2.1;5;2;1;0;0;1;1;0;1;5;28;0;28;2;No
Bookkeeper;/home/denni/isw2/bookkeeper/hedwig-protocol/src/main/java/org/apache/hedwig/protocol/PubSubProtocol.java/hasMsg;4.2.1;2;1;0;0;0;0;1;0;1;2;3;0;3;2;No
Bookkeeper;/home/denni/isw2/bookkeeper/hedwig-protocol/src/main/java/org/apache/hedwig/protocol/PubSubProtocol.java/getMsg;4.2.1;2;1;0;0;0;0;1;0;1;3;5;0;5;2;No
Bookkeeper;/home/denni/isw2/bookkeeper/hedwig-protocol/src/main/java/org/apache/hedwig/protocol/PubSubProtocol.java/getMsgOrBuilder;4.2.1;2;1;0;0;0;0;1;0;1;3;6;0;6;2;No
Bookkeeper;/home/denni/isw2/bookkeeper/hedwig-protocol/src/main/java/org/apache/hedwig/protocol/PubSubProtocol.java/maybeForceBuilderInitialization;4.2.1;3;2;1;0;0;1;1;0;1;3;9;0;9;2;No
Bookkeeper;/home/denni/isw2/bookkeeper/hedwig-protocol/src/main/java/org/apache/hedwig/protocol/PubSubProtocol.java/create;4.2.1;2;1;0;0;0;0;1;0;1;3;5;0;5;2;No
Bookkeeper;/home/denni/isw2/bookkeeper/hedwig-protocol/src/main/java/org/apache/hedwig/protocol/PubSubProtocol.java/clone;4.2.1;2;1;0;0;0;0;1;0;1;4;6;0;6;2;No
Bookkeeper;/home/denni/isw2/bookkeeper/hedwig-protocol/src/main/java/org/apache/hedwig/protocol/PubSubProtocol.java/buildParsed;4.2.1;5;2;1;0;0;1;3;1;1;3;24;0;24;2;No
Bookkeeper;/home/denni/isw2/bookkeeper/hedwig-protocol/src/main/java/org/apache/hedwig/protocol/PubSubProtocol.java/buildPartial;4.2.1;13;3;2;0;0;1;8;3;1;4;36;0;36;2;No
Bookkeeper;/home/denni/isw2/bookkeeper/hedwig-protocol/src/main/java/org/apache/hedwig/protocol/PubSubProtocol.java/isInitialized;4.2.1;6;3;2;0;0;1;3;0;1;6;43;3;46;3;No
Bookkeeper;/home/denni/isw2/bookkeeper/hedwig-protocol/src/main/java/org/apache/hedwig/protocol/PubSubProtocol.java/mergeFrom;4.2.1;22;7;6;0;2;3;2;3;1;4;90;0;90;2;No
Bookkeeper;/home/denni/isw2/bookkeeper/hedwig-protocol/src/main/java/org/apache/hedwig/protocol/PubSubProtocol.java/hasMsg;4.2.1;2;1;0;0;0;0;1;0;1;3;4;0;4;2;No
Bookkeeper;/home/denni/isw2/bookkeeper/hedwig-protocol/src/main/java/org/apache/hedwig/protocol/PubSubProtocol.java/getMsg;4.2.1;5;2;1;0;0;1;1;0;1;3;13;0;13;2;No
Bookkeeper;/home/denni/isw2/bookkeeper/hedwig-protocol/src/main/java/org/apache/hedwig/protocol/PubSubProtocol.java/setMsg;4.2.1;10;3;3;0;1;2;3;0;1;4;29;0;29;2;No
Bookkeeper;/home/denni/isw2/bookkeeper/hedwig-protocol/src/main/java/org/apache/hedwig/protocol/PubSubProtocol.java/getMsgOrBuilder;4.2.1;5;2;1;0;0;1;1;0;1;4;18;0;18;2;No
Bookkeeper;/home/denni/isw2/bookkeeper/hedwig-protocol/src/main/java/org/apache/hedwig/protocol/PubSubProtocol.java/hasOptions;4.2.1;2;1;0;0;0;0;1;0;1;3;5;0;5;2;No
Bookkeeper;/home/denni/isw2/bookkeeper/hedwig-protocol/src/main/java/org/apache/hedwig/protocol/PubSubProtocol.java/getOptions;4.2.1;2;1;0;0;0;0;1;0;1;2;4;0;4;2;No
Bookkeeper;/home/denni/isw2/bookkeeper/hedwig-protocol/src/main/java/org/apache/hedwig/protocol/PubSubProtocol.java/getOptionsOrBuilder;4.2.1;2;1;0;0;0;0;1;0;1;2;4;0;4;2;No
Bookkeeper;/home/denni/isw2/bookkeeper/hedwig-protocol/src/main/java/org/apache/hedwig/protocol/PubSubProtocol.java/hasMessageBound;4.2.1;2;1;0;0;0;0;1;0;1;2;4;0;4;2;No
Bookkeeper;/home/denni/isw2/bookkeeper/hedwig-protocol/src/main/java/org/apache/hedwig/protocol/PubSubProtocol.java/getMessageBound;4.2.1;2;1;0;0;0;0;1;0;1;2;4;0;4;2;No
Bookkeeper;/home/denni/isw2/bookkeeper/hedwig-protocol/src/main/java/org/apache/hedwig/protocol/PubSubProtocol.java/hasMessageFilter;4.2.1;2;1;0;0;0;0;1;0;1;2;4;0;4;2;No
Bookkeeper;/home/denni/isw2/bookkeeper/hedwig-protocol/src/main/java/org/apache/hedwig/protocol/PubSubProtocol.java/getMessageFilter;4.2.1;10;3;3;0;0;2;2;3;1;2;23;0;23;2;No
Bookkeeper;/home/denni/isw2/bookkeeper/hedwig-protocol/src/main/java/org/apache/hedwig/protocol/PubSubProtocol.java/hasMessageWindowSize;4.2.1;2;1;0;0;0;0;1;0;1;2;4;0;4;2;No
Bookkeeper;/home/denni/isw2/bookkeeper/hedwig-protocol/src/main/java/org/apache/hedwig/protocol/PubSubProtocol.java/getMessageWindowSize;4.2.1;2;1;0;0;0;0;1;0;1;2;4;0;4;2;No
Bookkeeper;/home/denni/isw2/bookkeeper/hedwig-protocol/src/main/java/org/apache/hedwig/protocol/PubSubProtocol.java/maybeForceBuilderInitialization;4.2.1;3;2;1;0;0;1;1;0;1;5;13;0;13;2;No
Bookkeeper;/home/denni/isw2/bookkeeper/hedwig-protocol/src/main/java/org/apache/hedwig/protocol/PubSubProtocol.java/create;4.2.1;2;1;0;0;0;0;1;0;1;4;6;0;6;2;No
Bookkeeper;/home/denni/isw2/bookkeeper/hedwig-protocol/src/main/java/org/apache/hedwig/protocol/PubSubProtocol.java/clone;4.2.1;2;1;0;0;0;0;1;0;1;5;10;0;10;2;No
Bookkeeper;/home/denni/isw2/bookkeeper/hedwig-protocol/src/main/java/org/apache/hedwig/protocol/PubSubProtocol.java/buildParsed;4.2.1;5;2;1;0;0;1;3;1;1;3;19;0;19;2;No
Bookkeeper;/home/denni/isw2/bookkeeper/hedwig-protocol/src/main/java/org/apache/hedwig/protocol/PubSubProtocol.java/buildPartial;4.2.1;22;6;5;0;0;1;14;3;1;4;76;0;76;2;No
Bookkeeper;/home/denni/isw2/bookkeeper/hedwig-protocol/src/main/java/org/apache/hedwig/protocol/PubSubProtocol.java/mergeFrom;4.2.1;34;10;6;0;2;3;2;3;1;7;134;7;141;3;No
Bookkeeper;/home/denni/isw2/bookkeeper/hedwig-protocol/src/main/java/org/apache/hedwig/protocol/PubSubProtocol.java/hasOptions;4.2.1;2;1;0;0;0;0;1;0;1;3;6;0;6;2;No
Bookkeeper;/home/denni/isw2/bookkeeper/hedwig-protocol/src/main/java/org/apache/hedwig/protocol/PubSubProtocol.java/getOptions;4.2.1;5;2;1;0;0;1;1;0;1;2;12;0;12;2;No
Bookkeeper;/home/denni/isw2/bookkeeper/hedwig-protocol/src/main/java/org/apache/hedwig/protocol/PubSubProtocol.java/setOptions;4.2.1;10;3;3;0;1;2;3;0;1;3;27;0;27;2;No
Bookkeeper;/home/denni/isw2/bookkeeper/hedwig-protocol/src/main/java/org/apache/hedwig/protocol/PubSubProtocol.java/getOptionsOrBuilder;4.2.1;5;2;1;0;0;1;1;0;1;1;6;0;6;1;No
Bookkeeper;/home/denni/isw2/bookkeeper/hedwig-protocol/src/main/java/org/apache/hedwig/protocol/PubSubProtocol.java/hasMessageBound;4.2.1;2;1;0;0;0;0;1;0;1;1;2;0;2;1;No
Bookkeeper;/home/denni/isw2/bookkeeper/hedwig-protocol/src/main/java/org/apache/hedwig/protocol/PubSubProtocol.java/getMessageBound;4.2.1;2;1;0;0;0;0;1;0;1;1;2;0;2;1;No
Bookkeeper;/home/denni/isw2/bookkeeper/hedwig-protocol/src/main/java/org/apache/hedwig/protocol/PubSubProtocol.java/hasMessageFilter;4.2.1;2;1;0;0;0;0;1;0;1;1;2;0;2;1;No
Bookkeeper;/home/denni/isw2/bookkeeper/hedwig-protocol/src/main/java/org/apache/hedwig/protocol/PubSubProtocol.java/getMessageFilter;4.2.1;8;2;1;0;0;1;2;2;1;2;10;0;10;1;No
Bookkeeper;/home/denni/isw2/bookkeeper/hedwig-protocol/src/main/java/org/apache/hedwig/protocol/PubSubProtocol.java/setMessageFilter;4.2.1;7;2;1;0;1;1;5;0;1;3;17;0;17;1;No
Bookkeeper;/home/denni/isw2/bookkeeper/hedwig-protocol/src/main/java/org/apache/hedwig/protocol/PubSubProtocol.java/hasMessageWindowSize;4.2.1;2;1;0;0;0;0;1;0;1;2;4;0;4;1;No
Bookkeeper;/home/denni/isw2/bookkeeper/hedwig-protocol/src/main/java/org/apache/hedwig/protocol/PubSubProtocol.java/getMessageWindowSize;4.2.1;2;1;0;0;0;0;1;0;1;1;2;0;2;1;No
Bookkeeper;/home/denni/isw2/bookkeeper/hedwig-protocol/src/main/java/org/apache/hedwig/protocol/PubSubProtocol.java/hasSubscriberId;4.2.1;2;1;0;0;0;0;1;0;1;1;2;0;2;1;No
Bookkeeper;/home/denni/isw2/bookkeeper/hedwig-protocol/src/main/java/org/apache/hedwig/protocol/PubSubProtocol.java/getSubscriberId;4.2.1;2;1;0;0;0;0;1;0;1;1;2;0;2;1;No
Bookkeeper;/home/denni/isw2/bookkeeper/hedwig-protocol/src/main/java/org/apache/hedwig/protocol/PubSubProtocol.java/hasCreateOrAttach;4.2.1;2;1;0;0;0;0;1;0;1;1;2;0;2;1;No
Bookkeeper;/home/denni/isw2/bookkeeper/hedwig-protocol/src/main/java/org/apache/hedwig/protocol/PubSubProtocol.java/getCreateOrAttach;4.2.1;2;1;0;0;0;0;1;0;1;2;4;0;4;1;No
Bookkeeper;/home/denni/isw2/bookkeeper/hedwig-protocol/src/main/java/org/apache/hedwig/protocol/PubSubProtocol.java/hasSynchronous;4.2.1;2;1;0;0;0;0;1;0;1;2;4;0;4;1;No
Bookkeeper;/home/denni/isw2/bookkeeper/hedwig-protocol/src/main/java/org/apache/hedwig/protocol/PubSubProtocol.java/getSynchronous;4.2.1;2;1;0;0;0;0;1;0;1;2;4;0;4;1;No
Bookkeeper;/home/denni/isw2/bookkeeper/hedwig-protocol/src/main/java/org/apache/hedwig/protocol/PubSubProtocol.java/hasMessageBound;4.2.1;2;1;0;0;0;0;1;0;1;1;2;0;2;1;No
Bookkeeper;/home/denni/isw2/bookkeeper/hedwig-protocol/src/main/java/org/apache/hedwig/protocol/PubSubProtocol.java/getMessageBound;4.2.1;2;1;0;0;0;0;1;0;1;2;4;0;4;1;No
Bookkeeper;/home/denni/isw2/bookkeeper/hedwig-protocol/src/main/java/org/apache/hedwig/protocol/PubSubProtocol.java/hasPreferences;4.2.1;2;1;0;0;0;0;1;0;1;1;2;0;2;1;No
Bookkeeper;/home/denni/isw2/bookkeeper/hedwig-protocol/src/main/java/org/apache/hedwig/protocol/PubSubProtocol.java/getPreferences;4.2.1;2;1;0;0;0;0;1;0;1;2;4;0;4;1;No
Bookkeeper;/home/denni/isw2/bookkeeper/hedwig-protocol/src/main/java/org/apache/hedwig/protocol/PubSubProtocol.java/getPreferencesOrBuilder;4.2.1;2;1;0;0;0;0;1;0;1;2;4;0;4;1;No
Bookkeeper;/home/denni/isw2/bookkeeper/hedwig-protocol/src/main/java/org/apache/hedwig/protocol/PubSubProtocol.java/hasForceAttach;4.2.1;2;1;0;0;0;0;1;0;1;2;4;0;4;1;No
Bookkeeper;/home/denni/isw2/bookkeeper/hedwig-protocol/src/main/java/org/apache/hedwig/protocol/PubSubProtocol.java/getForceAttach;4.2.1;2;1;0;0;0;0;1;0;1;3;5;0;5;1;No
Bookkeeper;/home/denni/isw2/bookkeeper/hedwig-protocol/src/main/java/org/apache/hedwig/protocol/PubSubProtocol.java/initFields;4.2.1;7;1;0;0;0;0;6;0;1;2;13;0;13;1;No
Bookkeeper;/home/denni/isw2/bookkeeper/hedwig-protocol/src/main/java/org/apache/hedwig/protocol/PubSubProtocol.java/maybeForceBuilderInitialization;4.2.1;3;2;1;0;0;1;1;0;1;1;4;0;4;1;No
Bookkeeper;/home/denni/isw2/bookkeeper/hedwig-protocol/src/main/java/org/apache/hedwig/protocol/PubSubProtocol.java/create;4.2.1;2;1;0;0;0;0;1;0;1;1;2;0;2;1;No
Bookkeeper;/home/denni/isw2/bookkeeper/hedwig-protocol/src/main/java/org/apache/hedwig/protocol/PubSubProtocol.java/clear;4.2.1;18;2;1;0;0;1;14;0;1;1;16;0;16;1;No
Bookkeeper;/home/denni/isw2/bookkeeper/hedwig-protocol/src/main/java/org/apache/hedwig/protocol/PubSubProtocol.java/clone;4.2.1;2;1;0;0;0;0;1;0;1;1;2;0;2;1;No
Bookkeeper;/home/denni/isw2/bookkeeper/hedwig-protocol/src/main/java/org/apache/hedwig/protocol/PubSubProtocol.java/buildParsed;4.2.1;5;2;1;0;0;1;3;1;1;1;1;0;1;1;No
Bookkeeper;/home/denni/isw2/bookkeeper/hedwig-protocol/src/main/java/org/apache/hedwig/protocol/PubSubProtocol.java/buildPartial;4.2.1;28;8;7;0;0;1;18;3;1;3;34;0;34;2;No
Bookkeeper;/home/denni/isw2/bookkeeper/hedwig-protocol/src/main/java/org/apache/hedwig/protocol/PubSubProtocol.java/isInitialized;4.2.1;4;2;1;0;0;1;2;0;1;0;0;0;0;0;No
Bookkeeper;/home/denni/isw2/bookkeeper/hedwig-protocol/src/main/java/org/apache/hedwig/protocol/PubSubProtocol.java/mergeFrom;4.2.1;47;13;7;0;2;3;2;5;1;4;87;0;87;2;No
Bookkeeper;/home/denni/isw2/bookkeeper/hedwig-protocol/src/main/java/org/apache/hedwig/protocol/PubSubProtocol.java/hasSubscriberId;4.2.1;2;1;0;0;0;0;1;0;1;1;2;0;2;1;No
Bookkeeper;/home/denni/isw2/bookkeeper/hedwig-protocol/src/main/java/org/apache/hedwig/protocol/PubSubProtocol.java/getSubscriberId;4.2.1;2;1;0;0;0;0;1;0;1;1;1;0;1;1;No
Bookkeeper;/home/denni/isw2/bookkeeper/hedwig-protocol/src/main/java/org/apache/hedwig/protocol/PubSubProtocol.java/setSubscriberId;4.2.1;7;2;1;0;1;1;5;0;1;2;5;0;5;1;No
Bookkeeper;/home/denni/isw2/bookkeeper/hedwig-protocol/src/main/java/org/apache/hedwig/protocol/PubSubProtocol.java/clearSubscriberId;4.2.1;5;1;0;0;0;0;4;0;1;2;5;0;5;1;No
Bookkeeper;/home/denni/isw2/bookkeeper/hedwig-protocol/src/main/java/org/apache/hedwig/protocol/PubSubProtocol.java/hasCreateOrAttach;4.2.1;2;1;0;0;0;0;1;0;1;0;0;0;0;0;No
Bookkeeper;/home/denni/isw2/bookkeeper/hedwig-protocol/src/main/java/org/apache/hedwig/protocol/PubSubProtocol.java/getCreateOrAttach;4.2.1;2;1;0;0;0;0;1;0;1;1;2;0;2;1;No
Bookkeeper;/home/denni/isw2/bookkeeper/hedwig-protocol/src/main/java/org/apache/hedwig/protocol/PubSubProtocol.java/setCreateOrAttach;4.2.1;7;2;1;0;1;1;5;0;1;3;9;0;9;2;No
Bookkeeper;/home/denni/isw2/bookkeeper/hedwig-protocol/src/main/java/org/apache/hedwig/protocol/PubSubProtocol.java/hasSynchronous;4.2.1;2;1;0;0;0;0;1;0;1;1;2;0;2;1;No
Bookkeeper;/home/denni/isw2/bookkeeper/hedwig-protocol/src/main/java/org/apache/hedwig/protocol/PubSubProtocol.java/getSynchronous;4.2.1;2;1;0;0;0;0;1;0;1;1;2;0;2;1;No
Bookkeeper;/home/denni/isw2/bookkeeper/hedwig-protocol/src/main/java/org/apache/hedwig/protocol/PubSubProtocol.java/hasMessageBound;4.2.1;2;1;0;0;0;0;1;0;1;1;1;0;1;1;No
Bookkeeper;/home/denni/isw2/bookkeeper/hedwig-protocol/src/main/java/org/apache/hedwig/protocol/PubSubProtocol.java/getMessageBound;4.2.1;2;1;0;0;0;0;1;0;1;3;5;2;7;2;No
Bookkeeper;/home/denni/isw2/bookkeeper/hedwig-protocol/src/main/java/org/apache/hedwig/protocol/PubSubProtocol.java/hasPreferences;4.2.1;2;1;0;0;0;0;1;0;1;1;1;0;1;1;No
Bookkeeper;/home/denni/isw2/bookkeeper/hedwig-protocol/src/main/java/org/apache/hedwig/protocol/PubSubProtocol.java/getPreferences;4.2.1;5;2;1;0;0;1;1;0;1;2;3;0;3;1;No
Bookkeeper;/home/denni/isw2/bookkeeper/hedwig-protocol/src/main/java/org/apache/hedwig/protocol/PubSubProtocol.java/setPreferences;4.2.1;10;3;3;0;1;2;3;0;1;2;10;0;10;2;No
Bookkeeper;/home/denni/isw2/bookkeeper/hedwig-protocol/src/main/java/org/apache/hedwig/protocol/PubSubProtocol.java/getPreferencesOrBuilder;4.2.1;5;2;1;0;0;1;1;0;1;2;7;0;7;1;No
Bookkeeper;/home/denni/isw2/bookkeeper/hedwig-protocol/src/main/java/org/apache/hedwig/protocol/PubSubProtocol.java/hasForceAttach;4.2.1;2;1;0;0;0;0;1;0;1;1;2;0;2;1;No
Bookkeeper;/home/denni/isw2/bookkeeper/hedwig-protocol/src/main/java/org/apache/hedwig/protocol/PubSubProtocol.java/getForceAttach;4.2.1;2;1;0;0;0;0;1;0;1;3;4;1;5;2;No
Bookkeeper;/home/denni/isw2/bookkeeper/hedwig-protocol/src/main/java/org/apache/hedwig/protocol/PubSubProtocol.java/hasForceAttach;4.2.1;2;1;0;0;0;0;1;0;1;1;1;0;1;1;No
Bookkeeper;/home/denni/isw2/bookkeeper/hedwig-protocol/src/main/java/org/apache/hedwig/protocol/PubSubProtocol.java/getForceAttach;4.2.1;2;1;0;0;0;0;1;0;1;3;4;1;5;2;No
Bookkeeper;/home/denni/isw2/bookkeeper/hedwig-protocol/src/main/java/org/apache/hedwig/protocol/PubSubProtocol.java/hasCreateOrAttach;4.2.1;2;1;0;0;0;0;1;0;1;0;0;0;0;0;No
Bookkeeper;/home/denni/isw2/bookkeeper/hedwig-protocol/src/main/java/org/apache/hedwig/protocol/PubSubProtocol.java/getCreateOrAttach;4.2.1;2;1;0;0;0;0;1;0;1;0;0;0;0;0;No
Bookkeeper;/home/denni/isw2/bookkeeper/hedwig-protocol/src/main/java/org/apache/hedwig/protocol/PubSubProtocol.java/hasMessageBound;4.2.1;2;1;0;0;0;0;1;0;1;0;0;0;0;0;No
Bookkeeper;/home/denni/isw2/bookkeeper/hedwig-protocol/src/main/java/org/apache/hedwig/protocol/PubSubProtocol.java/getMessageBound;4.2.1;2;1;0;0;0;0;1;0;1;1;1;0;1;1;No
Bookkeeper;/home/denni/isw2/bookkeeper/hedwig-protocol/src/main/java/org/apache/hedwig/protocol/PubSubProtocol.java/hasOptions;4.2.1;2;1;0;0;0;0;1;0;1;1;2;0;2;1;No
Bookkeeper;/home/denni/isw2/bookkeeper/hedwig-protocol/src/main/java/org/apache/hedwig/protocol/PubSubProtocol.java/getOptions;4.2.1;2;1;0;0;0;0;1;0;1;1;2;0;2;1;No
Bookkeeper;/home/denni/isw2/bookkeeper/hedwig-protocol/src/main/java/org/apache/hedwig/protocol/PubSubProtocol.java/getOptionsOrBuilder;4.2.1;2;1;0;0;0;0;1;0;1;1;1;0;1;1;No
Bookkeeper;/home/denni/isw2/bookkeeper/hedwig-protocol/src/main/java/org/apache/hedwig/protocol/PubSubProtocol.java/hasMessageFilter;4.2.1;2;1;0;0;0;0;1;0;1;1;1;0;1;1;No
Bookkeeper;/home/denni/isw2/bookkeeper/hedwig-protocol/src/main/java/org/apache/hedwig/protocol/PubSubProtocol.java/getMessageFilter;4.2.1;10;3;3;0;0;2;2;3;1;1;2;0;2;1;No
Bookkeeper;/home/denni/isw2/bookkeeper/hedwig-protocol/src/main/java/org/apache/hedwig/protocol/PubSubProtocol.java/hasMessageWindowSize;4.2.1;2;1;0;0;0;0;1;0;1;1;2;0;2;1;No
Bookkeeper;/home/denni/isw2/bookkeeper/hedwig-protocol/src/main/java/org/apache/hedwig/protocol/PubSubProtocol.java/getMessageWindowSize;4.2.1;2;1;0;0;0;0;1;0;1;0;0;0;0;0;No
Bookkeeper;/home/denni/isw2/bookkeeper/hedwig-protocol/src/main/java/org/apache/hedwig/protocol/PubSubProtocol.java/hasEnableResubscribe;4.2.1;2;1;0;0;0;0;1;0;1;1;2;0;2;1;No
Bookkeeper;/home/denni/isw2/bookkeeper/hedwig-protocol/src/main/java/org/apache/hedwig/protocol/PubSubProtocol.java/getEnableResubscribe;4.2.1;2;1;0;0;0;0;1;0;1;0;0;0;0;0;No
Bookkeeper;/home/denni/isw2/bookkeeper/hedwig-protocol/src/main/java/org/apache/hedwig/protocol/PubSubProtocol.java/getSerializedSize;4.2.1;22;9;8;0;0;1;13;1;1;5;53;1;54;2;No
Bookkeeper;/home/denni/isw2/bookkeeper/hedwig-protocol/src/main/java/org/apache/hedwig/protocol/PubSubProtocol.java/maybeForceBuilderInitialization;4.2.1;3;2;1;0;0;1;1;0;1;3;7;0;7;2;No
Bookkeeper;/home/denni/isw2/bookkeeper/hedwig-protocol/src/main/java/org/apache/hedwig/protocol/PubSubProtocol.java/create;4.2.1;2;1;0;0;0;0;1;0;1;1;2;0;2;1;No
Bookkeeper;/home/denni/isw2/bookkeeper/hedwig-protocol/src/main/java/org/apache/hedwig/protocol/PubSubProtocol.java/clone;4.2.1;2;1;0;0;0;0;1;0;1;2;4;0;4;2;No
Bookkeeper;/home/denni/isw2/bookkeeper/hedwig-protocol/src/main/java/org/apache/hedwig/protocol/PubSubProtocol.java/buildParsed;4.2.1;5;2;1;0;0;1;3;1;1;3;11;0;11;2;No
Bookkeeper;/home/denni/isw2/bookkeeper/hedwig-protocol/src/main/java/org/apache/hedwig/protocol/PubSubProtocol.java/buildPartial;4.2.1;31;9;8;0;0;1;20;3;1;3;54;0;54;2;No
Bookkeeper;/home/denni/isw2/bookkeeper/hedwig-protocol/src/main/java/org/apache/hedwig/protocol/PubSubProtocol.java/mergeFrom;4.2.1;19;9;8;0;1;1;10;0;1;3;43;0;43;2;No
Bookkeeper;/home/denni/isw2/bookkeeper/hedwig-protocol/src/main/java/org/apache/hedwig/protocol/PubSubProtocol.java/mergeFrom;4.2.1;51;14;7;0;2;3;2;5;1;3;146;0;146;2;No
Bookkeeper;/home/denni/isw2/bookkeeper/hedwig-protocol/src/main/java/org/apache/hedwig/protocol/PubSubProtocol.java/hasForceAttach;4.2.1;2;1;0;0;0;0;1;0;1;2;4;0;4;2;No
Bookkeeper;/home/denni/isw2/bookkeeper/hedwig-protocol/src/main/java/org/apache/hedwig/protocol/PubSubProtocol.java/getForceAttach;4.2.1;2;1;0;0;0;0;1;0;1;1;2;0;2;1;No
Bookkeeper;/home/denni/isw2/bookkeeper/hedwig-protocol/src/main/java/org/apache/hedwig/protocol/PubSubProtocol.java/hasCreateOrAttach;4.2.1;2;1;0;0;0;0;1;0;1;2;4;0;4;2;No
Bookkeeper;/home/denni/isw2/bookkeeper/hedwig-protocol/src/main/java/org/apache/hedwig/protocol/PubSubProtocol.java/getCreateOrAttach;4.2.1;2;1;0;0;0;0;1;0;1;2;4;0;4;2;No
Bookkeeper;/home/denni/isw2/bookkeeper/hedwig-protocol/src/main/java/org/apache/hedwig/protocol/PubSubProtocol.java/setCreateOrAttach;4.2.1;7;2;1;0;1;1;5;0;1;4;25;5;30;2;No
Bookkeeper;/home/denni/isw2/bookkeeper/hedwig-protocol/src/main/java/org/apache/hedwig/protocol/PubSubProtocol.java/hasMessageBound;4.2.1;2;1;0;0;0;0;1;0;1;2;4;0;4;2;No
Bookkeeper;/home/denni/isw2/bookkeeper/hedwig-protocol/src/main/java/org/apache/hedwig/protocol/PubSubProtocol.java/getMessageBound;4.2.1;2;1;0;0;0;0;1;0;1;2;3;0;3;2;No
Bookkeeper;/home/denni/isw2/bookkeeper/hedwig-protocol/src/main/java/org/apache/hedwig/protocol/PubSubProtocol.java/hasOptions;4.2.1;2;1;0;0;0;0;1;0;1;2;2;0;2;2;No
Bookkeeper;/home/denni/isw2/bookkeeper/hedwig-protocol/src/main/java/org/apache/hedwig/protocol/PubSubProtocol.java/getOptions;4.2.1;5;2;1;0;0;1;1;0;1;2;12;0;12;2;No
Bookkeeper;/home/denni/isw2/bookkeeper/hedwig-protocol/src/main/java/org/apache/hedwig/protocol/PubSubProtocol.java/setOptions;4.2.1;10;3;3;0;1;2;3;0;1;2;19;0;19;2;No
Bookkeeper;/home/denni/isw2/bookkeeper/hedwig-protocol/src/main/java/org/apache/hedwig/protocol/PubSubProtocol.java/getOptionsOrBuilder;4.2.1;5;2;1;0;0;1;1;0;1;2;11;0;11;2;No
Bookkeeper;/home/denni/isw2/bookkeeper/hedwig-protocol/src/main/java/org/apache/hedwig/protocol/PubSubProtocol.java/hasMessageFilter;4.2.1;2;1;0;0;0;0;1;0;1;1;2;0;2;1;No
Bookkeeper;/home/denni/isw2/bookkeeper/hedwig-protocol/src/main/java/org/apache/hedwig/protocol/PubSubProtocol.java/getMessageFilter;4.2.1;8;2;1;0;0;1;2;2;1;1;9;0;9;1;No
Bookkeeper;/home/denni/isw2/bookkeeper/hedwig-protocol/src/main/java/org/apache/hedwig/protocol/PubSubProtocol.java/setMessageFilter;4.2.1;7;2;1;0;1;1;5;0;1;1;8;0;8;1;No
Bookkeeper;/home/denni/isw2/bookkeeper/hedwig-protocol/src/main/java/org/apache/hedwig/protocol/PubSubProtocol.java/hasMessageWindowSize;4.2.1;2;1;0;0;0;0;1;0;1;1;2;0;2;1;No
Bookkeeper;/home/denni/isw2/bookkeeper/hedwig-protocol/src/main/java/org/apache/hedwig/protocol/PubSubProtocol.java/getMessageWindowSize;4.2.1;2;1;0;0;0;0;1;0;1;1;2;0;2;1;No
Bookkeeper;/home/denni/isw2/bookkeeper/hedwig-protocol/src/main/java/org/apache/hedwig/protocol/PubSubProtocol.java/hasEnableResubscribe;4.2.1;2;1;0;0;0;0;1;0;1;1;2;0;2;1;No
Bookkeeper;/home/denni/isw2/bookkeeper/hedwig-protocol/src/main/java/org/apache/hedwig/protocol/PubSubProtocol.java/getEnableResubscribe;4.2.1;2;1;0;0;0;0;1;0;1;2;4;0;4;2;No
Bookkeeper;/home/denni/isw2/bookkeeper/hedwig-protocol/src/main/java/org/apache/hedwig/protocol/PubSubProtocol.java/hasSubscriberId;4.2.1;2;1;0;0;0;0;1;0;1;2;3;0;3;2;No
Bookkeeper;/home/denni/isw2/bookkeeper/hedwig-protocol/src/main/java/org/apache/hedwig/protocol/PubSubProtocol.java/getSubscriberId;4.2.1;2;1;0;0;0;0;1;0;1;1;2;0;2;1;No
Bookkeeper;/home/denni/isw2/bookkeeper/hedwig-protocol/src/main/java/org/apache/hedwig/protocol/PubSubProtocol.java/hasMsgId;4.2.1;2;1;0;0;0;0;1;0;1;2;4;0;4;2;No
Bookkeeper;/home/denni/isw2/bookkeeper/hedwig-protocol/src/main/java/org/apache/hedwig/protocol/PubSubProtocol.java/getMsgId;4.2.1;2;1;0;0;0;0;1;0;1;2;4;0;4;2;No
Bookkeeper;/home/denni/isw2/bookkeeper/hedwig-protocol/src/main/java/org/apache/hedwig/protocol/PubSubProtocol.java/getMsgIdOrBuilder;4.2.1;2;1;0;0;0;0;1;0;1;2;4;0;4;2;No
Bookkeeper;/home/denni/isw2/bookkeeper/hedwig-protocol/src/main/java/org/apache/hedwig/protocol/PubSubProtocol.java/initFields;4.2.1;3;1;0;0;0;0;2;0;1;2;6;0;6;2;No
Bookkeeper;/home/denni/isw2/bookkeeper/hedwig-protocol/src/main/java/org/apache/hedwig/protocol/PubSubProtocol.java/maybeForceBuilderInitialization;4.2.1;3;2;1;0;0;1;1;0;1;2;8;0;8;2;No
Bookkeeper;/home/denni/isw2/bookkeeper/hedwig-protocol/src/main/java/org/apache/hedwig/protocol/PubSubProtocol.java/create;4.2.1;2;1;0;0;0;0;1;0;1;2;3;0;3;2;No
Bookkeeper;/home/denni/isw2/bookkeeper/hedwig-protocol/src/main/java/org/apache/hedwig/protocol/PubSubProtocol.java/clear;4.2.1;10;2;1;0;0;1;6;0;1;2;22;0;22;2;No
Bookkeeper;/home/denni/isw2/bookkeeper/hedwig-protocol/src/main/java/org/apache/hedwig/protocol/PubSubProtocol.java/clone;4.2.1;2;1;0;0;0;0;1;0;1;2;4;0;4;2;No
Bookkeeper;/home/denni/isw2/bookkeeper/hedwig-protocol/src/main/java/org/apache/hedwig/protocol/PubSubProtocol.java/buildParsed;4.2.1;5;2;1;0;0;1;3;1;1;2;14;0;14;2;No
Bookkeeper;/home/denni/isw2/bookkeeper/hedwig-protocol/src/main/java/org/apache/hedwig/protocol/PubSubProtocol.java/buildPartial;4.2.1;16;4;3;0;0;1;10;3;1;2;28;0;28;2;No
Bookkeeper;/home/denni/isw2/bookkeeper/hedwig-protocol/src/main/java/org/apache/hedwig/protocol/PubSubProtocol.java/isInitialized;4.2.1;8;4;3;0;0;1;4;0;1;1;9;0;9;1;No
Bookkeeper;/home/denni/isw2/bookkeeper/hedwig-protocol/src/main/java/org/apache/hedwig/protocol/PubSubProtocol.java/mergeFrom;4.2.1;26;8;6;0;2;3;2;3;1;1;14;0;14;1;No
Bookkeeper;/home/denni/isw2/bookkeeper/hedwig-protocol/src/main/java/org/apache/hedwig/protocol/PubSubProtocol.java/hasSubscriberId;4.2.1;2;1;0;0;0;0;1;0;1;0;0;0;0;0;No
Bookkeeper;/home/denni/isw2/bookkeeper/hedwig-protocol/src/main/java/org/apache/hedwig/protocol/PubSubProtocol.java/getSubscriberId;4.2.1;2;1;0;0;0;0;1;0;1;0;0;0;0;0;No
Bookkeeper;/home/denni/isw2/bookkeeper/hedwig-protocol/src/main/java/org/apache/hedwig/protocol/PubSubProtocol.java/setSubscriberId;4.2.1;7;2;1;0;1;1;5;0;1;0;0;0;0;0;No
Bookkeeper;/home/denni/isw2/bookkeeper/hedwig-protocol/src/main/java/org/apache/hedwig/protocol/PubSubProtocol.java/clearSubscriberId;4.2.1;5;1;0;0;0;0;4;0;1;0;0;0;0;0;No
Bookkeeper;/home/denni/isw2/bookkeeper/hedwig-protocol/src/main/java/org/apache/hedwig/protocol/PubSubProtocol.java/hasMsgId;4.2.1;2;1;0;0;0;0;1;0;1;0;0;0;0;0;No
Bookkeeper;/home/denni/isw2/bookkeeper/hedwig-protocol/src/main/java/org/apache/hedwig/protocol/PubSubProtocol.java/getMsgId;4.2.1;5;2;1;0;0;1;1;0;1;0;0;0;0;0;No
Bookkeeper;/home/denni/isw2/bookkeeper/hedwig-protocol/src/main/java/org/apache/hedwig/protocol/PubSubProtocol.java/setMsgId;4.2.1;10;3;3;0;1;2;3;0;1;0;0;0;0;0;No
Bookkeeper;/home/denni/isw2/bookkeeper/hedwig-protocol/src/main/java/org/apache/hedwig/protocol/PubSubProtocol.java/getMsgIdOrBuilder;4.2.1;5;2;1;0;0;1;1;0;1;1;6;0;6;1;No
Bookkeeper;/home/denni/isw2/bookkeeper/hedwig-protocol/src/main/java/org/apache/hedwig/protocol/PubSubProtocol.java/hasSubscriberId;4.2.1;2;1;0;0;0;0;1;0;1;1;2;0;2;1;No
Bookkeeper;/home/denni/isw2/bookkeeper/hedwig-protocol/src/main/java/org/apache/hedwig/protocol/PubSubProtocol.java/getSubscriberId;4.2.1;2;1;0;0;0;0;1;0;1;1;2;0;2;1;No
Bookkeeper;/home/denni/isw2/bookkeeper/hedwig-protocol/src/main/java/org/apache/hedwig/protocol/PubSubProtocol.java/initFields;4.2.1;2;1;0;0;0;0;1;0;1;0;0;0;0;0;No
Bookkeeper;/home/denni/isw2/bookkeeper/hedwig-protocol/src/main/java/org/apache/hedwig/protocol/PubSubProtocol.java/maybeForceBuilderInitialization;4.2.1;2;2;1;0;0;1;1;0;1;1;3;0;3;1;No
Bookkeeper;/home/denni/isw2/bookkeeper/hedwig-protocol/src/main/java/org/apache/hedwig/protocol/PubSubProtocol.java/create;4.2.1;2;1;0;0;0;0;1;0;1;1;2;0;2;1;No
Bookkeeper;/home/denni/isw2/bookkeeper/hedwig-protocol/src/main/java/org/apache/hedwig/protocol/PubSubProtocol.java/clear;4.2.1;5;1;0;0;0;0;4;0;1;1;4;0;4;1;No
Bookkeeper;/home/denni/isw2/bookkeeper/hedwig-protocol/src/main/java/org/apache/hedwig/protocol/PubSubProtocol.java/clone;4.2.1;2;1;0;0;0;0;1;0;1;1;2;0;2;1;No
Bookkeeper;/home/denni/isw2/bookkeeper/hedwig-protocol/src/main/java/org/apache/hedwig/protocol/PubSubProtocol.java/buildParsed;4.2.1;5;2;1;0;0;1;3;1;1;1;7;0;7;1;No
Bookkeeper;/home/denni/isw2/bookkeeper/hedwig-protocol/src/main/java/org/apache/hedwig/protocol/PubSubProtocol.java/buildPartial;4.2.1;10;2;1;0;0;1;8;3;1;1;6;0;6;1;No
Bookkeeper;/home/denni/isw2/bookkeeper/hedwig-protocol/src/main/java/org/apache/hedwig/protocol/PubSubProtocol.java/isInitialized;4.2.1;4;2;1;0;0;1;2;0;1;1;6;0;6;1;No
Bookkeeper;/home/denni/isw2/bookkeeper/hedwig-protocol/src/main/java/org/apache/hedwig/protocol/PubSubProtocol.java/mergeFrom;4.2.1;19;6;5;0;2;3;2;2;1;1;30;0;30;1;No
Bookkeeper;/home/denni/isw2/bookkeeper/hedwig-protocol/src/main/java/org/apache/hedwig/protocol/PubSubProtocol.java/hasSubscriberId;4.2.1;2;1;0;0;0;0;1;0;1;1;1;0;1;1;No
Bookkeeper;/home/denni/isw2/bookkeeper/hedwig-protocol/src/main/java/org/apache/hedwig/protocol/PubSubProtocol.java/getSubscriberId;4.2.1;2;1;0;0;0;0;1;0;1;0;0;0;0;0;No
Bookkeeper;/home/denni/isw2/bookkeeper/hedwig-protocol/src/main/java/org/apache/hedwig/protocol/PubSubProtocol.java/setSubscriberId;4.2.1;7;2;1;0;1;1;5;0;1;1;0;0;0;1;No
Bookkeeper;/home/denni/isw2/bookkeeper/hedwig-protocol/src/main/java/org/apache/hedwig/protocol/PubSubProtocol.java/clearSubscriberId;4.2.1;5;1;0;0;0;0;4;0;1;0;0;0;0;0;No
Bookkeeper;/home/denni/isw2/bookkeeper/hedwig-protocol/src/main/java/org/apache/hedwig/protocol/PubSubProtocol.java/hasSubscriberId;4.2.1;2;1;0;0;0;0;1;0;1;2;4;0;4;1;No
Bookkeeper;/home/denni/isw2/bookkeeper/hedwig-protocol/src/main/java/org/apache/hedwig/protocol/PubSubProtocol.java/getSubscriberId;4.2.1;2;1;0;0;0;0;1;0;1;2;4;0;4;1;No
Bookkeeper;/home/denni/isw2/bookkeeper/hedwig-protocol/src/main/java/org/apache/hedwig/protocol/PubSubProtocol.java/initFields;4.2.1;2;1;0;0;0;0;1;0;1;2;4;0;4;1;No
Bookkeeper;/home/denni/isw2/bookkeeper/hedwig-protocol/src/main/java/org/apache/hedwig/protocol/PubSubProtocol.java/maybeForceBuilderInitialization;4.2.1;2;2;1;0;0;1;1;0;1;2;6;0;6;1;No
Bookkeeper;/home/denni/isw2/bookkeeper/hedwig-protocol/src/main/java/org/apache/hedwig/protocol/PubSubProtocol.java/create;4.2.1;2;1;0;0;0;0;1;0;1;2;4;0;4;1;No
Bookkeeper;/home/denni/isw2/bookkeeper/hedwig-protocol/src/main/java/org/apache/hedwig/protocol/PubSubProtocol.java/clear;4.2.1;5;1;0;0;0;0;4;0;1;2;10;0;10;1;No
Bookkeeper;/home/denni/isw2/bookkeeper/hedwig-protocol/src/main/java/org/apache/hedwig/protocol/PubSubProtocol.java/clone;4.2.1;2;1;0;0;0;0;1;0;1;2;4;0;4;1;No
Bookkeeper;/home/denni/isw2/bookkeeper/hedwig-protocol/src/main/java/org/apache/hedwig/protocol/PubSubProtocol.java/buildParsed;4.2.1;5;2;1;0;0;1;3;1;1;2;16;0;16;1;No
Bookkeeper;/home/denni/isw2/bookkeeper/hedwig-protocol/src/main/java/org/apache/hedwig/protocol/PubSubProtocol.java/buildPartial;4.2.1;10;2;1;0;0;1;8;3;1;2;22;0;22;1;No
Bookkeeper;/home/denni/isw2/bookkeeper/hedwig-protocol/src/main/java/org/apache/hedwig/protocol/PubSubProtocol.java/isInitialized;4.2.1;4;2;1;0;0;1;2;0;1;2;12;0;12;1;No
Bookkeeper;/home/denni/isw2/bookkeeper/hedwig-protocol/src/main/java/org/apache/hedwig/protocol/PubSubProtocol.java/mergeFrom;4.2.1;19;6;5;0;2;3;2;2;1;2;60;0;60;1;No
Bookkeeper;/home/denni/isw2/bookkeeper/hedwig-protocol/src/main/java/org/apache/hedwig/protocol/PubSubProtocol.java/hasSubscriberId;4.2.1;2;1;0;0;0;0;1;0;1;2;4;0;4;1;No
Bookkeeper;/home/denni/isw2/bookkeeper/hedwig-protocol/src/main/java/org/apache/hedwig/protocol/PubSubProtocol.java/getSubscriberId;4.2.1;2;1;0;0;0;0;1;0;1;2;4;0;4;1;No
Bookkeeper;/home/denni/isw2/bookkeeper/hedwig-protocol/src/main/java/org/apache/hedwig/protocol/PubSubProtocol.java/setSubscriberId;4.2.1;7;2;1;0;1;1;5;0;1;2;16;0;16;1;No
Bookkeeper;/home/denni/isw2/bookkeeper/hedwig-protocol/src/main/java/org/apache/hedwig/protocol/PubSubProtocol.java/clearSubscriberId;4.2.1;5;1;0;0;0;0;4;0;1;2;10;0;10;1;No
Bookkeeper;/home/denni/isw2/bookkeeper/hedwig-protocol/src/main/java/org/apache/hedwig/protocol/PubSubProtocol.java/hasSubscriberId;4.2.1;2;1;0;0;0;0;1;0;1;1;2;0;2;1;No
Bookkeeper;/home/denni/isw2/bookkeeper/hedwig-protocol/src/main/java/org/apache/hedwig/protocol/PubSubProtocol.java/getSubscriberId;4.2.1;2;1;0;0;0;0;1;0;1;1;2;0;2;1;No
Bookkeeper;/home/denni/isw2/bookkeeper/hedwig-protocol/src/main/java/org/apache/hedwig/protocol/PubSubProtocol.java/initFields;4.2.1;2;1;0;0;0;0;1;0;1;1;2;0;2;1;No
Bookkeeper;/home/denni/isw2/bookkeeper/hedwig-protocol/src/main/java/org/apache/hedwig/protocol/PubSubProtocol.java/maybeForceBuilderInitialization;4.2.1;2;2;1;0;0;1;1;0;1;0;0;0;0;0;No
Bookkeeper;/home/denni/isw2/bookkeeper/hedwig-protocol/src/main/java/org/apache/hedwig/protocol/PubSubProtocol.java/create;4.2.1;2;1;0;0;0;0;1;0;1;0;0;0;0;0;No
Bookkeeper;/home/denni/isw2/bookkeeper/hedwig-protocol/src/main/java/org/apache/hedwig/protocol/PubSubProtocol.java/clear;4.2.1;5;1;0;0;0;0;4;0;1;0;0;0;0;0;No
Bookkeeper;/home/denni/isw2/bookkeeper/hedwig-protocol/src/main/java/org/apache/hedwig/protocol/PubSubProtocol.java/clone;4.2.1;2;1;0;0;0;0;1;0;1;0;0;0;0;0;No
Bookkeeper;/home/denni/isw2/bookkeeper/hedwig-protocol/src/main/java/org/apache/hedwig/protocol/PubSubProtocol.java/buildParsed;4.2.1;5;2;1;0;0;1;3;1;1;1;8;0;8;1;No
Bookkeeper;/home/denni/isw2/bookkeeper/hedwig-protocol/src/main/java/org/apache/hedwig/protocol/PubSubProtocol.java/buildPartial;4.2.1;10;2;1;0;0;1;8;3;1;1;5;0;5;1;No
Bookkeeper;/home/denni/isw2/bookkeeper/hedwig-protocol/src/main/java/org/apache/hedwig/protocol/PubSubProtocol.java/isInitialized;4.2.1;4;2;1;0;0;1;2;0;1;0;0;0;0;0;No
Bookkeeper;/home/denni/isw2/bookkeeper/hedwig-protocol/src/main/java/org/apache/hedwig/protocol/PubSubProtocol.java/mergeFrom;4.2.1;19;6;5;0;2;3;2;2;1;0;0;0;0;0;No
Bookkeeper;/home/denni/isw2/bookkeeper/hedwig-protocol/src/main/java/org/apache/hedwig/protocol/PubSubProtocol.java/hasSubscriberId;4.2.1;2;1;0;0;0;0;1;0;1;0;0;0;0;0;No
Bookkeeper;/home/denni/isw2/bookkeeper/hedwig-protocol/src/main/java/org/apache/hedwig/protocol/PubSubProtocol.java/getSubscriberId;4.2.1;2;1;0;0;0;0;1;0;1;0;0;0;0;0;No
Bookkeeper;/home/denni/isw2/bookkeeper/hedwig-protocol/src/main/java/org/apache/hedwig/protocol/PubSubProtocol.java/setSubscriberId;4.2.1;7;2;1;0;1;1;5;0;1;0;0;0;0;0;No
Bookkeeper;/home/denni/isw2/bookkeeper/hedwig-protocol/src/main/java/org/apache/hedwig/protocol/PubSubProtocol.java/clearSubscriberId;4.2.1;5;1;0;0;0;0;4;0;1;0;0;0;0;0;No
Bookkeeper;/home/denni/isw2/bookkeeper/hedwig-protocol/src/main/java/org/apache/hedwig/protocol/PubSubProtocol.java/hasSubscriberId;4.2.1;2;1;0;0;0;0;1;0;1;1;2;0;2;1;No
Bookkeeper;/home/denni/isw2/bookkeeper/hedwig-protocol/src/main/java/org/apache/hedwig/protocol/PubSubProtocol.java/getSubscriberId;4.2.1;2;1;0;0;0;0;1;0;1;1;2;0;2;1;No
Bookkeeper;/home/denni/isw2/bookkeeper/hedwig-protocol/src/main/java/org/apache/hedwig/protocol/PubSubProtocol.java/initFields;4.2.1;2;1;0;0;0;0;1;0;1;1;2;0;2;1;No
Bookkeeper;/home/denni/isw2/bookkeeper/hedwig-protocol/src/main/java/org/apache/hedwig/protocol/PubSubProtocol.java/maybeForceBuilderInitialization;4.2.1;2;2;1;0;0;1;1;0;1;1;3;0;3;1;No
Bookkeeper;/home/denni/isw2/bookkeeper/hedwig-protocol/src/main/java/org/apache/hedwig/protocol/PubSubProtocol.java/create;4.2.1;2;1;0;0;0;0;1;0;1;1;2;0;2;1;No
Bookkeeper;/home/denni/isw2/bookkeeper/hedwig-protocol/src/main/java/org/apache/hedwig/protocol/PubSubProtocol.java/clear;4.2.1;5;1;0;0;0;0;4;0;1;1;5;0;5;1;No
Bookkeeper;/home/denni/isw2/bookkeeper/hedwig-protocol/src/main/java/org/apache/hedwig/protocol/PubSubProtocol.java/clone;4.2.1;2;1;0;0;0;0;1;0;1;1;2;0;2;1;No
Bookkeeper;/home/denni/isw2/bookkeeper/hedwig-protocol/src/main/java/org/apache/hedwig/protocol/PubSubProtocol.java/buildParsed;4.2.1;5;2;1;0;0;1;3;1;1;1;8;0;8;1;No
Bookkeeper;/home/denni/isw2/bookkeeper/hedwig-protocol/src/main/java/org/apache/hedwig/protocol/PubSubProtocol.java/buildPartial;4.2.1;10;2;1;0;0;1;8;3;1;1;11;0;11;1;No
Bookkeeper;/home/denni/isw2/bookkeeper/hedwig-protocol/src/main/java/org/apache/hedwig/protocol/PubSubProtocol.java/isInitialized;4.2.1;4;2;1;0;0;1;2;0;1;1;6;0;6;1;No
Bookkeeper;/home/denni/isw2/bookkeeper/hedwig-protocol/src/main/java/org/apache/hedwig/protocol/PubSubProtocol.java/mergeFrom;4.2.1;19;6;5;0;2;3;2;2;1;1;30;0;30;1;No
Bookkeeper;/home/denni/isw2/bookkeeper/hedwig-protocol/src/main/java/org/apache/hedwig/protocol/PubSubProtocol.java/hasSubscriberId;4.2.1;2;1;0;0;0;0;1;0;1;1;2;0;2;1;No
Bookkeeper;/home/denni/isw2/bookkeeper/hedwig-protocol/src/main/java/org/apache/hedwig/protocol/PubSubProtocol.java/getSubscriberId;4.2.1;2;1;0;0;0;0;1;0;1;1;2;0;2;1;No
Bookkeeper;/home/denni/isw2/bookkeeper/hedwig-protocol/src/main/java/org/apache/hedwig/protocol/PubSubProtocol.java/setSubscriberId;4.2.1;7;2;1;0;1;1;5;0;1;1;8;0;8;1;No
Bookkeeper;/home/denni/isw2/bookkeeper/hedwig-protocol/src/main/java/org/apache/hedwig/protocol/PubSubProtocol.java/clearSubscriberId;4.2.1;5;1;0;0;0;0;4;0;1;1;5;0;5;1;No
Bookkeeper;/home/denni/isw2/bookkeeper/hedwig-protocol/src/main/java/org/apache/hedwig/protocol/PubSubProtocol.java/hasEvent;4.2.1;2;1;0;0;0;0;1;0;1;1;1;0;1;1;No
Bookkeeper;/home/denni/isw2/bookkeeper/hedwig-protocol/src/main/java/org/apache/hedwig/protocol/PubSubProtocol.java/getEvent;4.2.1;2;1;0;0;0;0;1;0;1;1;1;0;1;1;No
Bookkeeper;/home/denni/isw2/bookkeeper/hedwig-protocol/src/main/java/org/apache/hedwig/protocol/PubSubProtocol.java/maybeForceBuilderInitialization;4.2.1;2;2;1;0;0;1;1;0;1;0;0;0;0;0;No
Bookkeeper;/home/denni/isw2/bookkeeper/hedwig-protocol/src/main/java/org/apache/hedwig/protocol/PubSubProtocol.java/create;4.2.1;2;1;0;0;0;0;1;0;1;0;0;0;0;0;No
Bookkeeper;/home/denni/isw2/bookkeeper/hedwig-protocol/src/main/java/org/apache/hedwig/protocol/PubSubProtocol.java/clone;4.2.1;2;1;0;0;0;0;1;0;1;0;0;0;0;0;No
Bookkeeper;/home/denni/isw2/bookkeeper/hedwig-protocol/src/main/java/org/apache/hedwig/protocol/PubSubProtocol.java/buildParsed;4.2.1;5;2;1;0;0;1;3;1;1;1;2;0;2;1;No
Bookkeeper;/home/denni/isw2/bookkeeper/hedwig-protocol/src/main/java/org/apache/hedwig/protocol/PubSubProtocol.java/buildPartial;4.2.1;10;2;1;0;0;1;8;3;1;1;2;0;2;1;No
Bookkeeper;/home/denni/isw2/bookkeeper/hedwig-protocol/src/main/java/org/apache/hedwig/protocol/PubSubProtocol.java/mergeFrom;4.2.1;24;7;6;0;2;3;2;4;1;1;9;0;9;1;No
Bookkeeper;/home/denni/isw2/bookkeeper/hedwig-protocol/src/main/java/org/apache/hedwig/protocol/PubSubProtocol.java/hasEvent;4.2.1;2;1;0;0;0;0;1;0;1;1;1;0;1;1;No
Bookkeeper;/home/denni/isw2/bookkeeper/hedwig-protocol/src/main/java/org/apache/hedwig/protocol/PubSubProtocol.java/getEvent;4.2.1;2;1;0;0;0;0;1;0;1;1;1;0;1;1;No
Bookkeeper;/home/denni/isw2/bookkeeper/hedwig-protocol/src/main/java/org/apache/hedwig/protocol/PubSubProtocol.java/setEvent;4.2.1;7;2;1;0;1;1;5;0;1;1;4;0;4;1;No
Bookkeeper;/home/denni/isw2/bookkeeper/hedwig-protocol/src/main/java/org/apache/hedwig/protocol/PubSubProtocol.java/hasProtocolVersion;4.2.1;2;1;0;0;0;0;1;0;1;0;0;0;0;0;No
Bookkeeper;/home/denni/isw2/bookkeeper/hedwig-protocol/src/main/java/org/apache/hedwig/protocol/PubSubProtocol.java/getProtocolVersion;4.2.1;2;1;0;0;0;0;1;0;1;0;0;0;0;0;No
Bookkeeper;/home/denni/isw2/bookkeeper/hedwig-protocol/src/main/java/org/apache/hedwig/protocol/PubSubProtocol.java/hasStatusCode;4.2.1;2;1;0;0;0;0;1;0;1;0;0;0;0;0;No
Bookkeeper;/home/denni/isw2/bookkeeper/hedwig-protocol/src/main/java/org/apache/hedwig/protocol/PubSubProtocol.java/getStatusCode;4.2.1;2;1;0;0;0;0;1;0;1;0;0;0;0;0;No
Bookkeeper;/home/denni/isw2/bookkeeper/hedwig-protocol/src/main/java/org/apache/hedwig/protocol/PubSubProtocol.java/hasTxnId;4.2.1;2;1;0;0;0;0;1;0;1;1;2;0;2;1;No
Bookkeeper;/home/denni/isw2/bookkeeper/hedwig-protocol/src/main/java/org/apache/hedwig/protocol/PubSubProtocol.java/getTxnId;4.2.1;2;1;0;0;0;0;1;0;1;1;2;0;2;1;No
Bookkeeper;/home/denni/isw2/bookkeeper/hedwig-protocol/src/main/java/org/apache/hedwig/protocol/PubSubProtocol.java/hasStatusMsg;4.2.1;2;1;0;0;0;0;1;0;1;1;2;0;2;1;No
Bookkeeper;/home/denni/isw2/bookkeeper/hedwig-protocol/src/main/java/org/apache/hedwig/protocol/PubSubProtocol.java/getStatusMsg;4.2.1;10;3;3;0;0;2;2;3;1;1;13;0;13;1;No
Bookkeeper;/home/denni/isw2/bookkeeper/hedwig-protocol/src/main/java/org/apache/hedwig/protocol/PubSubProtocol.java/hasMessage;4.2.1;2;1;0;0;0;0;1;0;1;1;2;0;2;1;No
Bookkeeper;/home/denni/isw2/bookkeeper/hedwig-protocol/src/main/java/org/apache/hedwig/protocol/PubSubProtocol.java/getMessage;4.2.1;2;1;0;0;0;0;1;0;1;1;2;0;2;1;No
Bookkeeper;/home/denni/isw2/bookkeeper/hedwig-protocol/src/main/java/org/apache/hedwig/protocol/PubSubProtocol.java/getMessageOrBuilder;4.2.1;2;1;0;0;0;0;1;0;1;1;2;0;2;1;No
Bookkeeper;/home/denni/isw2/bookkeeper/hedwig-protocol/src/main/java/org/apache/hedwig/protocol/PubSubProtocol.java/hasTopic;4.2.1;2;1;0;0;0;0;1;0;1;2;4;0;4;2;No
Bookkeeper;/home/denni/isw2/bookkeeper/hedwig-protocol/src/main/java/org/apache/hedwig/protocol/PubSubProtocol.java/getTopic;4.2.1;2;1;0;0;0;0;1;0;1;2;4;0;4;2;No
Bookkeeper;/home/denni/isw2/bookkeeper/hedwig-protocol/src/main/java/org/apache/hedwig/protocol/PubSubProtocol.java/hasSubscriberId;4.2.1;2;1;0;0;0;0;1;0;1;1;2;0;2;1;No
Bookkeeper;/home/denni/isw2/bookkeeper/hedwig-protocol/src/main/java/org/apache/hedwig/protocol/PubSubProtocol.java/getSubscriberId;4.2.1;2;1;0;0;0;0;1;0;1;1;2;0;2;1;No
Bookkeeper;/home/denni/isw2/bookkeeper/hedwig-protocol/src/main/java/org/apache/hedwig/protocol/PubSubProtocol.java/hasResponseBody;4.2.1;2;1;0;0;0;0;1;0;1;1;2;0;2;1;No
Bookkeeper;/home/denni/isw2/bookkeeper/hedwig-protocol/src/main/java/org/apache/hedwig/protocol/PubSubProtocol.java/getResponseBody;4.2.1;2;1;0;0;0;0;1;0;1;1;2;0;2;1;No
Bookkeeper;/home/denni/isw2/bookkeeper/hedwig-protocol/src/main/java/org/apache/hedwig/protocol/PubSubProtocol.java/getResponseBodyOrBuilder;4.2.1;2;1;0;0;0;0;1;0;1;1;2;0;2;1;No
Bookkeeper;/home/denni/isw2/bookkeeper/hedwig-protocol/src/main/java/org/apache/hedwig/protocol/PubSubProtocol.java/initFields;4.2.1;9;1;0;0;0;0;8;0;1;1;9;0;9;1;No
Bookkeeper;/home/denni/isw2/bookkeeper/hedwig-protocol/src/main/java/org/apache/hedwig/protocol/PubSubProtocol.java/isInitialized;4.2.1;23;9;9;0;0;2;9;1;1;2;31;0;31;2;No
Bookkeeper;/home/denni/isw2/bookkeeper/hedwig-protocol/src/main/java/org/apache/hedwig/protocol/PubSubProtocol.java/writeTo;4.2.1;19;9;8;0;1;1;10;0;1;2;54;0;54;2;No
Bookkeeper;/home/denni/isw2/bookkeeper/hedwig-protocol/src/main/java/org/apache/hedwig/protocol/PubSubProtocol.java/getSerializedSize;4.2.1;24;10;9;0;0;1;14;1;1;2;80;0;80;1;No
Bookkeeper;/home/denni/isw2/bookkeeper/hedwig-protocol/src/main/java/org/apache/hedwig/protocol/PubSubProtocol.java/maybeForceBuilderInitialization;4.2.1;4;2;1;0;0;1;1;0;1;3;15;0;15;1;No
Bookkeeper;/home/denni/isw2/bookkeeper/hedwig-protocol/src/main/java/org/apache/hedwig/protocol/PubSubProtocol.java/create;4.2.1;2;1;0;0;0;0;1;0;1;3;6;0;6;1;No
Bookkeeper;/home/denni/isw2/bookkeeper/hedwig-protocol/src/main/java/org/apache/hedwig/protocol/PubSubProtocol.java/clear;4.2.1;25;3;2;0;0;1;18;0;1;3;81;0;81;1;No
Bookkeeper;/home/denni/isw2/bookkeeper/hedwig-protocol/src/main/java/org/apache/hedwig/protocol/PubSubProtocol.java/clone;4.2.1;2;1;0;0;0;0;1;0;1;3;6;0;6;1;No
Bookkeeper;/home/denni/isw2/bookkeeper/hedwig-protocol/src/main/java/org/apache/hedwig/protocol/PubSubProtocol.java/buildParsed;4.2.1;5;2;1;0;0;1;3;1;1;3;24;0;24;1;No
Bookkeeper;/home/denni/isw2/bookkeeper/hedwig-protocol/src/main/java/org/apache/hedwig/protocol/PubSubProtocol.java/buildPartial;4.2.1;37;11;10;0;0;1;22;3;1;3;141;0;141;1;No
Bookkeeper;/home/denni/isw2/bookkeeper/hedwig-protocol/src/main/java/org/apache/hedwig/protocol/PubSubProtocol.java/mergeFrom;4.2.1;21;10;9;0;1;1;11;0;1;3;84;0;84;1;No
Bookkeeper;/home/denni/isw2/bookkeeper/hedwig-protocol/src/main/java/org/apache/hedwig/protocol/PubSubProtocol.java/isInitialized;4.2.1;14;8;8;0;0;2;6;0;1;3;78;0;78;1;No
Bookkeeper;/home/denni/isw2/bookkeeper/hedwig-protocol/src/main/java/org/apache/hedwig/protocol/PubSubProtocol.java/mergeFrom;4.2.1;63;17;9;0;2;3;2;8;1;3;255;0;255;1;No
Bookkeeper;/home/denni/isw2/bookkeeper/hedwig-protocol/src/main/java/org/apache/hedwig/protocol/PubSubProtocol.java/hasProtocolVersion;4.2.1;2;1;0;0;0;0;1;0;1;3;5;0;5;1;No
Bookkeeper;/home/denni/isw2/bookkeeper/hedwig-protocol/src/main/java/org/apache/hedwig/protocol/PubSubProtocol.java/getProtocolVersion;4.2.1;2;1;0;0;0;0;1;0;1;3;6;0;6;1;No
Bookkeeper;/home/denni/isw2/bookkeeper/hedwig-protocol/src/main/java/org/apache/hedwig/protocol/PubSubProtocol.java/setProtocolVersion;4.2.1;7;2;1;0;1;1;5;0;1;2;16;0;16;1;No
Bookkeeper;/home/denni/isw2/bookkeeper/hedwig-protocol/src/main/java/org/apache/hedwig/protocol/PubSubProtocol.java/hasStatusCode;4.2.1;2;1;0;0;0;0;1;0;1;2;4;0;4;1;No
Bookkeeper;/home/denni/isw2/bookkeeper/hedwig-protocol/src/main/java/org/apache/hedwig/protocol/PubSubProtocol.java/getStatusCode;4.2.1;2;1;0;0;0;0;1;0;1;2;4;0;4;1;No
Bookkeeper;/home/denni/isw2/bookkeeper/hedwig-protocol/src/main/java/org/apache/hedwig/protocol/PubSubProtocol.java/setStatusCode;4.2.1;7;2;1;0;1;1;5;0;1;2;16;0;16;1;No
Bookkeeper;/home/denni/isw2/bookkeeper/hedwig-protocol/src/main/java/org/apache/hedwig/protocol/PubSubProtocol.java/hasTxnId;4.2.1;2;1;0;0;0;0;1;0;1;3;5;0;5;1;No
Bookkeeper;/home/denni/isw2/bookkeeper/hedwig-protocol/src/main/java/org/apache/hedwig/protocol/PubSubProtocol.java/getTxnId;4.2.1;2;1;0;0;0;0;1;0;1;3;6;0;6;1;No
Bookkeeper;/home/denni/isw2/bookkeeper/hedwig-protocol/src/main/java/org/apache/hedwig/protocol/PubSubProtocol.java/hasStatusMsg;4.2.1;2;1;0;0;0;0;1;0;1;2;4;0;4;1;No
Bookkeeper;/home/denni/isw2/bookkeeper/hedwig-protocol/src/main/java/org/apache/hedwig/protocol/PubSubProtocol.java/getStatusMsg;4.2.1;8;2;1;0;0;1;2;2;1;2;18;0;18;1;No
Bookkeeper;/home/denni/isw2/bookkeeper/hedwig-protocol/src/main/java/org/apache/hedwig/protocol/PubSubProtocol.java/setStatusMsg;4.2.1;7;2;1;0;1;1;5;0;1;3;19;0;19;1;No
Bookkeeper;/home/denni/isw2/bookkeeper/hedwig-protocol/src/main/java/org/apache/hedwig/protocol/PubSubProtocol.java/hasMessage;4.2.1;2;1;0;0;0;0;1;0;1;2;4;0;4;1;No
Bookkeeper;/home/denni/isw2/bookkeeper/hedwig-protocol/src/main/java/org/apache/hedwig/protocol/PubSubProtocol.java/getMessage;4.2.1;5;2;1;0;0;1;1;0;1;2;12;0;12;1;No
Bookkeeper;/home/denni/isw2/bookkeeper/hedwig-protocol/src/main/java/org/apache/hedwig/protocol/PubSubProtocol.java/setMessage;4.2.1;10;3;3;0;1;2;3;0;1;2;24;0;24;1;No
Bookkeeper;/home/denni/isw2/bookkeeper/hedwig-protocol/src/main/java/org/apache/hedwig/protocol/PubSubProtocol.java/getMessageOrBuilder;4.2.1;5;2;1;0;0;1;1;0;1;2;12;0;12;1;No
Bookkeeper;/home/denni/isw2/bookkeeper/hedwig-protocol/src/main/java/org/apache/hedwig/protocol/PubSubProtocol.java/hasTopic;4.2.1;2;1;0;0;0;0;1;0;1;2;4;0;4;1;No
Bookkeeper;/home/denni/isw2/bookkeeper/hedwig-protocol/src/main/java/org/apache/hedwig/protocol/PubSubProtocol.java/getTopic;4.2.1;2;1;0;0;0;0;1;0;1;2;4;0;4;1;No
Bookkeeper;/home/denni/isw2/bookkeeper/hedwig-protocol/src/main/java/org/apache/hedwig/protocol/PubSubProtocol.java/setTopic;4.2.1;7;2;1;0;1;1;5;0;1;2;11;0;11;1;No
Bookkeeper;/home/denni/isw2/bookkeeper/hedwig-protocol/src/main/java/org/apache/hedwig/protocol/PubSubProtocol.java/clearTopic;4.2.1;5;1;0;0;0;0;4;0;1;1;5;0;5;1;No
Bookkeeper;/home/denni/isw2/bookkeeper/hedwig-protocol/src/main/java/org/apache/hedwig/protocol/PubSubProtocol.java/hasSubscriberId;4.2.1;2;1;0;0;0;0;1;0;1;1;2;0;2;1;No
Bookkeeper;/home/denni/isw2/bookkeeper/hedwig-protocol/src/main/java/org/apache/hedwig/protocol/PubSubProtocol.java/getSubscriberId;4.2.1;2;1;0;0;0;0;1;0;1;1;2;0;2;1;No
Bookkeeper;/home/denni/isw2/bookkeeper/hedwig-protocol/src/main/java/org/apache/hedwig/protocol/PubSubProtocol.java/setSubscriberId;4.2.1;7;2;1;0;1;1;5;0;1;1;5;0;5;1;No
Bookkeeper;/home/denni/isw2/bookkeeper/hedwig-protocol/src/main/java/org/apache/hedwig/protocol/PubSubProtocol.java/clearSubscriberId;4.2.1;5;1;0;0;0;0;4;0;1;0;0;0;0;0;No
Bookkeeper;/home/denni/isw2/bookkeeper/hedwig-protocol/src/main/java/org/apache/hedwig/protocol/PubSubProtocol.java/hasResponseBody;4.2.1;2;1;0;0;0;0;1;0;1;0;0;0;0;0;No
Bookkeeper;/home/denni/isw2/bookkeeper/hedwig-protocol/src/main/java/org/apache/hedwig/protocol/PubSubProtocol.java/getResponseBody;4.2.1;5;2;1;0;0;1;1;0;1;0;0;0;0;0;No
Bookkeeper;/home/denni/isw2/bookkeeper/hedwig-protocol/src/main/java/org/apache/hedwig/protocol/PubSubProtocol.java/setResponseBody;4.2.1;10;3;3;0;1;2;3;0;1;0;0;0;0;0;No
Bookkeeper;/home/denni/isw2/bookkeeper/hedwig-protocol/src/main/java/org/apache/hedwig/protocol/PubSubProtocol.java/getResponseBodyOrBuilder;4.2.1;5;2;1;0;0;1;1;0;1;0;0;0;0;0;No
Bookkeeper;/home/denni/isw2/bookkeeper/hedwig-protocol/src/main/java/org/apache/hedwig/protocol/PubSubProtocol.java/hasPublishedMsgId;4.2.1;2;1;0;0;0;0;1;0;1;1;2;0;2;1;No
Bookkeeper;/home/denni/isw2/bookkeeper/hedwig-protocol/src/main/java/org/apache/hedwig/protocol/PubSubProtocol.java/getPublishedMsgId;4.2.1;2;1;0;0;0;0;1;0;1;0;0;0;0;0;No
Bookkeeper;/home/denni/isw2/bookkeeper/hedwig-protocol/src/main/java/org/apache/hedwig/protocol/PubSubProtocol.java/getPublishedMsgIdOrBuilder;4.2.1;2;1;0;0;0;0;1;0;1;0;0;0;0;0;No
Bookkeeper;/home/denni/isw2/bookkeeper/hedwig-protocol/src/main/java/org/apache/hedwig/protocol/PubSubProtocol.java/maybeForceBuilderInitialization;4.2.1;3;2;1;0;0;1;1;0;1;2;8;0;8;1;No
Bookkeeper;/home/denni/isw2/bookkeeper/hedwig-protocol/src/main/java/org/apache/hedwig/protocol/PubSubProtocol.java/create;4.2.1;2;1;0;0;0;0;1;0;1;1;2;0;2;1;No
Bookkeeper;/home/denni/isw2/bookkeeper/hedwig-protocol/src/main/java/org/apache/hedwig/protocol/PubSubProtocol.java/clone;4.2.1;2;1;0;0;0;0;1;0;1;0;0;0;0;0;No
Bookkeeper;/home/denni/isw2/bookkeeper/hedwig-protocol/src/main/java/org/apache/hedwig/protocol/PubSubProtocol.java/buildParsed;4.2.1;5;2;1;0;0;1;3;1;1;0;0;0;0;0;No
Bookkeeper;/home/denni/isw2/bookkeeper/hedwig-protocol/src/main/java/org/apache/hedwig/protocol/PubSubProtocol.java/buildPartial;4.2.1;13;3;2;0;0;1;8;3;1;0;0;0;0;0;No
Bookkeeper;/home/denni/isw2/bookkeeper/hedwig-protocol/src/main/java/org/apache/hedwig/protocol/PubSubProtocol.java/isInitialized;4.2.1;6;3;2;0;0;1;3;0;1;0;0;0;0;0;No
Bookkeeper;/home/denni/isw2/bookkeeper/hedwig-protocol/src/main/java/org/apache/hedwig/protocol/PubSubProtocol.java/mergeFrom;4.2.1;22;7;6;0;2;3;2;3;1;0;0;0;0;0;No
Bookkeeper;/home/denni/isw2/bookkeeper/hedwig-protocol/src/main/java/org/apache/hedwig/protocol/PubSubProtocol.java/hasPublishedMsgId;4.2.1;2;1;0;0;0;0;1;0;1;0;0;0;0;0;No
Bookkeeper;/home/denni/isw2/bookkeeper/hedwig-protocol/src/main/java/org/apache/hedwig/protocol/PubSubProtocol.java/getPublishedMsgId;4.2.1;5;2;1;0;0;1;1;0;1;0;0;0;0;0;No
Bookkeeper;/home/denni/isw2/bookkeeper/hedwig-protocol/src/main/java/org/apache/hedwig/protocol/PubSubProtocol.java/setPublishedMsgId;4.2.1;10;3;3;0;1;2;3;0;1;0;0;0;0;0;No
Bookkeeper;/home/denni/isw2/bookkeeper/hedwig-protocol/src/main/java/org/apache/hedwig/protocol/PubSubProtocol.java/getPublishedMsgIdOrBuilder;4.2.1;5;2;1;0;0;1;1;0;1;0;0;0;0;0;No
Bookkeeper;/home/denni/isw2/bookkeeper/hedwig-protocol/src/main/java/org/apache/hedwig/protocol/PubSubProtocol.java/hasPreferences;4.2.1;2;1;0;0;0;0;1;0;1;0;0;0;0;0;No
Bookkeeper;/home/denni/isw2/bookkeeper/hedwig-protocol/src/main/java/org/apache/hedwig/protocol/PubSubProtocol.java/getPreferences;4.2.1;2;1;0;0;0;0;1;0;1;0;0;0;0;0;No
Bookkeeper;/home/denni/isw2/bookkeeper/hedwig-protocol/src/main/java/org/apache/hedwig/protocol/PubSubProtocol.java/getPreferencesOrBuilder;4.2.1;2;1;0;0;0;0;1;0;1;0;0;0;0;0;No
Bookkeeper;/home/denni/isw2/bookkeeper/hedwig-protocol/src/main/java/org/apache/hedwig/protocol/PubSubProtocol.java/maybeForceBuilderInitialization;4.2.1;3;2;1;0;0;1;1;0;1;0;0;0;0;0;No
Bookkeeper;/home/denni/isw2/bookkeeper/hedwig-protocol/src/main/java/org/apache/hedwig/protocol/PubSubProtocol.java/create;4.2.1;2;1;0;0;0;0;1;0;1;0;0;0;0;0;No
Bookkeeper;/home/denni/isw2/bookkeeper/hedwig-protocol/src/main/java/org/apache/hedwig/protocol/PubSubProtocol.java/clone;4.2.1;2;1;0;0;0;0;1;0;1;0;0;0;0;0;No
Bookkeeper;/home/denni/isw2/bookkeeper/hedwig-protocol/src/main/java/org/apache/hedwig/protocol/PubSubProtocol.java/buildParsed;4.2.1;5;2;1;0;0;1;3;1;1;0;0;0;0;0;No
Bookkeeper;/home/denni/isw2/bookkeeper/hedwig-protocol/src/main/java/org/apache/hedwig/protocol/PubSubProtocol.java/buildPartial;4.2.1;13;3;2;0;0;1;8;3;1;0;0;0;0;0;No
Bookkeeper;/home/denni/isw2/bookkeeper/hedwig-protocol/src/main/java/org/apache/hedwig/protocol/PubSubProtocol.java/mergeFrom;4.2.1;22;7;6;0;2;3;2;3;1;0;0;0;0;0;No
Bookkeeper;/home/denni/isw2/bookkeeper/hedwig-protocol/src/main/java/org/apache/hedwig/protocol/PubSubProtocol.java/hasPreferences;4.2.1;2;1;0;0;0;0;1;0;1;0;0;0;0;0;No
Bookkeeper;/home/denni/isw2/bookkeeper/hedwig-protocol/src/main/java/org/apache/hedwig/protocol/PubSubProtocol.java/getPreferences;4.2.1;5;2;1;0;0;1;1;0;1;0;0;0;0;0;No
Bookkeeper;/home/denni/isw2/bookkeeper/hedwig-protocol/src/main/java/org/apache/hedwig/protocol/PubSubProtocol.java/setPreferences;4.2.1;10;3;3;0;1;2;3;0;1;0;0;0;0;0;No
Bookkeeper;/home/denni/isw2/bookkeeper/hedwig-protocol/src/main/java/org/apache/hedwig/protocol/PubSubProtocol.java/getPreferencesOrBuilder;4.2.1;5;2;1;0;0;1;1;0;1;0;0;0;0;0;No
Bookkeeper;/home/denni/isw2/bookkeeper/hedwig-protocol/src/main/java/org/apache/hedwig/protocol/PubSubProtocol.java/hasPublishResponse;4.2.1;2;1;0;0;0;0;1;0;1;0;0;0;0;0;No
Bookkeeper;/home/denni/isw2/bookkeeper/hedwig-protocol/src/main/java/org/apache/hedwig/protocol/PubSubProtocol.java/getPublishResponse;4.2.1;2;1;0;0;0;0;1;0;1;0;0;0;0;0;No
Bookkeeper;/home/denni/isw2/bookkeeper/hedwig-protocol/src/main/java/org/apache/hedwig/protocol/PubSubProtocol.java/getPublishResponseOrBuilder;4.2.1;2;1;0;0;0;0;1;0;1;0;0;0;0;0;No
Bookkeeper;/home/denni/isw2/bookkeeper/hedwig-protocol/src/main/java/org/apache/hedwig/protocol/PubSubProtocol.java/hasSubscribeResponse;4.2.1;2;1;0;0;0;0;1;0;1;0;0;0;0;0;No
Bookkeeper;/home/denni/isw2/bookkeeper/hedwig-protocol/src/main/java/org/apache/hedwig/protocol/PubSubProtocol.java/getSubscribeResponse;4.2.1;2;1;0;0;0;0;1;0;1;0;0;0;0;0;No
Bookkeeper;/home/denni/isw2/bookkeeper/hedwig-protocol/src/main/java/org/apache/hedwig/protocol/PubSubProtocol.java/getSubscribeResponseOrBuilder;4.2.1;2;1;0;0;0;0;1;0;1;1;2;0;2;1;No
Bookkeeper;/home/denni/isw2/bookkeeper/hedwig-protocol/src/main/java/org/apache/hedwig/protocol/PubSubProtocol.java/hasSubscriptionEvent;4.2.1;2;1;0;0;0;0;1;0;1;1;2;0;2;1;No
Bookkeeper;/home/denni/isw2/bookkeeper/hedwig-protocol/src/main/java/org/apache/hedwig/protocol/PubSubProtocol.java/getSubscriptionEvent;4.2.1;2;1;0;0;0;0;1;0;1;1;2;0;2;1;No
Bookkeeper;/home/denni/isw2/bookkeeper/hedwig-protocol/src/main/java/org/apache/hedwig/protocol/PubSubProtocol.java/getSubscriptionEventOrBuilder;4.2.1;2;1;0;0;0;0;1;0;1;0;0;0;0;0;No
Bookkeeper;/home/denni/isw2/bookkeeper/hedwig-protocol/src/main/java/org/apache/hedwig/protocol/PubSubProtocol.java/isInitialized;4.2.1;10;4;4;0;0;2;5;1;1;0;0;0;0;0;No
Bookkeeper;/home/denni/isw2/bookkeeper/hedwig-protocol/src/main/java/org/apache/hedwig/protocol/PubSubProtocol.java/maybeForceBuilderInitialization;4.2.1;5;2;1;0;0;1;1;0;1;1;1;0;1;1;No
Bookkeeper;/home/denni/isw2/bookkeeper/hedwig-protocol/src/main/java/org/apache/hedwig/protocol/PubSubProtocol.java/create;4.2.1;2;1;0;0;0;0;1;0;1;0;0;0;0;0;No
Bookkeeper;/home/denni/isw2/bookkeeper/hedwig-protocol/src/main/java/org/apache/hedwig/protocol/PubSubProtocol.java/clone;4.2.1;2;1;0;0;0;0;1;0;1;0;0;0;0;0;No
Bookkeeper;/home/denni/isw2/bookkeeper/hedwig-protocol/src/main/java/org/apache/hedwig/protocol/PubSubProtocol.java/buildParsed;4.2.1;5;2;1;0;0;1;3;1;1;0;0;0;0;0;No
Bookkeeper;/home/denni/isw2/bookkeeper/hedwig-protocol/src/main/java/org/apache/hedwig/protocol/PubSubProtocol.java/buildPartial;4.2.1;25;7;6;0;0;1;12;3;1;1;8;0;8;1;No
Bookkeeper;/home/denni/isw2/bookkeeper/hedwig-protocol/src/main/java/org/apache/hedwig/protocol/PubSubProtocol.java/isInitialized;4.2.1;5;3;3;0;0;2;2;0;1;0;0;0;0;0;No
Bookkeeper;/home/denni/isw2/bookkeeper/hedwig-protocol/src/main/java/org/apache/hedwig/protocol/PubSubProtocol.java/mergeFrom;4.2.1;36;11;8;0;2;3;2;5;1;1;9;0;9;1;No
Bookkeeper;/home/denni/isw2/bookkeeper/hedwig-protocol/src/main/java/org/apache/hedwig/protocol/PubSubProtocol.java/hasPublishResponse;4.2.1;2;1;0;0;0;0;1;0;1;0;0;0;0;0;No
Bookkeeper;/home/denni/isw2/bookkeeper/hedwig-protocol/src/main/java/org/apache/hedwig/protocol/PubSubProtocol.java/getPublishResponse;4.2.1;5;2;1;0;0;1;1;0;1;0;0;0;0;0;No
Bookkeeper;/home/denni/isw2/bookkeeper/hedwig-protocol/src/main/java/org/apache/hedwig/protocol/PubSubProtocol.java/setPublishResponse;4.2.1;10;3;3;0;1;2;3;0;1;0;0;0;0;0;No
Bookkeeper;/home/denni/isw2/bookkeeper/hedwig-protocol/src/main/java/org/apache/hedwig/protocol/PubSubProtocol.java/getPublishResponseOrBuilder;4.2.1;5;2;1;0;0;1;1;0;1;0;0;0;0;0;No
Bookkeeper;/home/denni/isw2/bookkeeper/hedwig-protocol/src/main/java/org/apache/hedwig/protocol/PubSubProtocol.java/hasSubscribeResponse;4.2.1;2;1;0;0;0;0;1;0;1;0;0;0;0;0;No
Bookkeeper;/home/denni/isw2/bookkeeper/hedwig-protocol/src/main/java/org/apache/hedwig/protocol/PubSubProtocol.java/getSubscribeResponse;4.2.1;5;2;1;0;0;1;1;0;1;0;0;0;0;0;No
Bookkeeper;/home/denni/isw2/bookkeeper/hedwig-protocol/src/main/java/org/apache/hedwig/protocol/PubSubProtocol.java/setSubscribeResponse;4.2.1;10;3;3;0;1;2;3;0;1;0;0;0;0;0;No
Bookkeeper;/home/denni/isw2/bookkeeper/hedwig-protocol/src/main/java/org/apache/hedwig/protocol/PubSubProtocol.java/getSubscribeResponseOrBuilder;4.2.1;5;2;1;0;0;1;1;0;1;0;0;0;0;0;No
Bookkeeper;/home/denni/isw2/bookkeeper/hedwig-protocol/src/main/java/org/apache/hedwig/protocol/PubSubProtocol.java/hasSubscriptionEvent;4.2.1;2;1;0;0;0;0;1;0;1;1;2;0;2;1;No
Bookkeeper;/home/denni/isw2/bookkeeper/hedwig-protocol/src/main/java/org/apache/hedwig/protocol/PubSubProtocol.java/getSubscriptionEvent;4.2.1;5;2;1;0;0;1;1;0;1;1;6;0;6;1;No
Bookkeeper;/home/denni/isw2/bookkeeper/hedwig-protocol/src/main/java/org/apache/hedwig/protocol/PubSubProtocol.java/setSubscriptionEvent;4.2.1;10;3;3;0;1;2;3;0;1;1;12;0;12;1;No
Bookkeeper;/home/denni/isw2/bookkeeper/hedwig-protocol/src/main/java/org/apache/hedwig/protocol/PubSubProtocol.java/getSubscriptionEventOrBuilder;4.2.1;5;2;1;0;0;1;1;0;1;1;6;0;6;1;No
Bookkeeper;/home/denni/isw2/bookkeeper/hedwig-protocol/src/main/java/org/apache/hedwig/protocol/PubSubProtocol.java/hasMsgId;4.2.1;2;1;0;0;0;0;1;0;1;0;0;0;0;0;No
Bookkeeper;/home/denni/isw2/bookkeeper/hedwig-protocol/src/main/java/org/apache/hedwig/protocol/PubSubProtocol.java/getMsgId;4.2.1;2;1;0;0;0;0;1;0;1;0;0;0;0;0;No
Bookkeeper;/home/denni/isw2/bookkeeper/hedwig-protocol/src/main/java/org/apache/hedwig/protocol/PubSubProtocol.java/getMsgIdOrBuilder;4.2.1;2;1;0;0;0;0;1;0;1;0;0;0;0;0;No
Bookkeeper;/home/denni/isw2/bookkeeper/hedwig-protocol/src/main/java/org/apache/hedwig/protocol/PubSubProtocol.java/hasMessageBound;4.2.1;2;1;0;0;0;0;1;0;1;0;0;0;0;0;No
Bookkeeper;/home/denni/isw2/bookkeeper/hedwig-protocol/src/main/java/org/apache/hedwig/protocol/PubSubProtocol.java/getMessageBound;4.2.1;2;1;0;0;0;0;1;0;1;0;0;0;0;0;No
Bookkeeper;/home/denni/isw2/bookkeeper/hedwig-protocol/src/main/java/org/apache/hedwig/protocol/PubSubProtocol.java/maybeForceBuilderInitialization;4.2.1;3;2;1;0;0;1;1;0;1;0;0;0;0;0;No
Bookkeeper;/home/denni/isw2/bookkeeper/hedwig-protocol/src/main/java/org/apache/hedwig/protocol/PubSubProtocol.java/create;4.2.1;2;1;0;0;0;0;1;0;1;0;0;0;0;0;No
Bookkeeper;/home/denni/isw2/bookkeeper/hedwig-protocol/src/main/java/org/apache/hedwig/protocol/PubSubProtocol.java/clone;4.2.1;2;1;0;0;0;0;1;0;1;0;0;0;0;0;No
Bookkeeper;/home/denni/isw2/bookkeeper/hedwig-protocol/src/main/java/org/apache/hedwig/protocol/PubSubProtocol.java/buildParsed;4.2.1;5;2;1;0;0;1;3;1;1;0;0;0;0;0;No
Bookkeeper;/home/denni/isw2/bookkeeper/hedwig-protocol/src/main/java/org/apache/hedwig/protocol/PubSubProtocol.java/buildPartial;4.2.1;16;4;3;0;0;1;10;3;1;0;0;0;0;0;No
Bookkeeper;/home/denni/isw2/bookkeeper/hedwig-protocol/src/main/java/org/apache/hedwig/protocol/PubSubProtocol.java/isInitialized;4.2.1;6;3;2;0;0;1;3;0;1;0;0;0;0;0;No
Bookkeeper;/home/denni/isw2/bookkeeper/hedwig-protocol/src/main/java/org/apache/hedwig/protocol/PubSubProtocol.java/mergeFrom;4.2.1;26;8;6;0;2;3;2;3;1;0;0;0;0;0;No
Bookkeeper;/home/denni/isw2/bookkeeper/hedwig-protocol/src/main/java/org/apache/hedwig/protocol/PubSubProtocol.java/hasMsgId;4.2.1;2;1;0;0;0;0;1;0;1;0;0;0;0;0;No
Bookkeeper;/home/denni/isw2/bookkeeper/hedwig-protocol/src/main/java/org/apache/hedwig/protocol/PubSubProtocol.java/getMsgId;4.2.1;5;2;1;0;0;1;1;0;1;0;0;0;0;0;No
Bookkeeper;/home/denni/isw2/bookkeeper/hedwig-protocol/src/main/java/org/apache/hedwig/protocol/PubSubProtocol.java/setMsgId;4.2.1;10;3;3;0;1;2;3;0;1;0;0;0;0;0;No
Bookkeeper;/home/denni/isw2/bookkeeper/hedwig-protocol/src/main/java/org/apache/hedwig/protocol/PubSubProtocol.java/getMsgIdOrBuilder;4.2.1;5;2;1;0;0;1;1;0;1;0;0;0;0;0;No
Bookkeeper;/home/denni/isw2/bookkeeper/hedwig-protocol/src/main/java/org/apache/hedwig/protocol/PubSubProtocol.java/hasMessageBound;4.2.1;2;1;0;0;0;0;1;0;1;0;0;0;0;0;No
Bookkeeper;/home/denni/isw2/bookkeeper/hedwig-protocol/src/main/java/org/apache/hedwig/protocol/PubSubProtocol.java/getMessageBound;4.2.1;2;1;0;0;0;0;1;0;1;0;0;0;0;0;No
Bookkeeper;/home/denni/isw2/bookkeeper/hedwig-protocol/src/main/java/org/apache/hedwig/protocol/PubSubProtocol.java/hasState;4.2.1;2;1;0;0;0;0;1;0;1;0;0;0;0;0;No
Bookkeeper;/home/denni/isw2/bookkeeper/hedwig-protocol/src/main/java/org/apache/hedwig/protocol/PubSubProtocol.java/getState;4.2.1;2;1;0;0;0;0;1;0;1;0;0;0;0;0;No
Bookkeeper;/home/denni/isw2/bookkeeper/hedwig-protocol/src/main/java/org/apache/hedwig/protocol/PubSubProtocol.java/getStateOrBuilder;4.2.1;2;1;0;0;0;0;1;0;1;0;0;0;0;0;No
Bookkeeper;/home/denni/isw2/bookkeeper/hedwig-protocol/src/main/java/org/apache/hedwig/protocol/PubSubProtocol.java/hasPreferences;4.2.1;2;1;0;0;0;0;1;0;1;0;0;0;0;0;No
Bookkeeper;/home/denni/isw2/bookkeeper/hedwig-protocol/src/main/java/org/apache/hedwig/protocol/PubSubProtocol.java/getPreferences;4.2.1;2;1;0;0;0;0;1;0;1;0;0;0;0;0;No
Bookkeeper;/home/denni/isw2/bookkeeper/hedwig-protocol/src/main/java/org/apache/hedwig/protocol/PubSubProtocol.java/getPreferencesOrBuilder;4.2.1;2;1;0;0;0;0;1;0;1;0;0;0;0;0;No
Bookkeeper;/home/denni/isw2/bookkeeper/hedwig-protocol/src/main/java/org/apache/hedwig/protocol/PubSubProtocol.java/isInitialized;4.2.1;10;4;4;0;0;2;5;1;1;0;0;0;0;0;No
Bookkeeper;/home/denni/isw2/bookkeeper/hedwig-protocol/src/main/java/org/apache/hedwig/protocol/PubSubProtocol.java/maybeForceBuilderInitialization;4.2.1;4;2;1;0;0;1;1;0;1;0;0;0;0;0;No
Bookkeeper;/home/denni/isw2/bookkeeper/hedwig-protocol/src/main/java/org/apache/hedwig/protocol/PubSubProtocol.java/create;4.2.1;2;1;0;0;0;0;1;0;1;0;0;0;0;0;No
Bookkeeper;/home/denni/isw2/bookkeeper/hedwig-protocol/src/main/java/org/apache/hedwig/protocol/PubSubProtocol.java/clone;4.2.1;2;1;0;0;0;0;1;0;1;0;0;0;0;0;No
Bookkeeper;/home/denni/isw2/bookkeeper/hedwig-protocol/src/main/java/org/apache/hedwig/protocol/PubSubProtocol.java/buildParsed;4.2.1;5;2;1;0;0;1;3;1;1;1;8;0;8;1;No
Bookkeeper;/home/denni/isw2/bookkeeper/hedwig-protocol/src/main/java/org/apache/hedwig/protocol/PubSubProtocol.java/buildPartial;4.2.1;19;5;4;0;0;1;10;3;1;1;23;0;23;1;No
Bookkeeper;/home/denni/isw2/bookkeeper/hedwig-protocol/src/main/java/org/apache/hedwig/protocol/PubSubProtocol.java/isInitialized;4.2.1;5;3;3;0;0;2;2;0;1;1;8;0;8;1;No
Bookkeeper;/home/denni/isw2/bookkeeper/hedwig-protocol/src/main/java/org/apache/hedwig/protocol/PubSubProtocol.java/mergeFrom;4.2.1;29;9;7;0;2;3;2;4;1;2;11;0;11;1;No
Bookkeeper;/home/denni/isw2/bookkeeper/hedwig-protocol/src/main/java/org/apache/hedwig/protocol/PubSubProtocol.java/hasState;4.2.1;2;1;0;0;0;0;1;0;1;0;0;0;0;0;No
Bookkeeper;/home/denni/isw2/bookkeeper/hedwig-protocol/src/main/java/org/apache/hedwig/protocol/PubSubProtocol.java/getState;4.2.1;5;2;1;0;0;1;1;0;1;1;2;0;2;1;No
Bookkeeper;/home/denni/isw2/bookkeeper/hedwig-protocol/src/main/java/org/apache/hedwig/protocol/PubSubProtocol.java/setState;4.2.1;10;3;3;0;1;2;3;0;1;2;6;0;6;1;No
Bookkeeper;/home/denni/isw2/bookkeeper/hedwig-protocol/src/main/java/org/apache/hedwig/protocol/PubSubProtocol.java/getStateOrBuilder;4.2.1;5;2;1;0;0;1;1;0;1;0;0;0;0;0;No
Bookkeeper;/home/denni/isw2/bookkeeper/hedwig-protocol/src/main/java/org/apache/hedwig/protocol/PubSubProtocol.java/hasPreferences;4.2.1;2;1;0;0;0;0;1;0;1;0;0;0;0;0;No
Bookkeeper;/home/denni/isw2/bookkeeper/hedwig-protocol/src/main/java/org/apache/hedwig/protocol/PubSubProtocol.java/getPreferences;4.2.1;5;2;1;0;0;1;1;0;1;2;3;0;3;1;No
Bookkeeper;/home/denni/isw2/bookkeeper/hedwig-protocol/src/main/java/org/apache/hedwig/protocol/PubSubProtocol.java/setPreferences;4.2.1;10;3;3;0;1;2;3;0;1;2;4;0;4;1;No
Bookkeeper;/home/denni/isw2/bookkeeper/hedwig-protocol/src/main/java/org/apache/hedwig/protocol/PubSubProtocol.java/getPreferencesOrBuilder;4.2.1;5;2;1;0;0;1;1;0;1;0;0;0;0;0;No
Bookkeeper;/home/denni/isw2/bookkeeper/hedwig-protocol/src/main/java/org/apache/hedwig/protocol/PubSubProtocol.java/hasLedgerId;4.2.1;2;1;0;0;0;0;1;0;1;1;2;0;2;1;No
Bookkeeper;/home/denni/isw2/bookkeeper/hedwig-protocol/src/main/java/org/apache/hedwig/protocol/PubSubProtocol.java/getLedgerId;4.2.1;2;1;0;0;0;0;1;0;1;1;2;0;2;1;No
Bookkeeper;/home/denni/isw2/bookkeeper/hedwig-protocol/src/main/java/org/apache/hedwig/protocol/PubSubProtocol.java/hasEndSeqIdIncluded;4.2.1;2;1;0;0;0;0;1;0;1;0;0;0;0;0;No
Bookkeeper;/home/denni/isw2/bookkeeper/hedwig-protocol/src/main/java/org/apache/hedwig/protocol/PubSubProtocol.java/getEndSeqIdIncluded;4.2.1;2;1;0;0;0;0;1;0;1;0;0;0;0;0;No
Bookkeeper;/home/denni/isw2/bookkeeper/hedwig-protocol/src/main/java/org/apache/hedwig/protocol/PubSubProtocol.java/getEndSeqIdIncludedOrBuilder;4.2.1;2;1;0;0;0;0;1;0;1;0;0;0;0;0;No
Bookkeeper;/home/denni/isw2/bookkeeper/hedwig-protocol/src/main/java/org/apache/hedwig/protocol/PubSubProtocol.java/hasStartSeqIdIncluded;4.2.1;2;1;0;0;0;0;1;0;1;0;0;0;0;0;No
Bookkeeper;/home/denni/isw2/bookkeeper/hedwig-protocol/src/main/java/org/apache/hedwig/protocol/PubSubProtocol.java/getStartSeqIdIncluded;4.2.1;2;1;0;0;0;0;1;0;1;0;0;0;0;0;No
Bookkeeper;/home/denni/isw2/bookkeeper/hedwig-protocol/src/main/java/org/apache/hedwig/protocol/PubSubProtocol.java/isInitialized;4.2.1;13;5;5;0;0;2;6;1;1;0;0;0;0;0;No
Bookkeeper;/home/denni/isw2/bookkeeper/hedwig-protocol/src/main/java/org/apache/hedwig/protocol/PubSubProtocol.java/maybeForceBuilderInitialization;4.2.1;3;2;1;0;0;1;1;0;1;0;0;0;0;0;No
Bookkeeper;/home/denni/isw2/bookkeeper/hedwig-protocol/src/main/java/org/apache/hedwig/protocol/PubSubProtocol.java/create;4.2.1;2;1;0;0;0;0;1;0;1;0;0;0;0;0;No
Bookkeeper;/home/denni/isw2/bookkeeper/hedwig-protocol/src/main/java/org/apache/hedwig/protocol/PubSubProtocol.java/clone;4.2.1;2;1;0;0;0;0;1;0;1;0;0;0;0;0;No
Bookkeeper;/home/denni/isw2/bookkeeper/hedwig-protocol/src/main/java/org/apache/hedwig/protocol/PubSubProtocol.java/buildParsed;4.2.1;5;2;1;0;0;1;3;1;1;0;0;0;0;0;No
Bookkeeper;/home/denni/isw2/bookkeeper/hedwig-protocol/src/main/java/org/apache/hedwig/protocol/PubSubProtocol.java/buildPartial;4.2.1;19;5;4;0;0;1;12;3;1;0;0;0;0;0;No
Bookkeeper;/home/denni/isw2/bookkeeper/hedwig-protocol/src/main/java/org/apache/hedwig/protocol/PubSubProtocol.java/isInitialized;4.2.1;7;4;4;0;0;2;3;0;1;0;0;0;0;0;No
Bookkeeper;/home/denni/isw2/bookkeeper/hedwig-protocol/src/main/java/org/apache/hedwig/protocol/PubSubProtocol.java/mergeFrom;4.2.1;30;9;6;0;2;3;2;3;1;1;5;0;5;1;No
Bookkeeper;/home/denni/isw2/bookkeeper/hedwig-protocol/src/main/java/org/apache/hedwig/protocol/PubSubProtocol.java/hasLedgerId;4.2.1;2;1;0;0;0;0;1;0;1;0;0;0;0;0;No
Bookkeeper;/home/denni/isw2/bookkeeper/hedwig-protocol/src/main/java/org/apache/hedwig/protocol/PubSubProtocol.java/getLedgerId;4.2.1;2;1;0;0;0;0;1;0;1;0;0;0;0;0;No
Bookkeeper;/home/denni/isw2/bookkeeper/hedwig-protocol/src/main/java/org/apache/hedwig/protocol/PubSubProtocol.java/hasEndSeqIdIncluded;4.2.1;2;1;0;0;0;0;1;0;1;0;0;0;0;0;No
Bookkeeper;/home/denni/isw2/bookkeeper/hedwig-protocol/src/main/java/org/apache/hedwig/protocol/PubSubProtocol.java/getEndSeqIdIncluded;4.2.1;5;2;1;0;0;1;1;0;1;0;0;0;0;0;No
Bookkeeper;/home/denni/isw2/bookkeeper/hedwig-protocol/src/main/java/org/apache/hedwig/protocol/PubSubProtocol.java/setEndSeqIdIncluded;4.2.1;10;3;3;0;1;2;3;0;1;0;0;0;0;0;No
Bookkeeper;/home/denni/isw2/bookkeeper/hedwig-protocol/src/main/java/org/apache/hedwig/protocol/PubSubProtocol.java/getEndSeqIdIncludedOrBuilder;4.2.1;5;2;1;0;0;1;1;0;1;0;0;0;0;0;No
Bookkeeper;/home/denni/isw2/bookkeeper/hedwig-protocol/src/main/java/org/apache/hedwig/protocol/PubSubProtocol.java/hasStartSeqIdIncluded;4.2.1;2;1;0;0;0;0;1;0;1;1;2;0;2;1;No
Bookkeeper;/home/denni/isw2/bookkeeper/hedwig-protocol/src/main/java/org/apache/hedwig/protocol/PubSubProtocol.java/getStartSeqIdIncluded;4.2.1;2;1;0;0;0;0;1;0;1;1;2;0;2;1;No
Bookkeeper;/home/denni/isw2/bookkeeper/hedwig-protocol/src/main/java/org/apache/hedwig/protocol/PubSubProtocol.java/getRangesList;4.2.1;2;1;0;0;0;0;1;0;2;1;1;0;1;1;No
Bookkeeper;/home/denni/isw2/bookkeeper/hedwig-protocol/src/main/java/org/apache/hedwig/protocol/PubSubProtocol.java/getRangesOrBuilderList;4.2.1;2;1;0;0;0;0;1;0;2;0;0;0;0;0;No
Bookkeeper;/home/denni/isw2/bookkeeper/hedwig-protocol/src/main/java/org/apache/hedwig/protocol/PubSubProtocol.java/getRangesCount;4.2.1;2;1;0;0;0;0;1;0;1;0;0;0;0;0;No
Bookkeeper;/home/denni/isw2/bookkeeper/hedwig-protocol/src/main/java/org/apache/hedwig/protocol/PubSubProtocol.java/getRanges;4.2.1;2;1;0;0;1;0;1;0;1;0;0;0;0;0;No
Bookkeeper;/home/denni/isw2/bookkeeper/hedwig-protocol/src/main/java/org/apache/hedwig/protocol/PubSubProtocol.java/getRangesOrBuilder;4.2.1;2;1;0;0;1;0;1;0;1;0;0;0;0;0;No
Bookkeeper;/home/denni/isw2/bookkeeper/hedwig-protocol/src/main/java/org/apache/hedwig/protocol/PubSubProtocol.java/writeTo;4.2.1;5;2;1;0;1;1;3;1;1;1;2;0;2;1;No
Bookkeeper;/home/denni/isw2/bookkeeper/hedwig-protocol/src/main/java/org/apache/hedwig/protocol/PubSubProtocol.java/getSerializedSize;4.2.1;10;3;2;0;0;1;7;2;1;1;2;0;2;1;No
Bookkeeper;/home/denni/isw2/bookkeeper/hedwig-protocol/src/main/java/org/apache/hedwig/protocol/PubSubProtocol.java/maybeForceBuilderInitialization;4.2.1;3;2;1;0;0;1;1;0;1;0;0;0;0;0;No
Bookkeeper;/home/denni/isw2/bookkeeper/hedwig-protocol/src/main/java/org/apache/hedwig/protocol/PubSubProtocol.java/create;4.2.1;2;1;0;0;0;0;1;0;1;0;0;0;0;0;No
Bookkeeper;/home/denni/isw2/bookkeeper/hedwig-protocol/src/main/java/org/apache/hedwig/protocol/PubSubProtocol.java/clone;4.2.1;2;1;0;0;0;0;1;0;1;0;0;0;0;0;No
Bookkeeper;/home/denni/isw2/bookkeeper/hedwig-protocol/src/main/java/org/apache/hedwig/protocol/PubSubProtocol.java/buildParsed;4.2.1;5;2;1;0;0;1;3;1;1;0;0;0;0;0;No
Bookkeeper;/home/denni/isw2/bookkeeper/hedwig-protocol/src/main/java/org/apache/hedwig/protocol/PubSubProtocol.java/buildPartial;4.2.1;12;3;3;0;0;2;5;2;1;0;0;0;0;0;No
Bookkeeper;/home/denni/isw2/bookkeeper/hedwig-protocol/src/main/java/org/apache/hedwig/protocol/PubSubProtocol.java/mergeFrom;4.2.1;24;8;9;0;1;3;4;0;1;0;0;0;0;0;No
Bookkeeper;/home/denni/isw2/bookkeeper/hedwig-protocol/src/main/java/org/apache/hedwig/protocol/PubSubProtocol.java/mergeFrom;4.2.1;20;6;5;0;2;3;2;3;1;0;0;0;0;0;No
Bookkeeper;/home/denni/isw2/bookkeeper/hedwig-protocol/src/main/java/org/apache/hedwig/protocol/PubSubProtocol.java/ensureRangesIsMutable;4.2.1;4;2;1;0;0;1;1;0;1;0;0;0;0;0;No
Bookkeeper;/home/denni/isw2/bookkeeper/hedwig-protocol/src/main/java/org/apache/hedwig/protocol/PubSubProtocol.java/getRangesList;4.2.1;5;2;1;0;0;1;1;0;2;0;0;0;0;0;No
Bookkeeper;/home/denni/isw2/bookkeeper/hedwig-protocol/src/main/java/org/apache/hedwig/protocol/PubSubProtocol.java/getRangesCount;4.2.1;5;2;1;0;0;1;1;0;1;0;0;0;0;0;No
Bookkeeper;/home/denni/isw2/bookkeeper/hedwig-protocol/src/main/java/org/apache/hedwig/protocol/PubSubProtocol.java/getRanges;4.2.1;5;2;1;0;1;1;1;0;1;0;0;0;0;0;No
Bookkeeper;/home/denni/isw2/bookkeeper/hedwig-protocol/src/main/java/org/apache/hedwig/protocol/PubSubProtocol.java/setRanges;4.2.1;10;3;3;0;2;2;2;0;1;0;0;0;0;0;No
Bookkeeper;/home/denni/isw2/bookkeeper/hedwig-protocol/src/main/java/org/apache/hedwig/protocol/PubSubProtocol.java/addRanges;4.2.1;10;3;3;0;1;2;2;0;1;0;0;0;0;0;No
Bookkeeper;/home/denni/isw2/bookkeeper/hedwig-protocol/src/main/java/org/apache/hedwig/protocol/PubSubProtocol.java/addRanges;4.2.1;10;3;3;0;2;2;2;0;1;0;0;0;0;0;No
Bookkeeper;/home/denni/isw2/bookkeeper/hedwig-protocol/src/main/java/org/apache/hedwig/protocol/PubSubProtocol.java/getRangesOrBuilder;4.2.1;5;2;1;0;1;1;1;0;1;0;0;0;0;0;No
Bookkeeper;/home/denni/isw2/bookkeeper/hedwig-protocol/src/main/java/org/apache/hedwig/protocol/PubSubProtocol.java/getRangesOrBuilderList;4.2.1;5;2;1;0;0;1;1;0;2;0;0;0;0;0;No
Bookkeeper;/home/denni/isw2/bookkeeper/hedwig-protocol/src/main/java/org/apache/hedwig/protocol/PubSubProtocol.java/hasManagerImpl;4.2.1;2;1;0;0;0;0;1;0;1;1;2;0;2;1;No
Bookkeeper;/home/denni/isw2/bookkeeper/hedwig-protocol/src/main/java/org/apache/hedwig/protocol/PubSubProtocol.java/getManagerImpl;4.2.1;10;3;3;0;0;2;2;3;1;1;11;0;11;1;No
Bookkeeper;/home/denni/isw2/bookkeeper/hedwig-protocol/src/main/java/org/apache/hedwig/protocol/PubSubProtocol.java/hasManagerVersion;4.2.1;2;1;0;0;0;0;1;0;1;0;0;0;0;0;No
Bookkeeper;/home/denni/isw2/bookkeeper/hedwig-protocol/src/main/java/org/apache/hedwig/protocol/PubSubProtocol.java/getManagerVersion;4.2.1;2;1;0;0;0;0;1;0;1;0;0;0;0;0;No
Bookkeeper;/home/denni/isw2/bookkeeper/hedwig-protocol/src/main/java/org/apache/hedwig/protocol/PubSubProtocol.java/maybeForceBuilderInitialization;4.2.1;2;2;1;0;0;1;1;0;1;1;3;0;3;1;No
Bookkeeper;/home/denni/isw2/bookkeeper/hedwig-protocol/src/main/java/org/apache/hedwig/protocol/PubSubProtocol.java/create;4.2.1;2;1;0;0;0;0;1;0;1;2;3;0;3;1;No
Bookkeeper;/home/denni/isw2/bookkeeper/hedwig-protocol/src/main/java/org/apache/hedwig/protocol/PubSubProtocol.java/clone;4.2.1;2;1;0;0;0;0;1;0;1;1;2;0;2;1;No
Bookkeeper;/home/denni/isw2/bookkeeper/hedwig-protocol/src/main/java/org/apache/hedwig/protocol/PubSubProtocol.java/buildParsed;4.2.1;5;2;1;0;0;1;3;1;1;1;8;0;8;1;No
Bookkeeper;/home/denni/isw2/bookkeeper/hedwig-protocol/src/main/java/org/apache/hedwig/protocol/PubSubProtocol.java/buildPartial;4.2.1;13;3;2;0;0;1;10;3;1;1;10;0;10;1;No
Bookkeeper;/home/denni/isw2/bookkeeper/hedwig-protocol/src/main/java/org/apache/hedwig/protocol/PubSubProtocol.java/isInitialized;4.2.1;6;3;2;0;0;1;3;0;1;0;0;0;0;0;No
Bookkeeper;/home/denni/isw2/bookkeeper/hedwig-protocol/src/main/java/org/apache/hedwig/protocol/PubSubProtocol.java/mergeFrom;4.2.1;23;7;5;0;2;3;2;2;1;2;56;28;84;2;No
Bookkeeper;/home/denni/isw2/bookkeeper/hedwig-protocol/src/main/java/org/apache/hedwig/protocol/PubSubProtocol.java/hasManagerImpl;4.2.1;2;1;0;0;0;0;1;0;1;2;4;2;6;2;No
Bookkeeper;/home/denni/isw2/bookkeeper/hedwig-protocol/src/main/java/org/apache/hedwig/protocol/PubSubProtocol.java/getManagerImpl;4.2.1;8;2;1;0;0;1;2;2;1;3;19;9;28;2;No
Bookkeeper;/home/denni/isw2/bookkeeper/hedwig-protocol/src/main/java/org/apache/hedwig/protocol/PubSubProtocol.java/setManagerImpl;4.2.1;7;2;1;0;1;1;5;0;1;2;16;8;24;2;No
Bookkeeper;/home/denni/isw2/bookkeeper/hedwig-protocol/src/main/java/org/apache/hedwig/protocol/PubSubProtocol.java/hasManagerVersion;4.2.1;2;1;0;0;0;0;1;0;1;0;0;0;0;0;No
Bookkeeper;/home/denni/isw2/bookkeeper/hedwig-protocol/src/main/java/org/apache/hedwig/protocol/PubSubProtocol.java/getManagerVersion;4.2.1;2;1;0;0;0;0;1;0;1;0;0;0;0;0;No
Bookkeeper;/home/denni/isw2/bookkeeper/hedwig-protocol/src/main/java/org/apache/hedwig/protocol/PubSubProtocol.java/hasHostname;4.2.1;2;1;0;0;0;0;1;0;1;2;2;1;3;2;No
Bookkeeper;/home/denni/isw2/bookkeeper/hedwig-protocol/src/main/java/org/apache/hedwig/protocol/PubSubProtocol.java/getHostname;4.2.1;10;3;3;0;0;2;2;3;1;0;0;0;0;0;No
Bookkeeper;/home/denni/isw2/bookkeeper/hedwig-protocol/src/main/java/org/apache/hedwig/protocol/PubSubProtocol.java/hasCzxid;4.2.1;2;1;0;0;0;0;1;0;1;0;0;0;0;0;No
Bookkeeper;/home/denni/isw2/bookkeeper/hedwig-protocol/src/main/java/org/apache/hedwig/protocol/PubSubProtocol.java/getCzxid;4.2.1;2;1;0;0;0;0;1;0;1;0;0;0;0;0;No
Bookkeeper;/home/denni/isw2/bookkeeper/hedwig-protocol/src/main/java/org/apache/hedwig/protocol/PubSubProtocol.java/maybeForceBuilderInitialization;4.2.1;2;2;1;0;0;1;1;0;1;0;0;0;0;0;No
Bookkeeper;/home/denni/isw2/bookkeeper/hedwig-protocol/src/main/java/org/apache/hedwig/protocol/PubSubProtocol.java/create;4.2.1;2;1;0;0;0;0;1;0;1;0;0;0;0;0;No
Bookkeeper;/home/denni/isw2/bookkeeper/hedwig-protocol/src/main/java/org/apache/hedwig/protocol/PubSubProtocol.java/clone;4.2.1;2;1;0;0;0;0;1;0;1;0;0;0;0;0;No
Bookkeeper;/home/denni/isw2/bookkeeper/hedwig-protocol/src/main/java/org/apache/hedwig/protocol/PubSubProtocol.java/buildParsed;4.2.1;5;2;1;0;0;1;3;1;1;0;0;0;0;0;No
Bookkeeper;/home/denni/isw2/bookkeeper/hedwig-protocol/src/main/java/org/apache/hedwig/protocol/PubSubProtocol.java/buildPartial;4.2.1;13;3;2;0;0;1;10;3;1;0;0;0;0;0;No
Bookkeeper;/home/denni/isw2/bookkeeper/hedwig-protocol/src/main/java/org/apache/hedwig/protocol/PubSubProtocol.java/isInitialized;4.2.1;6;3;2;0;0;1;3;0;1;0;0;0;0;0;No
Bookkeeper;/home/denni/isw2/bookkeeper/hedwig-protocol/src/main/java/org/apache/hedwig/protocol/PubSubProtocol.java/mergeFrom;4.2.1;23;7;5;0;2;3;2;2;1;0;0;0;0;0;No
Bookkeeper;/home/denni/isw2/bookkeeper/hedwig-protocol/src/main/java/org/apache/hedwig/protocol/PubSubProtocol.java/hasHostname;4.2.1;2;1;0;0;0;0;1;0;1;0;0;0;0;0;No
Bookkeeper;/home/denni/isw2/bookkeeper/hedwig-protocol/src/main/java/org/apache/hedwig/protocol/PubSubProtocol.java/getHostname;4.2.1;8;2;1;0;0;1;2;2;1;0;0;0;0;0;No
Bookkeeper;/home/denni/isw2/bookkeeper/hedwig-protocol/src/main/java/org/apache/hedwig/protocol/PubSubProtocol.java/setHostname;4.2.1;7;2;1;0;1;1;5;0;1;1;1;0;1;1;No
Bookkeeper;/home/denni/isw2/bookkeeper/hedwig-protocol/src/main/java/org/apache/hedwig/protocol/PubSubProtocol.java/hasCzxid;4.2.1;2;1;0;0;0;0;1;0;1;1;2;0;2;1;No
Bookkeeper;/home/denni/isw2/bookkeeper/hedwig-protocol/src/main/java/org/apache/hedwig/protocol/PubSubProtocol.java/getCzxid;4.2.1;2;1;0;0;0;0;1;0;1;1;2;0;2;1;No
Bookkeeper;/home/denni/isw2/bookkeeper/hedwig-protocol/src/main/java/org/apache/hedwig/protocol/PubSubProtocol.java/hasNumTopics;4.2.1;2;1;0;0;0;0;1;0;1;0;0;0;0;0;No
Bookkeeper;/home/denni/isw2/bookkeeper/hedwig-protocol/src/main/java/org/apache/hedwig/protocol/PubSubProtocol.java/getNumTopics;4.2.1;2;1;0;0;0;0;1;0;1;0;0;0;0;0;No
Bookkeeper;/home/denni/isw2/bookkeeper/hedwig-protocol/src/main/java/org/apache/hedwig/protocol/PubSubProtocol.java/maybeForceBuilderInitialization;4.2.1;2;2;1;0;0;1;1;0;1;1;1;0;1;1;No
Bookkeeper;/home/denni/isw2/bookkeeper/hedwig-protocol/src/main/java/org/apache/hedwig/protocol/PubSubProtocol.java/create;4.2.1;2;1;0;0;0;0;1;0;1;0;0;0;0;0;No
Bookkeeper;/home/denni/isw2/bookkeeper/hedwig-protocol/src/main/java/org/apache/hedwig/protocol/PubSubProtocol.java/clone;4.2.1;2;1;0;0;0;0;1;0;1;1;1;0;1;1;No
Bookkeeper;/home/denni/isw2/bookkeeper/hedwig-protocol/src/main/java/org/apache/hedwig/protocol/PubSubProtocol.java/buildParsed;4.2.1;5;2;1;0;0;1;3;1;1;1;1;0;1;1;No
Bookkeeper;/home/denni/isw2/bookkeeper/hedwig-protocol/src/main/java/org/apache/hedwig/protocol/PubSubProtocol.java/isInitialized;4.2.1;4;2;1;0;0;1;2;0;1;0;0;0;0;0;No
Bookkeeper;/home/denni/isw2/bookkeeper/hedwig-protocol/src/main/java/org/apache/hedwig/protocol/PubSubProtocol.java/mergeFrom;4.2.1;19;6;5;0;2;3;2;2;1;1;1;0;1;1;No
Bookkeeper;/home/denni/isw2/bookkeeper/hedwig-protocol/src/main/java/org/apache/hedwig/protocol/PubSubProtocol.java/hasNumTopics;4.2.1;2;1;0;0;0;0;1;0;1;0;0;0;0;0;No
Bookkeeper;/home/denni/isw2/bookkeeper/hedwig-protocol/src/main/java/org/apache/hedwig/protocol/PubSubProtocol.java/getNumTopics;4.2.1;2;1;0;0;0;0;1;0;1;0;0;0;0;0;No
Bookkeeper;/home/denni/isw2/bookkeeper/bookkeeper-benchmark/src/main/java/org/apache/bookkeeper/benchmark/MySqlClient.java/main;4.2.1;26;5;5;0;1;2;4;3;1;2;20;2;22;2;Yes
Bookkeeper;/home/denni/isw2/bookkeeper/bookkeeper-benchmark/src/main/java/org/apache/bookkeeper/benchmark/MySqlClient.java/writeSameEntryBatch;4.2.1;17;2;1;0;2;1;10;2;1;2;14;1;15;2;Yes
Bookkeeper;/home/denni/isw2/bookkeeper/bookkeeper-benchmark/src/main/java/org/apache/bookkeeper/benchmark/MySqlClient.java/writeSameEntry;4.2.1;9;2;1;0;2;1;7;2;1;2;11;2;13;2;Yes
Bookkeeper;/home/denni/isw2/bookkeeper/bookkeeper-benchmark/src/main/java/org/apache/bookkeeper/benchmark/BenchReadThroughputLatency.java/compare;4.2.1;10;3;3;0;2;2;1;2;1;0;0;0;0;0;No
Bookkeeper;/home/denni/isw2/bookkeeper/bookkeeper-benchmark/src/main/java/org/apache/bookkeeper/benchmark/BenchReadThroughputLatency.java/readLedger;4.2.1;51;12;15;0;3;5;9;14;1;1;14;9;23;1;No
Bookkeeper;/home/denni/isw2/bookkeeper/bookkeeper-benchmark/src/main/java/org/apache/bookkeeper/benchmark/BenchReadThroughputLatency.java/main;4.2.1;89;17;22;0;1;7;24;20;1;2;10;4;14;2;Yes
Bookkeeper;/home/denni/isw2/bookkeeper/bookkeeper-benchmark/src/main/java/org/apache/bookkeeper/benchmark/BenchReadThroughputLatency.java/process;4.2.1;3;2;1;0;1;1;1;0;1;0;0;0;0;0;No
Bookkeeper;/home/denni/isw2/bookkeeper/bookkeeper-benchmark/src/main/java/org/apache/bookkeeper/benchmark/BenchReadThroughputLatency.java/process;4.2.1;33;10;14;0;1;6;1;7;1;1;2;1;3;1;No
Bookkeeper;/home/denni/isw2/bookkeeper/bookkeeper-benchmark/src/main/java/org/apache/bookkeeper/benchmark/BenchReadThroughputLatency.java/run;4.2.1;2;1;0;0;0;0;1;0;1;0;0;0;0;0;No
Bookkeeper;/home/denni/isw2/bookkeeper/bookkeeper-benchmark/src/main/java/org/apache/bookkeeper/benchmark/TestClient.java/main;4.2.1;116;24;27;0;1;5;26;41;1;7;187;198;385;4;Yes
Bookkeeper;/home/denni/isw2/bookkeeper/bookkeeper-benchmark/src/main/java/org/apache/bookkeeper/benchmark/TestClient.java/run;4.2.1;3;1;0;0;0;0;2;0;1;4;4;2;6;2;No
Bookkeeper;/home/denni/isw2/bookkeeper/bookkeeper-benchmark/src/main/java/org/apache/bookkeeper/benchmark/TestClient.java/call;4.2.1;18;3;3;0;0;2;1;5;1;3;29;5;34;2;No
Bookkeeper;/home/denni/isw2/bookkeeper/bookkeeper-benchmark/src/main/java/org/apache/bookkeeper/benchmark/TestClient.java/call;4.2.1;18;3;3;0;0;2;1;5;1;1;22;0;22;1;No
Bookkeeper;/home/denni/isw2/bookkeeper/bookkeeper-benchmark/src/main/java/org/apache/bookkeeper/benchmark/TestClient.java/call;4.2.1;24;6;7;0;0;3;1;5;1;1;31;0;31;1;No
Bookkeeper;/home/denni/isw2/bookkeeper/bookkeeper-benchmark/src/main/java/org/apache/bookkeeper/benchmark/TestClient.java/addComplete;4.2.1;5;2;1;0;4;1;2;0;1;1;6;0;6;1;No
Bookkeeper;/home/denni/isw2/bookkeeper/bookkeeper-benchmark/src/main/java/org/apache/bookkeeper/benchmark/BenchThroughputLatency.java/setEntryData;4.2.1;2;1;0;0;1;0;1;0;1;0;0;0;0;0;No
Bookkeeper;/home/denni/isw2/bookkeeper/bookkeeper-benchmark/src/main/java/org/apache/bookkeeper/benchmark/BenchThroughputLatency.java/run;4.2.1;51;11;12;0;0;3;14;10;1;2;11;8;19;2;No
Bookkeeper;/home/denni/isw2/bookkeeper/bookkeeper-benchmark/src/main/java/org/apache/bookkeeper/benchmark/BenchThroughputLatency.java/run;4.2.1;7;3;3;0;0;2;1;0;1;1;0;1;1;1;No
Bookkeeper;/home/denni/isw2/bookkeeper/bookkeeper-benchmark/src/main/java/org/apache/bookkeeper/benchmark/BenchThroughputLatency.java/addComplete;4.2.1;10;2;1;0;4;1;6;2;1;1;4;0;4;1;No
Bookkeeper;/home/denni/isw2/bookkeeper/bookkeeper-benchmark/src/main/java/org/apache/bookkeeper/benchmark/BenchThroughputLatency.java/main;4.2.1;118;16;17;0;1;3;73;37;1;5;73;29;102;3;Yes
Bookkeeper;/home/denni/isw2/bookkeeper/bookkeeper-benchmark/src/main/java/org/apache/bookkeeper/benchmark/BenchThroughputLatency.java/run;4.2.1;3;1;0;0;0;0;2;0;1;1;1;0;1;1;No
Bookkeeper;/home/denni/isw2/bookkeeper/bookkeeper-benchmark/src/main/java/org/apache/bookkeeper/benchmark/BenchThroughputLatency.java/warmUp;4.2.1;27;4;4;0;6;2;12;7;1;3;4;3;7;3;No
Bookkeeper;/home/denni/isw2/bookkeeper/bookkeeper-benchmark/src/main/java/org/apache/bookkeeper/benchmark/BenchBookie.java/writeComplete;4.2.1;6;2;1;0;5;1;3;0;1;0;0;0;0;0;No
Bookkeeper;/home/denni/isw2/bookkeeper/bookkeeper-benchmark/src/main/java/org/apache/bookkeeper/benchmark/BenchBookie.java/writeComplete;4.2.1;6;3;2;0;5;1;3;0;1;0;0;0;0;0;No
Bookkeeper;/home/denni/isw2/bookkeeper/bookkeeper-benchmark/src/main/java/org/apache/bookkeeper/benchmark/BenchBookie.java/waitFor;4.2.1;5;2;1;0;1;1;2;0;1;0;0;0;0;0;No
Bookkeeper;/home/denni/isw2/bookkeeper/bookkeeper-benchmark/src/main/java/org/apache/bookkeeper/benchmark/BenchBookie.java/getValidLedgerId;4.2.1;14;3;3;0;1;2;4;3;1;1;15;0;15;1;No
Bookkeeper;/home/denni/isw2/bookkeeper/bookkeeper-benchmark/src/main/java/org/apache/bookkeeper/benchmark/BenchBookie.java/main;4.2.1;74;5;4;0;1;1;43;25;1;2;26;9;35;1;No
Bookkeeper;/home/denni/isw2/bookkeeper/hedwig-client-jms/src/main/java/org/apache/hedwig/jms/selector/LogicalComparisonFunction.java/evaluateImpl;4.2.1;4;2;1;0;3;1;2;0;1;0;0;0;0;0;No
Bookkeeper;/home/denni/isw2/bookkeeper/hedwig-client-jms/src/main/java/org/apache/hedwig/jms/selector/BinaryArithmeticFunction.java/evaluateImpl;4.2.1;22;12;4;0;3;2;1;0;1;0;0;0;0;0;No
Bookkeeper;/home/denni/isw2/bookkeeper/hedwig-client-jms/src/main/java/org/apache/hedwig/jms/selector/UnaryExprFunction.java/evaluateImpl;4.2.1;7;3;2;0;2;1;4;2;1;0;0;0;0;0;No
Bookkeeper;/home/denni/isw2/bookkeeper/hedwig-client-jms/src/main/java/org/apache/hedwig/jms/selector/TreeDumperSelectorParserVisitor.java/emitDebug;4.2.1;13;5;4;0;3;1;9;3;1;0;0;0;0;0;No
Bookkeeper;/home/denni/isw2/bookkeeper/hedwig-client-jms/src/main/java/org/apache/hedwig/jms/selector/PropertyExprFunction.java/doEvaluate;4.2.1;24;11;11;0;1;2;11;2;1;0;0;0;0;0;No
Bookkeeper;/home/denni/isw2/bookkeeper/hedwig-client-jms/src/main/java/org/apache/hedwig/jms/selector/PropertyExprFunction.java/doEvaluate;4.2.1;11;5;4;0;2;1;6;1;1;0;0;0;0;0;No
Bookkeeper;/home/denni/isw2/bookkeeper/hedwig-client-jms/src/main/java/org/apache/hedwig/jms/selector/PropertyExprFunction.java/generateRegexpWithoutWildcard;4.2.1;24;8;9;0;1;3;6;6;1;0;0;0;0;0;No
Bookkeeper;/home/denni/isw2/bookkeeper/hedwig-client-jms/src/main/java/org/apache/hedwig/jms/selector/PropertyExprFunction.java/generateRegexpWithWildcard;4.2.1;27;9;10;0;2;3;6;6;1;0;0;0;0;0;No
Bookkeeper;/home/denni/isw2/bookkeeper/hedwig-client-jms/src/main/java/org/apache/hedwig/jms/selector/PropertyExprFunction.java/doEvaluate;4.2.1;12;5;4;0;1;1;7;2;1;0;0;0;0;0;No
Bookkeeper;/home/denni/isw2/bookkeeper/hedwig-client-jms/src/main/java/org/apache/hedwig/jms/selector/PropertyExprFunction.java/doEvaluate;4.2.1;34;14;8;0;3;2;6;1;1;0;0;0;0;0;No
Bookkeeper;/home/denni/isw2/bookkeeper/hedwig-client-jms/src/main/java/org/apache/hedwig/jms/selector/PropertyExprFunction.java/handleBetweenIntAndInt;4.2.1;11;4;1;0;3;1;4;2;1;0;0;0;0;0;No
Bookkeeper;/home/denni/isw2/bookkeeper/hedwig-client-jms/src/main/java/org/apache/hedwig/jms/selector/PropertyExprFunction.java/handleBetweenIntAndDouble;4.2.1;11;4;1;0;3;1;4;2;1;0;0;0;0;0;No
Bookkeeper;/home/denni/isw2/bookkeeper/hedwig-client-jms/src/main/java/org/apache/hedwig/jms/selector/PropertyExprFunction.java/handleBetweenDoubleAndDouble;4.2.1;11;4;1;0;3;1;4;2;1;0;0;0;0;0;No
Bookkeeper;/home/denni/isw2/bookkeeper/hedwig-client-jms/src/main/java/org/apache/hedwig/jms/selector/ValueComparisonFunction.java/evaluateImpl;4.2.1;32;16;6;0;3;2;1;0;1;0;0;0;0;0;No
Bookkeeper;/home/denni/isw2/bookkeeper/hedwig-client-jms/src/main/java/org/apache/hedwig/jms/selector/UnaryArithmeticFunction.java/evaluateImpl;4.2.1;15;6;4;0;2;2;1;2;1;0;0;0;0;0;No
Bookkeeper;/home/denni/isw2/bookkeeper/hedwig-client-jms/src/main/java/org/apache/hedwig/jms/selector/SelectorConstant.java/isNull;4.2.1;14;7;1;0;0;1;1;0;1;0;0;0;0;0;No
Bookkeeper;/home/denni/isw2/bookkeeper/hedwig-client-jms/src/main/java/org/apache/hedwig/jms/selector/SelectorConstant.java/getValueAsString;4.2.1;14;8;2;0;0;1;1;0;1;0;0;0;0;0;No
Bookkeeper;/home/denni/isw2/bookkeeper/hedwig-client-jms/src/main/java/org/apache/hedwig/jms/selector/SelectorConstant.java/toString;4.2.1;17;8;3;0;0;2;1;0;1;0;0;0;0;0;No
Bookkeeper;/home/denni/isw2/bookkeeper/hedwig-client-jms/src/main/java/org/apache/hedwig/jms/spi/TopicPublisherImpl.java/publish;4.2.1;43;12;12;0;5;2;16;4;1;1;1;1;2;1;Yes
Bookkeeper;/home/denni/isw2/bookkeeper/hedwig-client-jms/src/main/java/org/apache/hedwig/jms/spi/HedwigConnectionImpl.java/loadConfig;4.2.1;32;5;6;0;0;3;3;5;1;0;0;0;0;0;No
Bookkeeper;/home/denni/isw2/bookkeeper/hedwig-client-jms/src/main/java/org/apache/hedwig/jms/spi/HedwigConnectionImpl.java/openConnection;4.2.1;3;1;0;0;1;0;2;1;1;0;0;0;0;0;No
Bookkeeper;/home/denni/isw2/bookkeeper/hedwig-client-jms/src/main/java/org/apache/hedwig/jms/spi/TopicSubscriberImpl.java/receiveImpl;4.2.1;59;21;23;0;2;4;12;8;1;0;0;0;0;0;No
Bookkeeper;/home/denni/isw2/bookkeeper/hedwig-client-jms/src/main/java/org/apache/hedwig/jms/spi/HedwigMessagingSessionFacade.java/equals;4.2.1;12;7;6;0;1;1;6;1;1;0;0;0;0;0;No
Bookkeeper;/home/denni/isw2/bookkeeper/hedwig-client-jms/src/main/java/org/apache/hedwig/jms/spi/HedwigMessagingSessionFacade.java/acknowledge;4.2.1;37;10;12;0;1;4;5;4;1;0;0;0;0;0;No
Bookkeeper;/home/denni/isw2/bookkeeper/hedwig-client-jms/src/main/java/org/apache/hedwig/jms/spi/HedwigMessagingSessionFacade.java/sendAcknowledge;4.2.1;9;3;3;0;3;2;2;1;1;0;0;0;0;0;No
Bookkeeper;/home/denni/isw2/bookkeeper/hedwig-client-jms/src/main/java/org/apache/hedwig/jms/spi/HedwigMessagingSessionFacade.java/subscribeToTopic;4.2.1;32;9;9;0;2;2;6;7;1;1;3;2;5;1;Yes
Bookkeeper;/home/denni/isw2/bookkeeper/hedwig-client-jms/src/main/java/org/apache/hedwig/jms/spi/HedwigMessagingSessionFacade.java/unsubscribeFromTopic;4.2.1;25;6;6;0;2;2;4;5;1;0;0;0;0;0;No
Bookkeeper;/home/denni/isw2/bookkeeper/hedwig-client-jms/src/main/java/org/apache/hedwig/jms/spi/HedwigMessagingSessionFacade.java/startTopicDelivery;4.2.1;25;11;12;0;2;3;6;2;1;0;0;0;0;0;No
Bookkeeper;/home/denni/isw2/bookkeeper/hedwig-client-jms/src/main/java/org/apache/hedwig/jms/spi/HedwigMessagingSessionFacade.java/deliver;4.2.1;31;10;12;0;5;4;7;5;1;0;0;0;0;0;No
Bookkeeper;/home/denni/isw2/bookkeeper/hedwig-client-jms/src/main/java/org/apache/hedwig/jms/spi/HedwigMessagingSessionFacade.java/run;4.2.1;9;4;6;0;0;4;2;0;1;0;0;0;0;0;No
Bookkeeper;/home/denni/isw2/bookkeeper/hedwig-client-jms/src/main/java/org/apache/hedwig/jms/spi/HedwigMessagingSessionFacade.java/publish;4.2.1;16;5;5;0;2;2;1;4;1;0;0;0;0;0;No
Bookkeeper;/home/denni/isw2/bookkeeper/hedwig-client-jms/src/main/java/org/apache/hedwig/jms/DebugUtil.java/dumpAllStacktraces;4.2.1;2;1;0;0;1;0;1;0;1;0;0;0;0;0;No
Bookkeeper;/home/denni/isw2/bookkeeper/hedwig-client-jms/src/main/java/org/apache/hedwig/jms/message/MessageUtil.java/processHedwigMessage;4.2.1;21;9;2;0;5;1;5;3;1;0;0;0;0;0;No
Bookkeeper;/home/denni/isw2/bookkeeper/hedwig-client-jms/src/main/java/org/apache/hedwig/jms/message/MessageUtil.java/generateSeqIdFromJMSMessageId;4.2.1;46;8;10;0;1;4;4;11;1;0;0;0;0;0;No
Bookkeeper;/home/denni/isw2/bookkeeper/hedwig-client-jms/src/main/java/org/apache/hedwig/jms/message/MessageImpl.java/hasBodyFromProperties;4.2.1;15;4;3;0;0;1;6;1;1;0;0;0;0;0;No
Bookkeeper;/home/denni/isw2/bookkeeper/hedwig-client-jms/src/main/java/org/apache/hedwig/jms/message/MessageImpl.java/populateBuilderWithHeaders;4.2.1;29;12;13;0;1;3;14;3;1;0;0;0;0;0;No
Bookkeeper;/home/denni/isw2/bookkeeper/hedwig-client-jms/src/main/java/org/apache/hedwig/jms/message/MessageImpl.java/getSelectorProcessingPropertyValue;4.2.1;33;16;16;0;1;2;13;1;1;0;0;0;0;0;No
Bookkeeper;/home/denni/isw2/bookkeeper/hedwig-client-jms/src/main/java/org/apache/hedwig/jms/message/MessageImpl.java/setObjectProperty;4.2.1;11;4;3;0;2;1;5;0;1;0;0;0;0;0;No
Bookkeeper;/home/denni/isw2/bookkeeper/hedwig-client-jms/src/main/java/org/apache/hedwig/jms/message/BytesMessageImpl.java/writeObject;4.2.1;31;13;22;0;1;11;2;1;1;0;0;0;0;0;No
Bookkeeper;/home/denni/isw2/bookkeeper/hedwig-client-jms/src/main/java/org/apache/hedwig/jms/message/StreamMessageImpl.java/readNextObject;4.2.1;11;4;4;0;0;2;1;1;1;0;0;0;0;0;No
Bookkeeper;/home/denni/isw2/bookkeeper/hedwig-client-jms/src/main/java/org/apache/hedwig/jms/message/StreamMessageImpl.java/writeStreamHeader;4.2.1;3;2;1;0;0;1;1;0;1;0;0;0;0;0;No
Bookkeeper;/home/denni/isw2/bookkeeper/hedwig-client-jms/src/main/java/org/apache/hedwig/jms/message/StreamMessageImpl.java/writeObject;4.2.1;23;11;19;0;1;10;1;0;1;0;0;0;0;0;No
Bookkeeper;/home/denni/isw2/bookkeeper/hedwig-client-jms/src/main/java/org/apache/hedwig/jms/message/header/MetadataProcessor.java/parseHeaders;4.2.1;45;15;8;0;1;4;4;4;3;0;0;0;0;0;No
Bookkeeper;/home/denni/isw2/bookkeeper/hedwig-client-jms/src/main/java/org/apache/hedwig/jms/message/header/MetadataProcessor.java/addHeaders;4.2.1;44;12;20;0;2;10;5;7;1;0;0;0;0;0;No
Bookkeeper;/home/denni/isw2/bookkeeper/hedwig-client-jms/src/main/java/org/apache/hedwig/jms/message/header/JmsHeader.java/valueOf;4.2.1;22;11;1;0;1;1;1;0;1;0;0;0;0;0;No
Bookkeeper;/home/denni/isw2/bookkeeper/hedwig-client-jms/src/main/java/org/apache/hedwig/jms/message/header/JmsHeader.java/hasType;4.2.1;2;1;0;0;0;0;1;0;1;0;0;0;0;0;No
Bookkeeper;/home/denni/isw2/bookkeeper/hedwig-client-jms/src/main/java/org/apache/hedwig/jms/message/header/JmsHeader.java/getType;4.2.1;2;1;0;0;0;0;1;0;1;0;0;0;0;0;No
Bookkeeper;/home/denni/isw2/bookkeeper/hedwig-client-jms/src/main/java/org/apache/hedwig/jms/message/header/JmsHeader.java/hasBooleanValue;4.2.1;2;1;0;0;0;0;1;0;1;0;0;0;0;0;No
Bookkeeper;/home/denni/isw2/bookkeeper/hedwig-client-jms/src/main/java/org/apache/hedwig/jms/message/header/JmsHeader.java/getBooleanValue;4.2.1;2;1;0;0;0;0;1;0;1;0;0;0;0;0;No
Bookkeeper;/home/denni/isw2/bookkeeper/hedwig-client-jms/src/main/java/org/apache/hedwig/jms/message/header/JmsHeader.java/hasByteValue;4.2.1;2;1;0;0;0;0;1;0;1;0;0;0;0;0;No
Bookkeeper;/home/denni/isw2/bookkeeper/hedwig-client-jms/src/main/java/org/apache/hedwig/jms/message/header/JmsHeader.java/getByteValue;4.2.1;2;1;0;0;0;0;1;0;1;0;0;0;0;0;No
Bookkeeper;/home/denni/isw2/bookkeeper/hedwig-client-jms/src/main/java/org/apache/hedwig/jms/message/header/JmsHeader.java/hasShortValue;4.2.1;2;1;0;0;0;0;1;0;1;0;0;0;0;0;No
Bookkeeper;/home/denni/isw2/bookkeeper/hedwig-client-jms/src/main/java/org/apache/hedwig/jms/message/header/JmsHeader.java/getShortValue;4.2.1;2;1;0;0;0;0;1;0;1;0;0;0;0;0;No
Bookkeeper;/home/denni/isw2/bookkeeper/hedwig-client-jms/src/main/java/org/apache/hedwig/jms/message/header/JmsHeader.java/hasIntValue;4.2.1;2;1;0;0;0;0;1;0;1;0;0;0;0;0;No
Bookkeeper;/home/denni/isw2/bookkeeper/hedwig-client-jms/src/main/java/org/apache/hedwig/jms/message/header/JmsHeader.java/getIntValue;4.2.1;2;1;0;0;0;0;1;0;1;0;0;0;0;0;No
Bookkeeper;/home/denni/isw2/bookkeeper/hedwig-client-jms/src/main/java/org/apache/hedwig/jms/message/header/JmsHeader.java/hasLongValue;4.2.1;2;1;0;0;0;0;1;0;1;0;0;0;0;0;No
Bookkeeper;/home/denni/isw2/bookkeeper/hedwig-client-jms/src/main/java/org/apache/hedwig/jms/message/header/JmsHeader.java/getLongValue;4.2.1;2;1;0;0;0;0;1;0;1;0;0;0;0;0;No
Bookkeeper;/home/denni/isw2/bookkeeper/hedwig-client-jms/src/main/java/org/apache/hedwig/jms/message/header/JmsHeader.java/hasFloatValue;4.2.1;2;1;0;0;0;0;1;0;1;0;0;0;0;0;No
Bookkeeper;/home/denni/isw2/bookkeeper/hedwig-client-jms/src/main/java/org/apache/hedwig/jms/message/header/JmsHeader.java/getFloatValue;4.2.1;2;1;0;0;0;0;1;0;1;0;0;0;0;0;No
Bookkeeper;/home/denni/isw2/bookkeeper/hedwig-client-jms/src/main/java/org/apache/hedwig/jms/message/header/JmsHeader.java/hasDoubleValue;4.2.1;2;1;0;0;0;0;1;0;1;0;0;0;0;0;No
Bookkeeper;/home/denni/isw2/bookkeeper/hedwig-client-jms/src/main/java/org/apache/hedwig/jms/message/header/JmsHeader.java/getDoubleValue;4.2.1;2;1;0;0;0;0;1;0;1;0;0;0;0;0;No
Bookkeeper;/home/denni/isw2/bookkeeper/hedwig-client-jms/src/main/java/org/apache/hedwig/jms/message/header/JmsHeader.java/hasStringValue;4.2.1;2;1;0;0;0;0;1;0;1;0;0;0;0;0;No
Bookkeeper;/home/denni/isw2/bookkeeper/hedwig-client-jms/src/main/java/org/apache/hedwig/jms/message/header/JmsHeader.java/getStringValue;4.2.1;10;3;3;0;0;2;2;3;1;0;0;0;0;0;No
Bookkeeper;/home/denni/isw2/bookkeeper/hedwig-client-jms/src/main/java/org/apache/hedwig/jms/message/header/JmsHeader.java/hasBytesValue;4.2.1;2;1;0;0;0;0;1;0;1;0;0;0;0;0;No
Bookkeeper;/home/denni/isw2/bookkeeper/hedwig-client-jms/src/main/java/org/apache/hedwig/jms/message/header/JmsHeader.java/getBytesValue;4.2.1;2;1;0;0;0;0;1;0;1;0;0;0;0;0;No
Bookkeeper;/home/denni/isw2/bookkeeper/hedwig-client-jms/src/main/java/org/apache/hedwig/jms/message/header/JmsHeader.java/initFields;4.2.1;11;1;0;0;0;0;10;0;1;0;0;0;0;0;No
Bookkeeper;/home/denni/isw2/bookkeeper/hedwig-client-jms/src/main/java/org/apache/hedwig/jms/message/header/JmsHeader.java/writeTo;4.2.1;23;11;10;0;1;1;12;0;1;0;0;0;0;0;No
Bookkeeper;/home/denni/isw2/bookkeeper/hedwig-client-jms/src/main/java/org/apache/hedwig/jms/message/header/JmsHeader.java/getSerializedSize;4.2.1;28;12;11;0;0;1;16;1;1;0;0;0;0;0;No
Bookkeeper;/home/denni/isw2/bookkeeper/hedwig-client-jms/src/main/java/org/apache/hedwig/jms/message/header/JmsHeader.java/maybeForceBuilderInitialization;4.2.1;2;2;1;0;0;1;1;0;1;0;0;0;0;0;No
Bookkeeper;/home/denni/isw2/bookkeeper/hedwig-client-jms/src/main/java/org/apache/hedwig/jms/message/header/JmsHeader.java/create;4.2.1;2;1;0;0;0;0;1;0;1;0;0;0;0;0;No
Bookkeeper;/home/denni/isw2/bookkeeper/hedwig-client-jms/src/main/java/org/apache/hedwig/jms/message/header/JmsHeader.java/clear;4.2.1;23;1;0;0;0;0;22;0;1;0;0;0;0;0;No
Bookkeeper;/home/denni/isw2/bookkeeper/hedwig-client-jms/src/main/java/org/apache/hedwig/jms/message/header/JmsHeader.java/clone;4.2.1;2;1;0;0;0;0;1;0;1;0;0;0;0;0;No
Bookkeeper;/home/denni/isw2/bookkeeper/hedwig-client-jms/src/main/java/org/apache/hedwig/jms/message/header/JmsHeader.java/buildParsed;4.2.1;5;2;1;0;0;1;3;1;1;0;0;0;0;0;No
Bookkeeper;/home/denni/isw2/bookkeeper/hedwig-client-jms/src/main/java/org/apache/hedwig/jms/message/header/JmsHeader.java/buildPartial;4.2.1;37;11;10;0;0;1;26;3;1;0;0;0;0;0;No
Bookkeeper;/home/denni/isw2/bookkeeper/hedwig-client-jms/src/main/java/org/apache/hedwig/jms/message/header/JmsHeader.java/mergeFrom;4.2.1;25;12;11;0;1;1;13;0;1;0;0;0;0;0;No
Bookkeeper;/home/denni/isw2/bookkeeper/hedwig-client-jms/src/main/java/org/apache/hedwig/jms/message/header/JmsHeader.java/isInitialized;4.2.1;4;2;1;0;0;1;2;0;1;0;0;0;0;0;No
Bookkeeper;/home/denni/isw2/bookkeeper/hedwig-client-jms/src/main/java/org/apache/hedwig/jms/message/header/JmsHeader.java/mergeFrom;4.2.1;60;16;6;0;2;3;2;4;1;0;0;0;0;0;No
Bookkeeper;/home/denni/isw2/bookkeeper/hedwig-client-jms/src/main/java/org/apache/hedwig/jms/message/header/JmsHeader.java/hasType;4.2.1;2;1;0;0;0;0;1;0;1;0;0;0;0;0;No
Bookkeeper;/home/denni/isw2/bookkeeper/hedwig-client-jms/src/main/java/org/apache/hedwig/jms/message/header/JmsHeader.java/getType;4.2.1;2;1;0;0;0;0;1;0;1;0;0;0;0;0;No
Bookkeeper;/home/denni/isw2/bookkeeper/hedwig-client-jms/src/main/java/org/apache/hedwig/jms/message/header/JmsHeader.java/setType;4.2.1;7;2;1;0;1;1;5;0;1;0;0;0;0;0;No
Bookkeeper;/home/denni/isw2/bookkeeper/hedwig-client-jms/src/main/java/org/apache/hedwig/jms/message/header/JmsHeader.java/hasBooleanValue;4.2.1;2;1;0;0;0;0;1;0;1;0;0;0;0;0;No
Bookkeeper;/home/denni/isw2/bookkeeper/hedwig-client-jms/src/main/java/org/apache/hedwig/jms/message/header/JmsHeader.java/getBooleanValue;4.2.1;2;1;0;0;0;0;1;0;1;0;0;0;0;0;No
Bookkeeper;/home/denni/isw2/bookkeeper/hedwig-client-jms/src/main/java/org/apache/hedwig/jms/message/header/JmsHeader.java/hasByteValue;4.2.1;2;1;0;0;0;0;1;0;1;0;0;0;0;0;No
Bookkeeper;/home/denni/isw2/bookkeeper/hedwig-client-jms/src/main/java/org/apache/hedwig/jms/message/header/JmsHeader.java/getByteValue;4.2.1;2;1;0;0;0;0;1;0;1;0;0;0;0;0;No
Bookkeeper;/home/denni/isw2/bookkeeper/hedwig-client-jms/src/main/java/org/apache/hedwig/jms/message/header/JmsHeader.java/hasShortValue;4.2.1;2;1;0;0;0;0;1;0;1;0;0;0;0;0;No
Bookkeeper;/home/denni/isw2/bookkeeper/hedwig-client-jms/src/main/java/org/apache/hedwig/jms/message/header/JmsHeader.java/getShortValue;4.2.1;2;1;0;0;0;0;1;0;1;0;0;0;0;0;No
Bookkeeper;/home/denni/isw2/bookkeeper/hedwig-client-jms/src/main/java/org/apache/hedwig/jms/message/header/JmsHeader.java/hasIntValue;4.2.1;2;1;0;0;0;0;1;0;1;0;0;0;0;0;No
Bookkeeper;/home/denni/isw2/bookkeeper/hedwig-client-jms/src/main/java/org/apache/hedwig/jms/message/header/JmsHeader.java/getIntValue;4.2.1;2;1;0;0;0;0;1;0;1;0;0;0;0;0;No
Bookkeeper;/home/denni/isw2/bookkeeper/hedwig-client-jms/src/main/java/org/apache/hedwig/jms/message/header/JmsHeader.java/hasLongValue;4.2.1;2;1;0;0;0;0;1;0;1;0;0;0;0;0;No
Bookkeeper;/home/denni/isw2/bookkeeper/hedwig-client-jms/src/main/java/org/apache/hedwig/jms/message/header/JmsHeader.java/getLongValue;4.2.1;2;1;0;0;0;0;1;0;1;0;0;0;0;0;No
Bookkeeper;/home/denni/isw2/bookkeeper/hedwig-client-jms/src/main/java/org/apache/hedwig/jms/message/header/JmsHeader.java/hasFloatValue;4.2.1;2;1;0;0;0;0;1;0;1;0;0;0;0;0;No
Bookkeeper;/home/denni/isw2/bookkeeper/hedwig-client-jms/src/main/java/org/apache/hedwig/jms/message/header/JmsHeader.java/getFloatValue;4.2.1;2;1;0;0;0;0;1;0;1;0;0;0;0;0;No
Bookkeeper;/home/denni/isw2/bookkeeper/hedwig-client-jms/src/main/java/org/apache/hedwig/jms/message/header/JmsHeader.java/hasDoubleValue;4.2.1;2;1;0;0;0;0;1;0;1;0;0;0;0;0;No
Bookkeeper;/home/denni/isw2/bookkeeper/hedwig-client-jms/src/main/java/org/apache/hedwig/jms/message/header/JmsHeader.java/getDoubleValue;4.2.1;2;1;0;0;0;0;1;0;1;0;0;0;0;0;No
Bookkeeper;/home/denni/isw2/bookkeeper/hedwig-client-jms/src/main/java/org/apache/hedwig/jms/message/header/JmsHeader.java/hasStringValue;4.2.1;2;1;0;0;0;0;1;0;1;0;0;0;0;0;No
Bookkeeper;/home/denni/isw2/bookkeeper/hedwig-client-jms/src/main/java/org/apache/hedwig/jms/message/header/JmsHeader.java/getStringValue;4.2.1;8;2;1;0;0;1;2;2;1;0;0;0;0;0;No
Bookkeeper;/home/denni/isw2/bookkeeper/hedwig-client-jms/src/main/java/org/apache/hedwig/jms/message/header/JmsHeader.java/setStringValue;4.2.1;7;2;1;0;1;1;5;0;1;0;0;0;0;0;No
Bookkeeper;/home/denni/isw2/bookkeeper/hedwig-client-jms/src/main/java/org/apache/hedwig/jms/message/header/JmsHeader.java/hasBytesValue;4.2.1;2;1;0;0;0;0;1;0;1;0;0;0;0;0;No
Bookkeeper;/home/denni/isw2/bookkeeper/hedwig-client-jms/src/main/java/org/apache/hedwig/jms/message/header/JmsHeader.java/getBytesValue;4.2.1;2;1;0;0;0;0;1;0;1;0;0;0;0;0;No
Bookkeeper;/home/denni/isw2/bookkeeper/hedwig-client-jms/src/main/java/org/apache/hedwig/jms/message/header/JmsHeader.java/setBytesValue;4.2.1;7;2;1;0;1;1;5;0;1;0;0;0;0;0;No
Bookkeeper;/home/denni/isw2/bookkeeper/hedwig-client-jms/src/main/java/org/apache/hedwig/jms/message/header/JmsHeader.java/clearBytesValue;4.2.1;5;1;0;0;0;0;4;0;1;0;0;0;0;0;No
Bookkeeper;/home/denni/isw2/bookkeeper/hedwig-client-jms/src/main/java/org/apache/hedwig/jms/ConnectionImpl.java/createSessionImpl;4.2.1;18;6;6;0;3;2;2;2;1;0;0;0;0;0;No
Bookkeeper;/home/denni/isw2/bookkeeper/hedwig-client-jms/src/main/java/org/apache/hedwig/jms/ConnectionImpl.java/start;4.2.1;44;12;15;0;0;5;6;4;1;0;0;0;0;0;No
Bookkeeper;/home/denni/isw2/bookkeeper/hedwig-client-jms/src/main/java/org/apache/hedwig/jms/ConnectionImpl.java/stop;4.2.1;40;12;15;0;0;5;6;4;1;0;0;0;0;0;No
Bookkeeper;/home/denni/isw2/bookkeeper/hedwig-client-jms/src/main/java/org/apache/hedwig/jms/ConnectionImpl.java/close;4.2.1;43;13;17;0;0;6;6;4;1;0;0;0;0;0;No
Bookkeeper;/home/denni/isw2/bookkeeper/hedwig-client-jms/src/main/java/org/apache/hedwig/jms/Mutable.java/equals;4.2.1;10;5;4;0;1;1;5;1;1;0;0;0;0;0;No
Bookkeeper;/home/denni/isw2/bookkeeper/hedwig-client-jms/src/main/java/org/apache/hedwig/jms/SessionImpl.java/start;4.2.1;73;21;25;0;0;6;6;7;1;0;0;0;0;0;No
Bookkeeper;/home/denni/isw2/bookkeeper/hedwig-client-jms/src/main/java/org/apache/hedwig/jms/SessionImpl.java/stop;4.2.1;53;16;20;0;0;6;6;6;1;0;0;0;0;0;No
Bookkeeper;/home/denni/isw2/bookkeeper/hedwig-client-jms/src/main/java/org/apache/hedwig/jms/SessionImpl.java/close;4.2.1;57;19;23;0;0;6;9;6;1;1;1;1;2;1;Yes
Bookkeeper;/home/denni/isw2/bookkeeper/hedwig-client-jms/src/main/java/org/apache/hedwig/jms/SessionImpl.java/run;4.2.1;46;15;19;0;0;6;2;4;1;0;0;0;0;0;No
Bookkeeper;/home/denni/isw2/bookkeeper/hedwig-client-jms/src/main/java/org/apache/hedwig/jms/SessionImpl.java/dispatchReceivedMessagesToSubscribers;4.2.1;81;32;35;0;3;5;4;10;1;0;0;0;0;0;No
Bookkeeper;/home/denni/isw2/bookkeeper/hedwig-client-jms/src/main/java/org/apache/hedwig/jms/SessionImpl.java/handleRollbackInDispatch;4.2.1;19;8;8;0;1;2;6;3;1;0;0;0;0;0;No
Bookkeeper;/home/denni/isw2/bookkeeper/hedwig-client-jms/src/main/java/org/apache/hedwig/jms/SessionImpl.java/deliverToListener;4.2.1;30;11;14;0;4;5;2;3;1;0;0;0;0;0;No
Bookkeeper;/home/denni/isw2/bookkeeper/hedwig-client-jms/src/main/java/org/apache/hedwig/jms/SessionImpl.java/registerSubscriber;4.2.1;50;22;25;0;4;5;10;2;1;0;0;0;0;0;No
Bookkeeper;/home/denni/isw2/bookkeeper/hedwig-client-jms/src/main/java/org/apache/hedwig/jms/SessionImpl.java/unregisterSubscriber;4.2.1;15;6;6;0;4;2;4;1;1;0;0;0;0;0;No
Bookkeeper;/home/denni/isw2/bookkeeper/hedwig-client-jms/src/main/java/org/apache/hedwig/jms/SessionImpl.java/doHandleAutomaticMessageAcknowledgement;4.2.1;14;7;9;0;1;4;3;0;1;0;0;0;0;0;No
Bookkeeper;/home/denni/isw2/bookkeeper/hedwig-client-jms/src/main/java/org/apache/hedwig/jms/SessionImpl.java/isTopic;4.2.1;2;1;0;0;0;0;1;0;1;0;0;0;0;0;No
Bookkeeper;/home/denni/isw2/bookkeeper/hedwig-client-jms/src/main/java/org/apache/hedwig/jms/SessionImpl.java/isQueue;4.2.1;2;1;0;0;0;0;1;0;1;0;0;0;0;0;No
Bookkeeper;/home/denni/isw2/bookkeeper/hedwig-client-jms/src/main/java/org/apache/hedwig/jms/SessionImpl.java/equals;4.2.1;12;5;4;0;1;1;6;1;1;0;0;0;0;0;No
Bookkeeper;/home/denni/isw2/bookkeeper/hedwig-client-jms/src/main/java/org/apache/hedwig/jms/SessionImpl.java/isTopic;4.2.1;2;1;0;0;0;0;1;0;1;0;0;0;0;0;No
Bookkeeper;/home/denni/isw2/bookkeeper/hedwig-client-jms/src/main/java/org/apache/hedwig/jms/SessionImpl.java/isQueue;4.2.1;2;1;0;0;0;0;1;0;1;0;0;0;0;0;No
Bookkeeper;/home/denni/isw2/bookkeeper/hedwig-client-jms/src/main/java/org/apache/hedwig/jms/SessionImpl.java/equals;4.2.1;12;5;4;0;1;1;6;1;1;0;0;0;0;0;No
Bookkeeper;/home/denni/isw2/bookkeeper/hedwig-client-jms/src/main/java/org/apache/hedwig/jms/SessionImpl.java/rollback;4.2.1;1;1;0;0;0;0;0;0;1;0;0;0;0;0;No
Bookkeeper;/home/denni/isw2/bookkeeper/hedwig-client-jms/src/main/java/org/apache/hedwig/jms/SessionImpl.java/rollback;4.2.1;16;5;8;0;0;5;1;1;1;0;0;0;0;0;No
Bookkeeper;/home/denni/isw2/bookkeeper/hedwig-client-jms/src/main/java/org/apache/hedwig/jms/SessionImpl.java/commit;4.2.1;7;3;4;0;0;3;1;0;1;0;0;0;0;0;No
Bookkeeper;/home/denni/isw2/bookkeeper/hedwig-client-jms/src/main/java/org/apache/hedwig/jms/SessionImpl.java/recover;4.2.1;27;3;3;0;1;2;1;0;1;0;0;0;0;0;No
Bookkeeper;/home/denni/isw2/bookkeeper/hedwig-client-jms/src/main/java/org/apache/hedwig/jms/SessionImpl.java/recoverForListener;4.2.1;10;3;4;0;0;3;3;1;1;0;0;0;0;0;No
Bookkeeper;/home/denni/isw2/bookkeeper/hedwig-client-jms/src/main/java/org/apache/hedwig/jms/SessionImpl.java/rollbackTransactionState;4.2.1;6;1;0;0;0;0;3;1;1;0;0;0;0;0;No
Bookkeeper;/home/denni/isw2/bookkeeper/hedwig-client-jms/src/main/java/org/apache/hedwig/jms/SessionImpl.java/rollbackTransactionState;4.2.1;9;4;3;0;1;1;4;3;1;0;0;0;0;0;No
Bookkeeper;/home/denni/isw2/bookkeeper/hedwig-client-jms/src/main/java/org/apache/hedwig/jms/SessionImpl.java/commitTransactionState;4.2.1;19;7;9;0;0;4;4;4;1;0;0;0;0;0;No
Bookkeeper;/home/denni/isw2/bookkeeper/hedwig-client-jms/src/main/java/org/apache/hedwig/jms/SessionImpl.java/createSubscriptionToSubscriberMapCopy;4.2.1;5;1;0;0;0;0;4;1;4;0;0;0;0;0;No
Bookkeeper;/home/denni/isw2/bookkeeper/hedwig-client-jms/src/main/java/org/apache/hedwig/jms/SessionImpl.java/getSubscribers;4.2.1;8;3;2;0;1;1;3;0;2;0;0;0;0;0;No
Bookkeeper;/home/denni/isw2/bookkeeper/hedwig-client-jms/src/main/java/org/apache/hedwig/jms/SessionImpl.java/removeSubscriber;4.2.1;26;10;10;0;4;4;3;3;1;0;0;0;0;0;No
Bookkeeper;/home/denni/isw2/bookkeeper/hedwig-client-jms/src/main/java/org/apache/hedwig/jms/SessionImpl.java/createIfMissingAndAdd;4.2.1;11;4;3;0;3;1;6;2;1;0;0;0;0;0;No
Bookkeeper;/home/denni/isw2/bookkeeper/hedwig-client-jms/src/main/java/org/apache/hedwig/jms/jndi/HedwigInitialContextFactory.java/getInitialContext;4.2.1;3;1;0;0;1;0;1;0;1;0;0;0;0;0;No
Bookkeeper;/home/denni/isw2/bookkeeper/hedwig-client/src/main/java/org/apache/hedwig/client/netty/HedwigSubscriber.java/subUnsub;4.2.1;31;11;15;0;4;6;3;4;1;6;40;13;53;3;No
Bookkeeper;/home/denni/isw2/bookkeeper/hedwig-client/src/main/java/org/apache/hedwig/client/netty/HedwigSubscriber.java/asyncSubUnsub;4.2.1;12;5;5;0;6;2;4;3;1;4;24;5;29;2;No
Bookkeeper;/home/denni/isw2/bookkeeper/hedwig-client/src/main/java/org/apache/hedwig/client/netty/HedwigSubscriber.java/isValidSubscriberId;4.2.1;5;2;1;0;2;1;1;0;1;2;5;1;6;2;No
Bookkeeper;/home/denni/isw2/bookkeeper/hedwig-client/src/main/java/org/apache/hedwig/client/netty/HedwigSubscriber.java/startDeliveryWithFilter;4.2.1;7;2;1;0;4;1;5;1;1;5;18;3;21;3;No
Bookkeeper;/home/denni/isw2/bookkeeper/hedwig-client/src/main/java/org/apache/hedwig/client/netty/HedwigSubscriber.java/closeSubscription;4.2.1;11;4;4;0;2;2;2;2;1;1;1;0;1;1;No
Bookkeeper;/home/denni/isw2/bookkeeper/hedwig-client/src/main/java/org/apache/hedwig/client/netty/impl/HChannelHandler.java/messageReceived;4.2.1;37;10;11;0;2;3;12;6;1;1;21;0;21;1;No
Bookkeeper;/home/denni/isw2/bookkeeper/hedwig-client/src/main/java/org/apache/hedwig/client/netty/impl/HChannelHandler.java/checkTimeoutRequest;4.2.1;5;2;1;0;3;1;1;0;1;0;0;0;0;0;No
Bookkeeper;/home/denni/isw2/bookkeeper/hedwig-client/src/main/java/org/apache/hedwig/client/netty/impl/HChannelHandler.java/channelDisconnected;4.2.1;16;5;4;0;2;1;7;2;1;0;0;0;0;0;No
Bookkeeper;/home/denni/isw2/bookkeeper/hedwig-client/src/main/java/org/apache/hedwig/client/netty/impl/HChannelHandler.java/exceptionCaught;4.2.1;4;1;0;0;2;0;2;0;1;0;0;0;0;0;No
Bookkeeper;/home/denni/isw2/bookkeeper/hedwig-client/src/main/java/org/apache/hedwig/client/netty/impl/AbstractHChannelManager.java/submitOpAfterDelay;4.2.1;15;2;2;0;2;2;2;0;1;0;0;0;0;0;No
Bookkeeper;/home/denni/isw2/bookkeeper/hedwig-client/src/main/java/org/apache/hedwig/client/netty/impl/AbstractHChannelManager.java/run;4.2.1;4;1;0;0;0;0;2;0;1;0;0;0;0;0;No
Bookkeeper;/home/denni/isw2/bookkeeper/hedwig-client/src/main/java/org/apache/hedwig/client/netty/impl/AbstractHChannelManager.java/redirectToHost;4.2.1;15;5;5;0;2;2;5;1;1;0;0;0;0;0;No
Bookkeeper;/home/denni/isw2/bookkeeper/hedwig-client/src/main/java/org/apache/hedwig/client/netty/impl/AbstractHChannelManager.java/submitOpThruChannel;4.2.1;8;2;1;0;2;1;4;1;1;0;0;0;0;0;No
Bookkeeper;/home/denni/isw2/bookkeeper/hedwig-client/src/main/java/org/apache/hedwig/client/netty/impl/AbstractHChannelManager.java/submitOpToDefaultServer;4.2.1;4;1;0;0;1;0;2;0;1;0;0;0;0;0;No
Bookkeeper;/home/denni/isw2/bookkeeper/hedwig-client/src/main/java/org/apache/hedwig/client/netty/impl/AbstractHChannelManager.java/onNonSubscriptionChannelDisconnected;4.2.1;18;4;3;0;2;1;6;2;1;0;0;0;0;0;No
Bookkeeper;/home/denni/isw2/bookkeeper/hedwig-client/src/main/java/org/apache/hedwig/client/netty/impl/AbstractHChannelManager.java/sendConsumeRequest;4.2.1;10;2;1;0;3;1;4;2;1;0;0;0;0;0;No
Bookkeeper;/home/denni/isw2/bookkeeper/hedwig-client/src/main/java/org/apache/hedwig/client/netty/impl/AbstractHChannelManager.java/operationComplete;4.2.1;4;2;1;0;1;1;1;0;1;0;0;0;0;0;No
Bookkeeper;/home/denni/isw2/bookkeeper/hedwig-client/src/main/java/org/apache/hedwig/client/netty/impl/AbstractHChannelManager.java/storeTopic2HostMapping;4.2.1;32;7;7;0;2;2;6;3;1;0;0;0;0;0;No
Bookkeeper;/home/denni/isw2/bookkeeper/hedwig-client/src/main/java/org/apache/hedwig/client/netty/impl/AbstractHChannelManager.java/clearAllTopicsForHost;4.2.1;9;3;3;0;1;2;3;2;1;0;0;0;0;0;No
Bookkeeper;/home/denni/isw2/bookkeeper/hedwig-client/src/main/java/org/apache/hedwig/client/netty/impl/AbstractHChannelManager.java/clearHostForTopic;4.2.1;13;5;6;0;2;3;4;2;1;0;0;0;0;0;No
Bookkeeper;/home/denni/isw2/bookkeeper/hedwig-client/src/main/java/org/apache/hedwig/client/netty/impl/ClientChannelPipelineFactory.java/getPipeline;4.2.1;10;2;1;0;0;1;8;1;1;0;0;0;0;0;No
Bookkeeper;/home/denni/isw2/bookkeeper/hedwig-client/src/main/java/org/apache/hedwig/client/netty/impl/AbstractSubscribeResponseHandler.java/handleResponse;4.2.1;48;13;12;0;3;5;2;8;1;2;18;19;37;1;No
Bookkeeper;/home/denni/isw2/bookkeeper/hedwig-client/src/main/java/org/apache/hedwig/client/netty/impl/AbstractSubscribeResponseHandler.java/handleSubscribeMessage;4.2.1;11;3;2;0;1;1;6;3;1;0;0;0;0;0;No
Bookkeeper;/home/denni/isw2/bookkeeper/hedwig-client/src/main/java/org/apache/hedwig/client/netty/impl/AbstractSubscribeResponseHandler.java/asyncMessageDeliver;4.2.1;7;2;1;0;2;1;3;1;1;0;0;0;0;0;No
Bookkeeper;/home/denni/isw2/bookkeeper/hedwig-client/src/main/java/org/apache/hedwig/client/netty/impl/AbstractSubscribeResponseHandler.java/messageConsumed;4.2.1;9;3;2;0;2;1;4;1;1;0;0;0;0;0;No
Bookkeeper;/home/denni/isw2/bookkeeper/hedwig-client/src/main/java/org/apache/hedwig/client/netty/impl/AbstractSubscribeResponseHandler.java/handleSubscriptionEvent;4.2.1;10;3;2;0;3;1;5;2;1;0;0;0;0;0;No
Bookkeeper;/home/denni/isw2/bookkeeper/hedwig-client/src/main/java/org/apache/hedwig/client/netty/impl/AbstractSubscribeResponseHandler.java/processSubscriptionEvent;4.2.1;8;4;1;0;2;1;1;0;1;0;0;0;0;0;No
Bookkeeper;/home/denni/isw2/bookkeeper/hedwig-client/src/main/java/org/apache/hedwig/client/netty/impl/AbstractSubscribeResponseHandler.java/consume;4.2.1;7;2;1;0;2;1;3;1;1;0;0;0;0;0;No
Bookkeeper;/home/denni/isw2/bookkeeper/hedwig-client/src/main/java/org/apache/hedwig/client/netty/impl/AbstractSubscribeResponseHandler.java/onDisconnect;4.2.1;3;1;0;0;2;0;2;0;1;0;0;0;0;0;No
Bookkeeper;/home/denni/isw2/bookkeeper/hedwig-client/src/main/java/org/apache/hedwig/client/netty/impl/DefaultServerChannel.java/submitOp;4.2.1;22;4;3;0;1;1;4;2;1;0;0;0;0;0;No
Bookkeeper;/home/denni/isw2/bookkeeper/hedwig-client/src/main/java/org/apache/hedwig/client/netty/impl/DefaultServerChannel.java/operationComplete;4.2.1;12;3;2;0;1;1;4;0;1;0;0;0;0;0;No
Bookkeeper;/home/denni/isw2/bookkeeper/hedwig-client/src/main/java/org/apache/hedwig/client/netty/impl/ActiveSubscriber.java/startDelivery;4.2.1;31;10;12;0;1;4;5;3;1;0;0;0;0;0;No
Bookkeeper;/home/denni/isw2/bookkeeper/hedwig-client/src/main/java/org/apache/hedwig/client/netty/impl/ActiveSubscriber.java/asyncMessageDeliver;4.2.1;13;3;2;0;1;1;3;0;1;0;0;0;0;0;No
Bookkeeper;/home/denni/isw2/bookkeeper/hedwig-client/src/main/java/org/apache/hedwig/client/netty/impl/ActiveSubscriber.java/updateLastMessageSeqId;4.2.1;10;3;2;0;1;1;5;0;1;0;0;0;0;0;No
Bookkeeper;/home/denni/isw2/bookkeeper/hedwig-client/src/main/java/org/apache/hedwig/client/netty/impl/ActiveSubscriber.java/consume;4.2.1;17;3;2;0;1;1;4;2;1;0;0;0;0;0;No
Bookkeeper;/home/denni/isw2/bookkeeper/hedwig-client/src/main/java/org/apache/hedwig/client/netty/impl/ActiveSubscriber.java/operationComplete;4.2.1;4;2;1;0;1;1;1;0;1;0;0;0;0;0;No
Bookkeeper;/home/denni/isw2/bookkeeper/hedwig-client/src/main/java/org/apache/hedwig/client/netty/impl/ActiveSubscriber.java/messageConsumed;4.2.1;12;4;5;0;1;3;1;0;1;0;0;0;0;0;No
Bookkeeper;/home/denni/isw2/bookkeeper/hedwig-client/src/main/java/org/apache/hedwig/client/netty/impl/ActiveSubscriber.java/resubscribeIfNecessary;4.2.1;21;4;3;0;1;1;10;2;1;1;1;0;1;1;No
Bookkeeper;/home/denni/isw2/bookkeeper/hedwig-client/src/main/java/org/apache/hedwig/client/netty/impl/WriteCallback.java/operationComplete;4.2.1;26;7;8;0;1;3;3;3;1;0;0;0;0;0;No
Bookkeeper;/home/denni/isw2/bookkeeper/hedwig-client/src/main/java/org/apache/hedwig/client/netty/impl/HChannelImpl.java/writePubSubRequest;4.2.1;12;3;3;0;2;2;5;1;1;0;0;0;0;0;No
Bookkeeper;/home/denni/isw2/bookkeeper/hedwig-client/src/main/java/org/apache/hedwig/client/netty/impl/HChannelImpl.java/retryOrFailOp;4.2.1;17;3;3;0;1;2;2;1;1;0;0;0;0;0;No
Bookkeeper;/home/denni/isw2/bookkeeper/hedwig-client/src/main/java/org/apache/hedwig/client/netty/impl/HChannelImpl.java/onChannelConnected;4.2.1;13;3;2;0;1;1;3;2;1;0;0;0;0;0;No
Bookkeeper;/home/denni/isw2/bookkeeper/hedwig-client/src/main/java/org/apache/hedwig/client/netty/impl/HChannelImpl.java/onChannelConnectFailure;4.2.1;9;2;1;0;0;1;3;2;1;0;0;0;0;0;No
Bookkeeper;/home/denni/isw2/bookkeeper/hedwig-client/src/main/java/org/apache/hedwig/client/netty/impl/simple/SimpleHChannelManager.java/onSubscriptionChannelDisconnected;4.2.1;8;2;2;0;2;2;2;1;1;0;0;0;0;0;No
Bookkeeper;/home/denni/isw2/bookkeeper/hedwig-client/src/main/java/org/apache/hedwig/client/netty/impl/simple/SimpleHChannelManager.java/startDelivery;4.2.1;15;6;7;0;3;3;5;2;1;0;0;0;0;0;No
Bookkeeper;/home/denni/isw2/bookkeeper/hedwig-client/src/main/java/org/apache/hedwig/client/netty/impl/simple/SimpleSubscribeResponseHandler.java/messageConsumed;4.2.1;8;3;3;0;1;2;3;0;1;1;16;0;16;1;No
Bookkeeper;/home/denni/isw2/bookkeeper/hedwig-client/src/main/java/org/apache/hedwig/client/netty/impl/simple/SimpleSubscribeResponseHandler.java/hasSubscription;4.2.1;5;2;1;0;1;1;2;0;1;1;6;0;6;1;No
Bookkeeper;/home/denni/isw2/bookkeeper/hedwig-client/src/main/java/org/apache/hedwig/client/netty/impl/simple/SimpleSubscribeResponseHandler.java/handleSubscribeMessage;4.2.1;8;2;1;0;1;1;4;2;1;1;5;10;15;1;No
Bookkeeper;/home/denni/isw2/bookkeeper/hedwig-client/src/main/java/org/apache/hedwig/client/netty/impl/multiplex/MultiplexSubscribeResponseHandler.java/asyncCloseSubscription;4.2.1;19;2;1;0;3;1;5;3;1;2;1;0;1;1;No
Bookkeeper;/home/denni/isw2/bookkeeper/hedwig-client/src/main/java/org/apache/hedwig/client/netty/impl/multiplex/MultiplexHChannelManager.java/onSubscriptionChannelDisconnected;4.2.1;15;5;6;0;2;3;6;3;1;0;0;0;0;0;No
Bookkeeper;/home/denni/isw2/bookkeeper/hedwig-client/src/main/java/org/apache/hedwig/client/netty/impl/multiplex/MultiplexHChannelManager.java/startDelivery;4.2.1;15;6;7;0;3;3;5;2;1;0;0;0;0;0;No
Bookkeeper;/home/denni/isw2/bookkeeper/hedwig-client/src/main/java/org/apache/hedwig/client/netty/impl/ResubscribeCallback.java/operationFinished;4.2.1;10;4;4;0;2;2;2;0;1;0;0;0;0;0;No
Bookkeeper;/home/denni/isw2/bookkeeper/hedwig-client/src/main/java/org/apache/hedwig/client/netty/impl/ResubscribeCallback.java/operationFailed;4.2.1;7;3;2;0;2;1;3;0;1;1;6;0;6;1;No
Bookkeeper;/home/denni/isw2/bookkeeper/hedwig-client/src/main/java/org/apache/hedwig/client/netty/impl/ResubscribeCallback.java/retrySubscribeRequest;4.2.1;6;2;1;0;0;1;4;0;1;0;0;0;0;0;No
Bookkeeper;/home/denni/isw2/bookkeeper/hedwig-client/src/main/java/org/apache/hedwig/client/netty/HedwigPublisher.java/publish;4.2.1;28;10;12;0;2;4;3;4;1;4;17;6;23;3;No
Bookkeeper;/home/denni/isw2/bookkeeper/hedwig-client/src/main/java/org/apache/hedwig/client/netty/NetUtils.java/buildPubSubRequest;4.2.1;37;8;4;0;2;2;11;1;1;2;7;0;7;2;Yes
Bookkeeper;/home/denni/isw2/bookkeeper/hedwig-client/src/main/java/org/apache/hedwig/client/netty/NetUtils.java/buildSubscribeRequest;4.2.1;11;2;1;0;1;1;9;2;1;0;0;0;0;0;No
Bookkeeper;/home/denni/isw2/bookkeeper/hedwig-client/src/main/java/org/apache/hedwig/client/handlers/MessageConsumeCallback.java/run;4.2.1;7;2;1;0;0;1;3;1;1;5;29;22;51;3;No
Bookkeeper;/home/denni/isw2/bookkeeper/hedwig-client/src/main/java/org/apache/hedwig/client/handlers/MessageConsumeCallback.java/operationFinished;4.2.1;7;2;1;0;2;1;4;2;1;4;24;17;41;3;No
Bookkeeper;/home/denni/isw2/bookkeeper/hedwig-client/src/main/java/org/apache/hedwig/client/handlers/PubSubCallback.java/operationFinished;4.2.1;7;1;0;0;2;0;2;0;1;2;2;2;4;1;No
Bookkeeper;/home/denni/isw2/bookkeeper/hedwig-client/src/main/java/org/apache/hedwig/client/handlers/PubSubCallback.java/operationFailed;4.2.1;7;1;0;0;2;0;2;0;1;1;1;2;3;1;No
Bookkeeper;/home/denni/isw2/bookkeeper/hedwig-client/src/main/java/org/apache/hedwig/client/handlers/UnsubscribeResponseHandler.java/handleResponse;4.2.1;19;6;1;0;3;1;1;0;1;4;19;19;38;3;No
Bookkeeper;/home/denni/isw2/bookkeeper/hedwig-client/src/main/java/org/apache/hedwig/client/handlers/PublishResponseHandler.java/handleResponse;4.2.1;16;6;2;0;3;1;1;0;1;4;13;14;27;3;No
Bookkeeper;/home/denni/isw2/bookkeeper/hedwig-client/src/main/java/org/apache/hedwig/client/handlers/AbstractResponseHandler.java/handleResponse;4.2.1;11;1;0;0;3;0;0;0;1;0;0;0;0;0;No
Bookkeeper;/home/denni/isw2/bookkeeper/hedwig-client/src/main/java/org/apache/hedwig/client/handlers/AbstractResponseHandler.java/handleRedirectResponse;4.2.1;49;9;9;0;3;2;13;7;1;0;0;0;0;0;No
Bookkeeper;/home/denni/isw2/bookkeeper/hedwig-client/src/main/java/org/apache/hedwig/client/handlers/CloseSubscriptionResponseHandler.java/handleResponse;4.2.1;19;6;1;0;3;1;1;0;1;0;0;0;0;0;No
Bookkeeper;/home/denni/isw2/bookkeeper/hedwig-client/src/main/java/org/apache/hedwig/client/benchmark/BenchmarkPublisher.java/warmup;4.2.1;17;3;2;0;1;1;10;6;1;4;7;3;10;3;Yes
Bookkeeper;/home/denni/isw2/bookkeeper/hedwig-client/src/main/java/org/apache/hedwig/client/benchmark/BenchmarkPublisher.java/call;4.2.1;31;7;8;0;0;3;14;11;1;3;5;4;9;3;No
Bookkeeper;/home/denni/isw2/bookkeeper/hedwig-client/src/main/java/org/apache/hedwig/client/benchmark/HedwigBenchmark.java/call;4.2.1;28;4;5;0;0;3;14;15;1;2;13;11;24;1;No
Bookkeeper;/home/denni/isw2/bookkeeper/hedwig-client/src/main/java/org/apache/hedwig/client/benchmark/HedwigBenchmark.java/main;4.2.1;31;2;1;0;1;1;22;6;1;1;35;1;36;1;No
Bookkeeper;/home/denni/isw2/bookkeeper/hedwig-client/src/main/java/org/apache/hedwig/client/benchmark/BenchmarkUtils.java/run;4.2.1;9;4;5;0;0;3;1;2;1;1;1;1;2;1;No
Bookkeeper;/home/denni/isw2/bookkeeper/hedwig-client/src/main/java/org/apache/hedwig/client/benchmark/BenchmarkUtils.java/finish;4.2.1;4;1;0;0;1;0;3;0;1;1;1;0;1;1;No
Bookkeeper;/home/denni/isw2/bookkeeper/hedwig-client/src/main/java/org/apache/hedwig/client/benchmark/BenchmarkSubscriber.java/call;4.2.1;28;5;5;0;0;2;8;7;1;5;11;9;20;3;Yes
Bookkeeper;/home/denni/isw2/bookkeeper/hedwig-client/src/main/java/org/apache/hedwig/client/benchmark/BenchmarkSubscriber.java/deliver;4.2.1;12;3;2;0;5;1;6;2;1;2;3;4;7;2;No
Bookkeeper;/home/denni/isw2/bookkeeper/hedwig-client/src/main/java/org/apache/hedwig/client/benchmark/BenchmarkSubscriber.java/multiSub;4.2.1;13;4;4;0;5;2;7;5;1;3;6;2;8;3;Yes
Bookkeeper;/home/denni/isw2/bookkeeper/hedwig-client/src/main/java/org/apache/hedwig/client/data/PubSubData.java/toString;4.2.1;32;14;14;0;0;2;14;4;1;0;0;0;0;0;No
Bookkeeper;/home/denni/isw2/bookkeeper/hedwig-client/src/main/java/org/apache/hedwig/util/PathUtils.java/prefixes;4.2.1;11;3;3;0;1;2;4;3;2;1;3;3;6;1;No
Bookkeeper;/home/denni/isw2/bookkeeper/hedwig-client/src/main/java/org/apache/hedwig/util/PathUtils.java/isPrefix;4.2.1;10;4;4;0;2;2;4;3;1;0;0;0;0;0;No
Bookkeeper;/home/denni/isw2/bookkeeper/hedwig-client/src/main/java/org/apache/hedwig/util/CallbackUtils.java/multiCallback;4.2.1;51;6;7;0;7;3;1;2;2;1;3;3;6;1;No
Bookkeeper;/home/denni/isw2/bookkeeper/hedwig-client/src/main/java/org/apache/hedwig/util/FileUtils.java/deleteDirectory;4.2.1;12;6;6;0;1;2;5;2;1;0;0;0;0;0;No
Bookkeeper;/home/denni/isw2/bookkeeper/hedwig-client/src/main/java/org/apache/hedwig/util/ConcurrencyUtils.java/put;4.2.1;5;2;2;0;2;2;1;0;1;0;0;0;0;0;No
Bookkeeper;/home/denni/isw2/bookkeeper/hedwig-client/src/main/java/org/apache/hedwig/util/ConcurrencyUtils.java/take;4.2.1;5;2;2;0;1;2;1;0;1;0;0;0;0;0;No
Bookkeeper;/home/denni/isw2/bookkeeper/hedwig-client/src/main/java/org/apache/hedwig/util/ConcurrencyUtils.java/await;4.2.1;5;2;2;0;1;2;1;0;1;0;0;0;0;0;No
